# Blender 5.2.0 LTS
# www.blender.org
mtllib Keyttle2.mtl
o Keyttle
v 1.213055 1.587510 0.066869
v 1.188508 1.059539 0.066274
v 1.216341 1.587510 -0.068685
v 1.191794 1.059539 -0.069280
v 0.797878 0.927278 0.049119
v 0.800592 0.927278 -0.062817
v 0.738015 1.018397 0.055352
v 0.674771 1.119982 -0.081816
v 0.669430 1.123118 0.053689
v 0.672717 1.123118 -0.081865
v 0.496368 1.210295 0.049493
v 0.499655 1.210295 -0.086061
v 0.508641 1.468145 0.049790
v 0.511928 1.468145 -0.085764
v 0.813505 1.783934 0.039098
v 0.656793 1.538374 -0.082252
v 0.816126 1.783934 -0.068969
v 0.653506 1.538374 0.053303
v 0.744485 1.673331 -0.080125
v 0.675702 1.572527 0.053841
v 1.016785 1.988805 0.023579
v 1.017944 1.988805 -0.024227
v 1.101765 2.089268 -0.003646
v 0.988024 0.688584 -0.036611
v 0.986830 0.688584 0.012642
v 1.069951 0.590039 -0.004417
v 1.017944 1.988805 -0.024227
v 1.202783 1.832705 0.027021
v 1.203922 1.832705 -0.019955
v 1.016785 1.988805 0.023579
v 0.537991 1.710296 0.050502
v 0.541277 1.710296 -0.085052
v 0.226105 1.501020 -0.092694
v 0.222818 1.501020 0.042861
v 1.213055 1.587510 0.066869
v 1.216341 1.587510 -0.068685
v 0.735006 2.017249 0.029180
v 0.737027 2.017249 -0.054207
v 0.797878 0.927278 0.049119
v 1.073240 1.124346 0.063480
v 0.800592 0.927278 -0.062817
v 1.076351 1.124346 -0.064811
v 0.669430 1.123118 0.053689
v 0.672717 1.123118 -0.081865
v 0.496368 1.210295 0.049493
v 0.499655 1.210295 -0.086061
v 1.497002 0.936754 0.005937
v 1.213055 1.587510 0.066869
v 1.188508 1.059539 0.066274
v 1.521543 1.722565 0.006532
v 1.188508 1.059539 0.066274
v 0.747280 0.691187 0.029477
v 0.986830 0.688584 0.012642
v 1.069951 0.590039 -0.004417
v 0.650099 0.249166 -0.014597
v 1.172748 0.844691 0.019318
v 1.182126 0.833620 0.015824
v 1.497002 0.936754 0.005937
v 1.258476 0.743102 0.000154
v 1.521543 1.722565 0.006532
v 1.202783 1.832705 0.027021
v 1.213055 1.587510 0.066869
v 1.284661 1.929505 0.000789
v 1.016785 1.988805 0.023579
v 0.735006 2.017249 0.029180
v 1.101765 2.089268 -0.003646
v 0.650099 2.483832 -0.014597
v 1.188508 1.059539 0.066274
v 1.078618 1.291600 0.057286
v 1.074771 1.173315 0.063517
v 1.073240 1.124346 0.063480
v 0.797878 0.927278 0.049119
v 1.213055 1.587510 0.066869
v 0.747280 0.691187 0.029477
v 1.085672 1.517256 0.057277
v 0.813505 1.783934 0.039098
v 0.735006 2.017249 0.029180
v 0.532018 0.999583 0.050357
v 0.738015 1.018397 0.055352
v 0.669430 1.123118 0.053689
v 0.496368 1.210295 0.049493
v 0.204604 1.211181 0.042419
v 0.273337 1.357294 0.044085
v 0.508641 1.468145 0.049790
v 0.222818 1.501020 0.042861
v 0.537991 1.710296 0.050502
v 0.653506 1.538374 0.053303
v 0.675702 1.572527 0.053841
v 0.207890 1.211181 -0.093135
v 0.204604 1.211181 0.042419
v 0.276624 1.357294 -0.091469
v 0.273337 1.357294 0.044085
v 0.226105 1.501020 -0.092694
v 0.222818 1.501020 0.042861
v 0.537991 1.710296 0.050502
v 0.735006 2.017249 0.029180
v 0.541277 1.710296 -0.085052
v 0.737027 2.017249 -0.054207
v 0.535304 0.999583 -0.085197
v 0.749301 0.691187 -0.053910
v 0.747280 0.691187 0.029477
v 0.532018 0.999583 0.050357
v 1.174018 0.844691 -0.033034
v 1.258476 0.743102 0.000154
v 1.182126 0.833620 0.015824
v 1.172748 0.844691 0.019318
v 0.656793 1.538374 -0.082252
v 0.816126 1.783934 -0.068969
v 0.744485 1.673331 -0.080125
v 1.203922 1.832705 -0.019955
v 1.202783 1.832705 0.027021
v 1.209732 1.839691 -0.017609
v 1.284661 1.929505 0.000789
v 0.735006 2.017249 0.029180
v 0.650099 2.483832 -0.014597
v 0.737027 2.017249 -0.054207
v 0.747280 0.691187 0.029477
v 0.749301 0.691187 -0.053910
v 0.650099 0.249166 -0.014597
v 1.073240 1.124346 0.063480
v 1.076351 1.124346 -0.064811
v 1.074771 1.173315 0.063517
v 1.078618 1.291600 0.057286
v 1.087521 1.476299 -0.071808
v 1.085672 1.517256 0.057277
v 1.088801 1.517256 -0.071777
v 1.174018 0.844691 -0.033034
v 0.986830 0.688584 0.012642
v 0.988024 0.688584 -0.036611
v 1.172748 0.844691 0.019318
v 0.535304 0.999583 -0.085197
v 0.532018 0.999583 0.050357
v 0.207890 1.211181 -0.093135
v 0.204604 1.211181 0.042419
v 1.188508 1.059539 0.066274
v 1.191794 1.059539 -0.069280
v 0.747280 0.691187 0.029477
v 0.749301 0.691187 -0.053910
v 1.085672 1.517256 0.057277
v 1.088801 1.517256 -0.071777
v 0.508641 1.468145 0.049790
v 0.971541 1.632034 -0.074620
v 0.511928 1.468145 -0.085764
v 0.813505 1.783934 0.039098
v 0.656793 1.538374 -0.082252
v 0.816126 1.783934 -0.068969
v 0.653506 1.538374 0.053303
v 1.521543 1.722565 0.006532
v 1.497002 0.936754 0.005937
v 1.216341 1.587510 -0.068685
v 1.191794 1.059539 -0.069280
v 1.497002 0.936754 0.005937
v 1.174018 0.844691 -0.033034
v 1.191794 1.059539 -0.069280
v 1.258476 0.743102 0.000154
v 0.988024 0.688584 -0.036611
v 0.749301 0.691187 -0.053910
v 1.069951 0.590039 -0.004417
v 0.650099 0.249166 -0.014597
v 1.216341 1.587510 -0.068685
v 0.737027 2.017249 -0.054207
v 1.017944 1.988805 -0.024227
v 1.101765 2.089268 -0.003646
v 0.650099 2.483832 -0.014597
v 1.203922 1.832705 -0.019955
v 1.521543 1.722565 0.006532
v 1.209732 1.839691 -0.017609
v 1.284661 1.929505 0.000789
v 0.749301 0.691187 -0.053910
v 0.535304 0.999583 -0.085197
v 0.800592 0.927278 -0.062817
v 1.191794 1.059539 -0.069280
v 0.674771 1.119982 -0.081816
v 1.076351 1.124346 -0.064811
v 0.672717 1.123118 -0.081865
v 0.499655 1.210295 -0.086061
v 0.207890 1.211181 -0.093135
v 0.276624 1.357294 -0.091469
v 0.511928 1.468145 -0.085764
v 0.226105 1.501020 -0.092694
v 0.541277 1.710296 -0.085052
v 0.656793 1.538374 -0.082252
v 0.816126 1.783934 -0.068969
v 0.737027 2.017249 -0.054207
v 1.216341 1.587510 -0.068685
v 0.971541 1.632034 -0.074620
v 1.087521 1.476299 -0.071808
v 1.088801 1.517256 -0.071777
v -0.188947 1.357294 0.032877
v -0.116927 1.211181 -0.101011
v -0.185660 1.357294 -0.102677
v -0.120214 1.211181 0.034543
v -0.138428 1.501020 0.034102
v -0.135141 1.501020 -0.101452
v -0.649350 2.017249 -0.004385
v -0.450313 1.710296 -0.109094
v -0.647328 2.017249 -0.087772
v -0.453600 1.710296 0.026460
v -0.444341 0.999583 -0.108949
v -0.447627 0.999583 0.026605
v -0.661624 0.691188 -0.004683
v -0.659603 0.691188 -0.088069
v -1.095300 0.833620 -0.039394
v -1.170798 0.743102 -0.058746
v -1.084838 0.844691 -0.087802
v -1.086107 0.844691 -0.035449
v -1.121253 1.839692 -0.074125
v -1.116474 1.832705 -0.029211
v -1.115335 1.832705 -0.076187
v -1.196982 1.929505 -0.059381
v -0.649350 2.017249 -0.004385
v -0.647328 2.017249 -0.087772
v -0.562421 2.483832 -0.043995
v -0.661624 0.691188 -0.004683
v -0.562422 0.249166 -0.043995
v -0.659603 0.691188 -0.088069
v -0.988850 1.124346 0.013483
v -0.985739 1.124346 -0.114808
v -0.990380 1.173316 0.013446
v -0.993921 1.291601 0.007036
v -0.992207 1.331242 -0.114771
v -1.000967 1.517257 0.006685
v -0.997837 1.517257 -0.122369
v -0.996557 1.476299 -0.122338
v -0.929368 1.988805 -0.071441
v -1.116474 1.832705 -0.029211
v -0.930527 1.988805 -0.023634
v -1.115335 1.832705 -0.076187
v -0.450313 1.710296 -0.109094
v -0.453600 1.710296 0.026460
v -0.138428 1.501020 0.034102
v -0.135141 1.501020 -0.101452
v -1.125378 1.587511 -0.125461
v -0.649350 2.017249 -0.004385
v -0.647328 2.017249 -0.087772
v -1.128664 1.587511 0.010093
v -0.997837 1.517257 -0.122369
v -0.725618 1.783934 -0.106350
v -0.880576 1.632034 -0.119526
v -0.988850 1.124346 0.013483
v -0.710401 0.927279 -0.099452
v -0.985739 1.124346 -0.114808
v -0.713115 0.927279 0.012484
v -0.585038 1.123118 0.023274
v -0.581752 1.123118 -0.112281
v -0.411976 1.210295 0.027470
v -0.408690 1.210295 -0.108085
v -1.409321 0.936754 -0.064529
v -1.128664 1.587511 0.010093
v -1.433874 1.722566 -0.065124
v -1.104111 1.059539 0.010688
v -0.982274 0.590039 -0.054175
v -0.562422 0.249166 -0.043995
v -0.661624 0.691188 -0.004683
v -0.900077 0.688584 -0.033107
v -1.104111 1.059539 0.010688
v -1.086107 0.844691 -0.035449
v -1.095300 0.833620 -0.039394
v -1.409321 0.936754 -0.064529
v -1.170798 0.743102 -0.058746
v -1.433874 1.722566 -0.065124
v -1.116474 1.832705 -0.029211
v -1.196982 1.929505 -0.059381
v -1.128664 1.587511 0.010093
v -0.930527 1.988805 -0.023634
v -0.649350 2.017249 -0.004385
v -1.014086 2.089268 -0.054946
v -0.562421 2.483832 -0.043995
v -1.128664 1.587511 0.010093
v -0.990380 1.173316 0.013446
v -0.993921 1.291601 0.007036
v -1.000967 1.517257 0.006685
v -0.728238 1.783934 0.001717
v -1.104111 1.059539 0.010688
v -0.649350 2.017249 -0.004385
v -0.988850 1.124346 0.013483
v -0.713115 0.927279 0.012484
v -0.661624 0.691188 -0.004683
v -0.453600 1.710296 0.026460
v -0.591312 1.572527 0.023121
v -0.569115 1.538374 0.023660
v -0.424251 1.468145 0.027172
v -0.138428 1.501020 0.034102
v -0.188947 1.357294 0.032877
v -0.411976 1.210295 0.027470
v -0.120214 1.211181 0.034543
v -0.447627 0.999583 0.026605
v -0.585038 1.123118 0.023274
v -0.653624 1.018397 0.021611
v -1.125378 1.587511 -0.125461
v -1.128664 1.587511 0.010093
v -1.100824 1.059539 -0.124866
v -1.104111 1.059539 0.010688
v -0.710401 0.927279 -0.099452
v -0.713115 0.927279 0.012484
v -0.653624 1.018397 0.021611
v -0.583807 1.119982 -0.112331
v -0.585038 1.123118 0.023274
v -0.581752 1.123118 -0.112281
v -0.411976 1.210295 0.027470
v -0.408690 1.210295 -0.108085
v -0.424251 1.468145 0.027172
v -0.420964 1.468145 -0.108382
v -0.565829 1.538374 -0.111895
v -0.569115 1.538374 0.023660
v -0.591312 1.572527 0.023121
v -0.653522 1.673332 -0.114021
v -0.728238 1.783934 0.001717
v -0.725618 1.783934 -0.106350
v -1.014086 2.089268 -0.054946
v -0.929368 1.988805 -0.071441
v -0.930527 1.988805 -0.023634
v -0.898883 0.688584 -0.082360
v -0.982274 0.590039 -0.054175
v -0.900077 0.688584 -0.033107
v -1.084838 0.844691 -0.087802
v -0.900077 0.688584 -0.033107
v -1.086107 0.844691 -0.035449
v -0.898883 0.688584 -0.082360
v -0.444341 0.999583 -0.108949
v -0.116927 1.211181 -0.101011
v -0.120214 1.211181 0.034543
v -0.447627 0.999583 0.026605
v -1.100824 1.059539 -0.124866
v -1.104111 1.059539 0.010688
v -0.661624 0.691188 -0.004683
v -0.659603 0.691188 -0.088069
v -0.424251 1.468145 0.027172
v -0.420964 1.468145 -0.108382
v -0.565829 1.538374 -0.111895
v -0.569115 1.538374 0.023660
v -0.728238 1.783934 0.001717
v -0.725618 1.783934 -0.106350
v -0.880576 1.632034 -0.119526
v -1.000967 1.517257 0.006685
v -0.997837 1.517257 -0.122369
v -1.125378 1.587511 -0.125461
v -1.409321 0.936754 -0.064529
v -1.433874 1.722566 -0.065124
v -1.100824 1.059539 -0.124866
v -1.409321 0.936754 -0.064529
v -1.084838 0.844691 -0.087802
v -1.170798 0.743102 -0.058746
v -1.100824 1.059539 -0.124866
v -0.898883 0.688584 -0.082360
v -0.659603 0.691188 -0.088069
v -0.982274 0.590039 -0.054175
v -0.562422 0.249166 -0.043995
v -1.196982 1.929505 -0.059381
v -1.121253 1.839692 -0.074125
v -1.433874 1.722566 -0.065124
v -1.115335 1.832705 -0.076187
v -1.125378 1.587511 -0.125461
v -0.929368 1.988805 -0.071441
v -0.647328 2.017249 -0.087772
v -1.014086 2.089268 -0.054946
v -0.562421 2.483832 -0.043995
v -0.996557 1.476299 -0.122338
v -1.125378 1.587511 -0.125461
v -0.997837 1.517257 -0.122369
v -0.992207 1.331242 -0.114771
v -1.100824 1.059539 -0.124866
v -0.985739 1.124346 -0.114808
v -0.710401 0.927279 -0.099452
v -0.659603 0.691188 -0.088069
v -0.444341 0.999583 -0.108949
v -0.583807 1.119982 -0.112331
v -0.581752 1.123118 -0.112281
v -0.408690 1.210295 -0.108085
v -0.116927 1.211181 -0.101011
v -0.185660 1.357294 -0.102677
v -0.420964 1.468145 -0.108382
v -0.135141 1.501020 -0.101452
v -0.450313 1.710296 -0.109094
v -0.565829 1.538374 -0.111895
v -0.653522 1.673332 -0.114021
v -0.725618 1.783934 -0.106350
v -0.647328 2.017249 -0.087772
v 0.121841 1.572442 -0.090937
v 0.219667 1.355066 -0.025033
v 0.170420 1.355066 -0.128922
v 0.152307 1.572442 -0.026666
v 0.118762 1.572442 0.036052
v 0.165443 1.355066 0.076346
v 0.102788 -1.928981 -0.076039
v 0.179563 -1.874526 -0.026005
v 0.125888 -1.928981 -0.027307
v 0.100453 -1.928981 0.020248
v 0.141498 -1.874526 -0.106307
v 0.137651 -1.874526 0.052357
v 0.109471 -1.133148 -0.081265
v 0.135984 -0.892296 -0.027062
v 0.135156 -1.133148 -0.027082
v 0.106876 -1.133148 0.025792
v 0.110069 -0.892296 -0.081733
v 0.107450 -0.892296 0.026288
v 0.090795 0.439305 -0.066662
v 0.088929 0.439305 0.010301
v 0.110278 0.382006 -0.081896
v 0.107651 0.382006 0.026462
v 0.136275 0.382006 -0.027055
v 0.109259 0.439305 -0.027710
v 0.090109 -0.845060 0.011319
v 0.092023 -0.845060 -0.067622
v 0.090248 -0.682299 0.011440
v 0.092168 -0.682299 -0.067735
v 0.111163 -0.682299 -0.027664
v 0.110962 -0.845060 -0.027669
v 0.092168 -0.682299 -0.067735
v 0.136814 -0.635061 -0.027042
v 0.111163 -0.682299 -0.027664
v 0.090248 -0.682299 0.011440
v 0.110667 -0.635061 -0.082200
v 0.108025 -0.635061 0.026784
v 0.108025 -0.635061 0.026784
v 0.110667 -0.635061 -0.082200
v 0.108599 -0.395851 0.027280
v 0.111265 -0.395851 -0.082668
v 0.137642 -0.395851 -0.027022
v 0.136814 -0.635061 -0.027042
v 0.090795 0.623480 -0.066662
v 0.109259 0.439305 -0.027710
v 0.090795 0.439305 -0.066662
v 0.109259 0.623480 -0.027710
v 0.088929 0.439305 0.010301
v 0.088929 0.623480 0.010301
v 0.121841 1.572442 -0.090937
v 0.121841 1.636452 -0.090937
v 0.152307 1.572442 -0.026666
v 0.152307 1.636452 -0.026666
v 0.118762 1.572442 0.036052
v 0.118762 1.636452 0.036052
v 0.121841 0.715569 -0.090937
v 0.121841 1.222051 -0.090937
v 0.152306 0.715569 -0.026666
v 0.118762 1.222051 0.036052
v 0.152307 1.222051 -0.026666
v 0.118762 0.715569 0.036052
v 0.088929 0.324707 0.010301
v 0.088929 -0.334459 0.010301
v 0.109259 0.324707 -0.027710
v 0.109259 -0.334459 -0.027710
v 0.090795 0.324707 -0.066662
v 0.090795 -0.334459 -0.066662
v 0.090795 -0.334459 -0.066662
v 0.111265 -0.395851 -0.082668
v 0.137642 -0.395851 -0.027022
v 0.109259 -0.334459 -0.027710
v 0.088929 -0.334459 0.010301
v 0.108599 -0.395851 0.027280
v 0.090109 -0.845060 0.011319
v 0.092023 -0.845060 -0.067622
v 0.107450 -0.892296 0.026288
v 0.110069 -0.892296 -0.081733
v 0.135984 -0.892296 -0.027062
v 0.110962 -0.845060 -0.027669
v 0.088929 0.324707 0.010301
v 0.107651 0.382006 0.026462
v 0.136275 0.382006 -0.027055
v 0.109259 0.324707 -0.027710
v 0.090795 0.324707 -0.066662
v 0.110278 0.382006 -0.081896
v 0.109471 -1.133148 -0.081265
v 0.140977 -1.187530 -0.105900
v 0.178842 -1.187530 -0.026023
v 0.135156 -1.133148 -0.027082
v 0.106876 -1.133148 0.025792
v 0.137151 -1.187530 0.051925
v 0.088929 0.623480 0.010301
v 0.118762 0.715569 0.036052
v 0.152306 0.715569 -0.026666
v 0.109259 0.623480 -0.027710
v 0.090795 0.623480 -0.066662
v 0.121841 0.715569 -0.090937
v 0.137651 -1.874526 0.052357
v 0.137151 -1.187530 0.051925
v 0.179563 -1.874526 -0.026005
v 0.178842 -1.187530 -0.026023
v 0.140977 -1.187530 -0.105900
v 0.141498 -1.874526 -0.106307
v 0.121841 1.222051 -0.090937
v 0.219667 1.355066 -0.025033
v 0.152307 1.222051 -0.026666
v 0.118762 1.222051 0.036052
v 0.170420 1.355066 -0.128922
v 0.165443 1.355066 0.076346
v -0.035775 1.636452 0.032305
v 0.040855 1.636452 0.060479
v 0.043032 1.738766 -0.029316
v 0.118762 1.636452 0.036052
v -0.066242 1.636452 -0.031965
v 0.152307 1.636452 -0.026666
v -0.032696 1.636452 -0.094684
v 0.121841 1.636452 -0.090937
v 0.045209 1.636452 -0.119110
v -0.246387 -1.475082 0.004169
v -0.244424 -1.475082 -0.076787
v -0.393789 -1.475082 -0.080408
v -0.395752 -1.475082 0.000548
v -0.500584 -1.730476 -0.082998
v -0.246387 -1.730476 0.004169
v -0.244424 -1.730476 -0.076787
v -0.502547 -1.730476 -0.002042
v -0.422766 -1.219699 -0.000107
v -0.005083 -1.219699 -0.070984
v -0.420803 -1.219699 -0.081063
v -0.007046 -1.219699 0.009972
v 0.118762 1.572442 0.036052
v 0.165443 1.355066 0.076346
v 0.039513 1.355066 0.115830
v 0.040855 1.572442 0.060479
v -0.035775 1.572442 0.032305
v -0.084355 1.355066 0.070290
v 0.100453 -1.928981 0.020248
v 0.137651 -1.874526 0.052357
v 0.040312 -1.874526 0.082877
v 0.041381 -1.928981 0.038770
v -0.016723 -1.928981 0.017407
v -0.055433 -1.874526 0.047675
v 0.106876 -1.133148 0.025792
v 0.107450 -0.892296 0.026288
v 0.041180 -0.892296 0.047067
v 0.041196 -1.133148 0.046386
v -0.023407 -1.133148 0.022633
v -0.024005 -0.892296 0.023101
v -0.004730 0.439305 0.008030
v -0.024213 0.382006 0.023265
v 0.041174 0.382006 0.047304
v 0.041712 0.439305 0.025105
v 0.088929 0.439305 0.010301
v 0.107651 0.382006 0.026462
v -0.005958 -0.845060 0.008990
v -0.006103 -0.682299 0.009104
v 0.041674 -0.682299 0.026669
v 0.041678 -0.845060 0.026504
v 0.090109 -0.845060 0.011319
v 0.090248 -0.682299 0.011440
v 0.090248 -0.682299 0.011440
v 0.108025 -0.635061 0.026784
v 0.041163 -0.635061 0.047747
v 0.041674 -0.682299 0.026669
v -0.006103 -0.682299 0.009104
v -0.024602 -0.635061 0.023568
v -0.024602 -0.635061 0.023568
v -0.025200 -0.395851 0.024036
v 0.041147 -0.395851 0.048428
v 0.041163 -0.635061 0.047747
v 0.108025 -0.635061 0.026784
v 0.108599 -0.395851 0.027280
v -0.214342 -1.666625 0.004946
v -0.007046 -1.219699 0.009972
v -0.214342 -1.411242 0.004946
v -0.246387 -1.347391 0.004169
v -0.422766 -1.219699 -0.000107
v -0.422766 -1.347391 -0.000107
v -0.007046 -1.858167 0.009972
v -0.246387 -1.475082 0.004169
v -0.246387 -1.730476 0.004169
v -0.502547 -1.858167 -0.002042
v -0.502547 -1.730476 -0.002042
v -0.246387 -1.602785 0.004169
v -0.395752 -1.602785 0.000548
v -0.395752 -1.475082 0.000548
v 0.088929 0.439305 0.010301
v 0.088929 0.623480 0.010301
v 0.041712 0.439305 0.025105
v 0.041713 0.623480 0.025105
v -0.004730 0.439305 0.008030
v -0.004730 0.623480 0.008030
v -0.035775 1.636452 0.032305
v 0.118762 1.572442 0.036052
v -0.035775 1.572442 0.032305
v 0.118762 1.636452 0.036052
v 0.040855 1.636452 0.060479
v 0.040855 1.572442 0.060479
v -0.035775 0.715569 0.032305
v -0.035775 1.222051 0.032305
v 0.040855 1.222051 0.060479
v 0.040855 0.715569 0.060479
v 0.118762 1.222051 0.036052
v 0.118762 0.715569 0.036052
v 0.041712 0.324707 0.025105
v -0.004730 -0.334459 0.008030
v 0.041712 -0.334459 0.025105
v -0.004730 0.324707 0.008030
v 0.088929 0.324707 0.010301
v 0.088929 -0.334459 0.010301
v -0.004730 -0.334459 0.008030
v 0.088929 -0.334459 0.010301
v -0.025200 -0.395851 0.024036
v 0.108599 -0.395851 0.027280
v 0.041147 -0.395851 0.048428
v 0.041712 -0.334459 0.025105
v -0.005958 -0.845060 0.008990
v -0.024005 -0.892296 0.023101
v 0.041180 -0.892296 0.047067
v 0.041678 -0.845060 0.026504
v 0.090109 -0.845060 0.011319
v 0.107450 -0.892296 0.026288
v 0.041712 0.324707 0.025105
v 0.041174 0.382006 0.047304
v -0.004730 0.324707 0.008030
v 0.088929 0.324707 0.010301
v -0.024213 0.382006 0.023265
v 0.107651 0.382006 0.026462
v 0.106876 -1.133148 0.025792
v -0.023407 -1.133148 0.022633
v 0.137151 -1.187530 0.051925
v -0.054912 -1.187530 0.047268
v 0.040326 -1.187530 0.082283
v 0.041196 -1.133148 0.046386
v 0.041713 0.623480 0.025105
v 0.040855 0.715569 0.060479
v -0.004730 0.623480 0.008030
v 0.088929 0.623480 0.010301
v -0.035775 0.715569 0.032305
v 0.118762 0.715569 0.036052
v 0.137651 -1.874526 0.052357
v 0.137151 -1.187530 0.051925
v 0.040312 -1.874526 0.082877
v 0.040326 -1.187530 0.082283
v -0.054912 -1.187530 0.047268
v -0.055433 -1.874526 0.047675
v 0.118762 1.222051 0.036052
v 0.165443 1.355066 0.076346
v 0.039513 1.355066 0.115830
v 0.040855 1.222051 0.060479
v -0.035775 1.222051 0.032305
v -0.084355 1.355066 0.070290
v -0.032696 1.572442 -0.094684
v -0.079379 1.355066 -0.134978
v -0.133602 1.355066 -0.033598
v -0.066242 1.572442 -0.031965
v -0.035775 1.572442 0.032305
v -0.084355 1.355066 0.070290
v -0.014389 -1.928981 -0.078880
v -0.016723 -1.928981 0.017407
v -0.051586 -1.874526 -0.110989
v -0.055433 -1.874526 0.047675
v -0.093499 -1.874526 -0.032626
v -0.039824 -1.928981 -0.031324
v -0.020811 -1.133148 -0.084424
v -0.023407 -1.133148 0.022633
v -0.021386 -0.892296 -0.084920
v -0.024005 -0.892296 0.023101
v -0.049920 -0.892296 -0.031569
v -0.049092 -1.133148 -0.031549
v -0.002864 0.439305 -0.068933
v -0.050210 0.382006 -0.031576
v -0.023195 0.439305 -0.030921
v -0.004730 0.439305 0.008030
v -0.021586 0.382006 -0.085093
v -0.024213 0.382006 0.023265
v -0.246387 -1.475082 0.004169
v -0.212379 -1.411242 -0.076010
v -0.244424 -1.475082 -0.076787
v -0.214342 -1.411242 0.004946
v -0.244424 -1.347391 -0.076787
v -0.246387 -1.347391 0.004169
v -0.500584 -1.858167 -0.082998
v -0.502547 -1.858167 -0.002042
v -0.500584 -1.730476 -0.082998
v -0.502547 -1.730476 -0.002042
v -0.005958 -0.845060 0.008990
v -0.025098 -0.682299 -0.030967
v -0.024896 -0.845060 -0.030963
v -0.004044 -0.845060 -0.069951
v -0.006103 -0.682299 0.009104
v -0.004183 -0.682299 -0.070072
v -0.420804 -1.347391 -0.081063
v -0.422766 -1.347391 -0.000107
v -0.420803 -1.219699 -0.081063
v -0.422766 -1.219699 -0.000107
v -0.395752 -1.602785 0.000548
v -0.393789 -1.475082 -0.080408
v -0.393789 -1.602785 -0.080408
v -0.395752 -1.475082 0.000548
v -0.004183 -0.682299 -0.070072
v -0.006103 -0.682299 0.009104
v -0.021959 -0.635061 -0.085416
v -0.024602 -0.635061 0.023568
v -0.050749 -0.635061 -0.031589
v -0.025098 -0.682299 -0.030967
v -0.024602 -0.635061 0.023568
v -0.051578 -0.395851 -0.031609
v -0.050749 -0.635061 -0.031589
v -0.021959 -0.635061 -0.085416
v -0.025200 -0.395851 0.024036
v -0.022534 -0.395851 -0.085912
v -0.002864 0.623480 -0.068933
v -0.002864 0.439305 -0.068933
v -0.023195 0.623480 -0.030921
v -0.004730 0.439305 0.008030
v -0.023195 0.439305 -0.030921
v -0.004730 0.623480 0.008030
v -0.032696 1.636452 -0.094684
v -0.032696 1.572442 -0.094684
v -0.066242 1.636452 -0.031965
v -0.066242 1.572442 -0.031965
v -0.035775 1.636452 0.032305
v -0.035775 1.572442 0.032305
v -0.032696 1.222051 -0.094684
v -0.032696 0.715569 -0.094684
v -0.066242 0.715569 -0.031965
v -0.066242 1.222051 -0.031965
v -0.035775 0.715569 0.032305
v -0.035775 1.222051 0.032305
v -0.004730 -0.334459 0.008030
v -0.004730 0.324707 0.008030
v -0.023195 -0.334459 -0.030921
v -0.023195 0.324707 -0.030921
v -0.002864 -0.334459 -0.068933
v -0.002864 0.324707 -0.068933
v -0.002864 -0.334459 -0.068933
v -0.022534 -0.395851 -0.085912
v -0.051578 -0.395851 -0.031609
v -0.023195 -0.334459 -0.030921
v -0.004730 -0.334459 0.008030
v -0.025200 -0.395851 0.024036
v -0.024896 -0.845060 -0.030963
v -0.049920 -0.892296 -0.031569
v -0.005958 -0.845060 0.008990
v -0.004044 -0.845060 -0.069951
v -0.024005 -0.892296 0.023101
v -0.021386 -0.892296 -0.084920
v -0.004730 0.324707 0.008030
v -0.024213 0.382006 0.023265
v -0.050210 0.382006 -0.031576
v -0.023195 0.324707 -0.030921
v -0.002864 0.324707 -0.068933
v -0.021586 0.382006 -0.085093
v -0.246387 -1.730476 0.004169
v -0.244424 -1.730476 -0.076787
v -0.212379 -1.666625 -0.076010
v -0.214342 -1.666625 0.004946
v -0.244424 -1.602785 -0.076787
v -0.246387 -1.602785 0.004169
v -0.020811 -1.133148 -0.084424
v -0.051085 -1.187530 -0.110557
v -0.092776 -1.187530 -0.032608
v -0.049092 -1.133148 -0.031549
v -0.023407 -1.133148 0.022633
v -0.054912 -1.187530 0.047268
v -0.004730 0.623480 0.008030
v -0.035775 0.715569 0.032305
v -0.066242 0.715569 -0.031965
v -0.023195 0.623480 -0.030921
v -0.002864 0.623480 -0.068933
v -0.032696 0.715569 -0.094684
v -0.054912 -1.187530 0.047268
v -0.055433 -1.874526 0.047675
v -0.093499 -1.874526 -0.032626
v -0.092776 -1.187530 -0.032608
v -0.051085 -1.187530 -0.110557
v -0.051586 -1.874526 -0.110989
v -0.032696 1.222051 -0.094684
v -0.035775 1.222051 0.032305
v -0.079379 1.355066 -0.134978
v -0.084355 1.355066 0.070290
v -0.133602 1.355066 -0.033598
v -0.066242 1.222051 -0.031965
v -0.014389 -1.928981 -0.078880
v -0.016723 -1.928981 0.017407
v -0.039824 -1.928981 -0.031324
v 0.044683 -1.928981 -0.097401
v 0.125888 -1.928981 -0.027307
v 0.102788 -1.928981 -0.076039
v 0.100453 -1.928981 0.020248
v 0.041381 -1.928981 0.038770
v -0.500584 -1.858167 -0.082998
v -0.005083 -1.858167 -0.070984
v -0.007046 -1.858167 0.009972
v -0.502547 -1.858167 -0.002042
v -0.244424 -1.347391 -0.076787
v -0.246387 -1.347391 0.004169
v -0.422766 -1.347391 -0.000107
v -0.420804 -1.347391 -0.081063
v -0.244424 -1.602785 -0.076787
v -0.246387 -1.602785 0.004169
v -0.395752 -1.602785 0.000548
v -0.393789 -1.602785 -0.080408
v 0.121841 1.572442 -0.090937
v 0.170420 1.355066 -0.128922
v 0.046551 1.355066 -0.174462
v 0.045209 1.572442 -0.119110
v -0.032696 1.572442 -0.094684
v -0.079379 1.355066 -0.134978
v 0.102788 -1.928981 -0.076039
v 0.141498 -1.874526 -0.106307
v 0.045752 -1.874526 -0.141508
v 0.044683 -1.928981 -0.097401
v -0.014389 -1.928981 -0.078880
v -0.051586 -1.874526 -0.110989
v 0.109471 -1.133148 -0.081265
v 0.110069 -0.892296 -0.081733
v 0.044884 -0.892296 -0.105698
v 0.044867 -1.133148 -0.105017
v -0.020811 -1.133148 -0.084424
v -0.021386 -0.892296 -0.084920
v -0.002864 0.439305 -0.068933
v -0.021586 0.382006 -0.085093
v 0.044890 0.382006 -0.105937
v 0.044351 0.439305 -0.083736
v 0.090795 0.439305 -0.066662
v 0.110278 0.382006 -0.081896
v -0.004044 -0.845060 -0.069951
v -0.004183 -0.682299 -0.070072
v 0.044389 -0.682299 -0.085301
v 0.044385 -0.845060 -0.085136
v 0.092023 -0.845060 -0.067622
v 0.092168 -0.682299 -0.067735
v 0.092168 -0.682299 -0.067735
v 0.110667 -0.635061 -0.082200
v 0.044900 -0.635061 -0.106380
v 0.044389 -0.682299 -0.085301
v -0.004183 -0.682299 -0.070072
v -0.021959 -0.635061 -0.085416
v -0.021959 -0.635061 -0.085416
v -0.022534 -0.395851 -0.085912
v 0.044917 -0.395851 -0.107061
v 0.044900 -0.635061 -0.106380
v 0.110667 -0.635061 -0.082200
v 0.111265 -0.395851 -0.082668
v -0.500584 -1.858167 -0.082998
v -0.244424 -1.730476 -0.076787
v -0.005083 -1.858167 -0.070984
v -0.500584 -1.730476 -0.082998
v -0.212379 -1.666625 -0.076010
v -0.005083 -1.219699 -0.070984
v -0.212379 -1.411242 -0.076010
v -0.244424 -1.347391 -0.076787
v -0.420803 -1.219699 -0.081063
v -0.420804 -1.347391 -0.081063
v -0.244424 -1.475082 -0.076787
v -0.244424 -1.602785 -0.076787
v -0.393789 -1.475082 -0.080408
v -0.393789 -1.602785 -0.080408
v 0.090795 0.623480 -0.066662
v 0.090795 0.439305 -0.066662
v 0.044351 0.623480 -0.083736
v 0.044351 0.439305 -0.083736
v -0.002864 0.623480 -0.068933
v -0.002864 0.439305 -0.068933
v -0.032696 1.636452 -0.094684
v 0.045209 1.636452 -0.119110
v 0.045209 1.572442 -0.119110
v 0.121841 1.572442 -0.090937
v -0.032696 1.572442 -0.094684
v 0.121841 1.636452 -0.090937
v -0.032696 1.222051 -0.094684
v -0.032696 0.715569 -0.094684
v 0.045209 1.222051 -0.119110
v 0.045209 0.715569 -0.119110
v 0.121841 0.715569 -0.090937
v 0.121841 1.222051 -0.090937
v -0.002864 -0.334459 -0.068933
v -0.002864 0.324707 -0.068933
v 0.090795 0.324707 -0.066662
v 0.044351 -0.334459 -0.083736
v 0.090795 -0.334459 -0.066662
v 0.044351 0.324707 -0.083736
v -0.002864 -0.334459 -0.068933
v 0.044351 -0.334459 -0.083736
v 0.044917 -0.395851 -0.107061
v 0.090795 -0.334459 -0.066662
v -0.022534 -0.395851 -0.085912
v 0.111265 -0.395851 -0.082668
v -0.004044 -0.845060 -0.069951
v -0.021386 -0.892296 -0.084920
v 0.044884 -0.892296 -0.105698
v 0.044385 -0.845060 -0.085136
v 0.092023 -0.845060 -0.067622
v 0.110069 -0.892296 -0.081733
v -0.002864 0.324707 -0.068933
v 0.090795 0.324707 -0.066662
v -0.021586 0.382006 -0.085093
v 0.110278 0.382006 -0.081896
v 0.044890 0.382006 -0.105937
v 0.044351 0.324707 -0.083736
v 0.109471 -1.133148 -0.081265
v 0.045738 -1.187530 -0.140915
v 0.044867 -1.133148 -0.105017
v -0.020811 -1.133148 -0.084424
v 0.140977 -1.187530 -0.105900
v -0.051085 -1.187530 -0.110557
v -0.002864 0.623480 -0.068933
v 0.090795 0.623480 -0.066662
v -0.032696 0.715569 -0.094684
v 0.121841 0.715569 -0.090937
v 0.045209 0.715569 -0.119110
v 0.044351 0.623480 -0.083736
v 0.140977 -1.187530 -0.105900
v 0.141498 -1.874526 -0.106307
v 0.045752 -1.874526 -0.141508
v 0.045738 -1.187530 -0.140915
v -0.051085 -1.187530 -0.110557
v -0.051586 -1.874526 -0.110989
v 0.121841 1.222051 -0.090937
v 0.170420 1.355066 -0.128922
v 0.046551 1.355066 -0.174462
v 0.045209 1.222051 -0.119110
v -0.032696 1.222051 -0.094684
v -0.079379 1.355066 -0.134978
v -0.024689 0.588844 -0.037642
v -0.029968 0.581787 -0.035331
v -0.024898 0.581681 -0.035208
v -0.030265 0.563514 -0.038847
v -0.025246 0.560213 -0.039338
v -0.030317 0.560319 -0.039461
v -0.029759 0.588950 -0.037765
v -0.024599 0.596006 -0.035201
v -0.029670 0.596112 -0.035324
v -0.025246 0.560213 -0.039338
v -0.030801 0.560319 -0.019453
v -0.025731 0.560213 -0.019330
v -0.030317 0.560319 -0.039461
v -0.024599 0.596006 -0.035201
v -0.024884 0.596006 -0.023432
v -0.024679 0.598973 -0.029315
v -0.025182 0.581681 -0.023439
v -0.025093 0.588844 -0.020998
v -0.024898 0.581681 -0.035208
v -0.024689 0.588844 -0.037642
v -0.025246 0.560213 -0.039338
v -0.025731 0.560213 -0.019330
v -0.024884 0.596006 -0.023432
v -0.029954 0.596112 -0.023555
v -0.025093 0.588844 -0.020998
v -0.030163 0.588950 -0.021120
v -0.025182 0.581681 -0.023439
v -0.030253 0.581787 -0.023562
v -0.030720 0.563514 -0.020065
v -0.025731 0.560213 -0.019330
v -0.030801 0.560319 -0.019453
v -0.024599 0.596006 -0.035201
v -0.029670 0.596112 -0.035324
v -0.029743 0.598814 -0.029963
v -0.024679 0.598973 -0.029315
v -0.029751 0.599079 -0.029438
v -0.024679 0.598973 -0.029315
v -0.029768 0.598814 -0.028913
v -0.029751 0.599079 -0.029438
v -0.024884 0.596006 -0.023432
v -0.029954 0.596112 -0.023555
v -0.092820 0.570437 -0.027893
v -0.094468 0.569303 -0.029937
v -0.091381 0.565488 -0.029862
v -0.089941 0.566878 -0.027823
v -0.086256 0.563448 -0.027734
v -0.087439 0.561817 -0.029767
v -0.059070 0.562833 -0.027075
v -0.057908 0.561125 -0.029051
v -0.055355 0.565720 -0.026985
v -0.053924 0.564221 -0.028955
v -0.052126 0.569253 -0.026906
v -0.050375 0.568102 -0.028869
v -0.053171 0.600284 -0.028936
v -0.051553 0.595141 -0.026893
v -0.049788 0.596259 -0.028854
v -0.054664 0.598844 -0.026968
v -0.057022 0.603545 -0.029030
v -0.058255 0.601883 -0.027055
v -0.085443 0.602405 -0.027714
v -0.086557 0.604086 -0.029746
v -0.090648 0.600582 -0.029845
v -0.089269 0.599131 -0.027807
v -0.092293 0.595696 -0.027880
v -0.093891 0.596901 -0.029923
v -0.034542 0.564827 -0.026480
v -0.036091 0.563521 -0.028523
v -0.033879 0.561603 -0.028469
v -0.032839 0.563349 -0.026439
v -0.027931 0.563519 -0.026320
v -0.026707 0.561771 -0.028295
v -0.024691 0.564109 -0.028246
v -0.026517 0.565159 -0.026286
v -0.000695 0.587755 -0.025660
v 0.001229 0.574469 -0.025613
v 0.001475 0.586206 -0.025607
v 0.000404 0.587471 -0.025633
v 0.000989 0.587016 -0.025619
v -0.011053 0.575471 -0.025911
v -0.010782 0.570926 -0.025904
v -0.024009 0.575741 -0.026225
v -0.000264 0.565607 -0.025650
v -0.010258 0.567529 -0.025892
v -0.009608 0.565348 -0.025876
v -0.048437 0.588753 -0.026817
v -0.001325 0.564075 -0.025675
v -0.004344 0.562507 -0.025748
v -0.003298 0.562746 -0.025723
v -0.006132 0.562545 -0.025792
v -0.007525 0.563057 -0.025826
v -0.008780 0.564044 -0.025856
v -0.037036 0.576014 -0.026541
v -0.025395 0.568177 -0.026259
v -0.035771 0.567011 -0.026510
v -0.034542 0.564827 -0.026480
v -0.026517 0.565159 -0.026286
v -0.029720 0.562914 -0.026363
v -0.027931 0.563519 -0.026320
v -0.032839 0.563349 -0.026439
v -0.031921 0.562960 -0.026417
v -0.048766 0.576259 -0.026825
v -0.056655 0.582645 -0.027016
v -0.057027 0.579534 -0.027025
v -0.056897 0.585771 -0.027022
v -0.057999 0.576553 -0.027049
v -0.057744 0.588789 -0.027043
v -0.052126 0.569253 -0.026906
v -0.051553 0.595141 -0.026893
v -0.059533 0.573821 -0.027086
v -0.059164 0.591582 -0.027077
v -0.055355 0.565720 -0.026985
v -0.054664 0.598844 -0.026968
v -0.061571 0.571440 -0.027135
v -0.061099 0.594047 -0.027124
v -0.059070 0.562833 -0.027075
v -0.058255 0.601883 -0.027055
v -0.064034 0.569502 -0.027195
v -0.063479 0.596086 -0.027182
v -0.063224 0.560595 -0.027175
v -0.062311 0.604294 -0.027153
v -0.066828 0.568083 -0.027263
v -0.066212 0.597620 -0.027248
v -0.067688 0.559452 -0.027284
v -0.066738 0.605627 -0.027261
v -0.069845 0.567236 -0.027336
v -0.069190 0.598592 -0.027320
v -0.072510 0.558951 -0.027400
v -0.071635 0.606343 -0.027379
v -0.072968 0.566994 -0.027412
v -0.071789 0.598904 -0.027383
v -0.077885 0.559640 -0.027531
v -0.072300 0.598965 -0.027395
v -0.076079 0.567366 -0.027487
v -0.076548 0.605923 -0.027498
v -0.077713 0.567899 -0.027527
v -0.075425 0.598722 -0.027471
v -0.082030 0.560891 -0.027631
v -0.078441 0.597875 -0.027544
v -0.079058 0.568339 -0.027559
v -0.081226 0.604722 -0.027612
v -0.086256 0.563448 -0.027734
v -0.081235 0.596456 -0.027612
v -0.081789 0.569873 -0.027625
v -0.085443 0.602405 -0.027714
v -0.084169 0.571912 -0.027683
v -0.083697 0.594519 -0.027672
v -0.089941 0.566878 -0.027823
v -0.089269 0.599131 -0.027807
v -0.086106 0.574376 -0.027730
v -0.085735 0.592138 -0.027721
v -0.092820 0.570437 -0.027893
v -0.092293 0.595696 -0.027880
v -0.087525 0.577170 -0.027764
v -0.087269 0.589405 -0.027758
v -0.095333 0.575055 -0.027954
v -0.094997 0.591187 -0.027945
v -0.088373 0.580188 -0.027785
v -0.088243 0.586425 -0.027782
v -0.096468 0.579054 -0.027981
v -0.096296 0.587239 -0.027977
v -0.096744 0.583154 -0.027988
v -0.088614 0.583313 -0.027791
v -0.007034 0.544396 -0.013691
v -0.006958 0.559800 -0.003559
v -0.023496 0.544739 -0.014090
v -0.023421 0.560143 -0.003958
v -0.006074 0.602161 -0.003537
v -0.022536 0.602504 -0.003936
v -0.022253 0.610206 -0.008995
v -0.005791 0.609863 -0.008596
v -0.061159 0.574992 -0.029130
v -0.059533 0.573821 -0.027086
v -0.062935 0.572914 -0.029173
v -0.061571 0.571440 -0.027135
v -0.065084 0.571224 -0.029225
v -0.064034 0.569502 -0.027195
v -0.080572 0.571548 -0.029600
v -0.081789 0.569873 -0.027625
v -0.084169 0.571912 -0.027683
v -0.082647 0.573326 -0.029651
v -0.086106 0.574376 -0.027730
v -0.084336 0.575475 -0.029692
v -0.084014 0.590968 -0.029684
v -0.085735 0.592138 -0.027721
v -0.083697 0.594519 -0.027672
v -0.082236 0.593044 -0.029641
v -0.080089 0.594735 -0.029589
v -0.081235 0.596456 -0.027612
v -0.064600 0.594411 -0.029213
v -0.063479 0.596086 -0.027182
v -0.061099 0.594047 -0.027124
v -0.062524 0.592633 -0.029163
v -0.059164 0.591582 -0.027077
v -0.060835 0.590483 -0.029122
v -0.022536 0.602504 -0.003936
v -0.030215 0.598814 -0.008344
v -0.023421 0.560143 -0.003958
v -0.030951 0.563514 -0.008362
v -0.053171 0.600284 -0.028936
v -0.053105 0.600284 -0.031683
v -0.047038 0.590758 -0.031535
v -0.048273 0.588753 -0.033570
v -0.000531 0.587755 -0.032413
v -0.000301 0.589782 -0.030403
v -0.056956 0.603545 -0.031776
v -0.058091 0.601883 -0.033808
v -0.047105 0.590758 -0.028789
v -0.000367 0.589782 -0.027657
v -0.000695 0.587755 -0.025660
v -0.048437 0.588753 -0.026817
v -0.057022 0.603545 -0.029030
v -0.058255 0.601883 -0.027055
v -0.061440 0.606169 -0.029137
v -0.062311 0.604294 -0.027153
v -0.061373 0.606169 -0.031883
v -0.062149 0.604294 -0.033906
v -0.066234 0.607612 -0.029253
v -0.066738 0.605627 -0.027261
v -0.066167 0.607612 -0.031999
v -0.066560 0.605622 -0.034013
v -0.071062 0.606281 -0.034122
v -0.071544 0.608389 -0.029382
v -0.071635 0.606343 -0.027379
v -0.076548 0.605923 -0.027498
v -0.071477 0.608389 -0.032128
v -0.076759 0.605790 -0.034260
v -0.076829 0.607936 -0.029510
v -0.081226 0.604722 -0.027612
v -0.076762 0.607936 -0.032256
v -0.081864 0.606627 -0.032379
v -0.081862 0.604470 -0.034384
v -0.081931 0.606627 -0.029633
v -0.084694 0.602907 -0.034453
v -0.085443 0.602405 -0.027714
v -0.086490 0.604086 -0.032492
v -0.086557 0.604086 -0.029746
v -0.090648 0.600582 -0.029845
v -0.090582 0.600582 -0.032591
v -0.022253 0.610206 -0.008995
v -0.005791 0.609863 -0.008596
v -0.021272 0.610206 -0.049494
v -0.004809 0.609863 -0.049095
v -0.062869 0.572914 -0.031919
v -0.062935 0.572914 -0.029173
v -0.065084 0.571224 -0.029225
v -0.064034 0.569502 -0.027195
v -0.066828 0.568083 -0.027263
v -0.065018 0.571224 -0.031971
v -0.063870 0.569502 -0.033948
v -0.066664 0.568083 -0.034016
v -0.067521 0.569985 -0.029284
v -0.069845 0.567236 -0.027336
v -0.067455 0.569985 -0.032030
v -0.069681 0.567236 -0.034089
v -0.070152 0.569247 -0.029348
v -0.072968 0.566994 -0.027412
v -0.070085 0.569247 -0.032094
v -0.072805 0.566994 -0.034165
v -0.072877 0.569036 -0.029414
v -0.072811 0.569036 -0.032160
v -0.075590 0.569361 -0.029480
v -0.076079 0.567366 -0.027487
v -0.075524 0.569361 -0.032226
v -0.075916 0.567366 -0.034240
v -0.077620 0.570023 -0.029529
v -0.077713 0.567899 -0.027527
v -0.078121 0.570208 -0.032289
v -0.078894 0.568339 -0.034312
v -0.078188 0.570208 -0.029543
v -0.079058 0.568339 -0.027559
v -0.080572 0.571548 -0.029600
v -0.081789 0.569873 -0.027625
v -0.080505 0.571548 -0.032347
v -0.081626 0.569873 -0.034378
v -0.082647 0.573326 -0.029651
v -0.082581 0.573326 -0.032397
v -0.029978 0.605232 -0.012559
v -0.022253 0.610206 -0.008995
v -0.021272 0.610206 -0.049494
v -0.029160 0.605232 -0.046308
v -0.098179 0.587672 -0.032775
v -0.094833 0.591187 -0.034698
v -0.096132 0.587239 -0.034730
v -0.098736 0.583196 -0.030041
v -0.096296 0.587239 -0.027977
v -0.098245 0.587672 -0.030029
v -0.096744 0.583154 -0.027988
v -0.096468 0.579054 -0.027981
v -0.098669 0.583196 -0.032787
v -0.096580 0.583154 -0.034741
v -0.096304 0.579054 -0.034734
v -0.098432 0.578704 -0.030033
v -0.095333 0.575055 -0.027954
v -0.098365 0.578704 -0.032779
v -0.095170 0.575055 -0.034707
v -0.097177 0.574282 -0.030003
v -0.092820 0.570437 -0.027893
v -0.097111 0.574282 -0.032749
v -0.092656 0.570437 -0.034646
v -0.094468 0.569303 -0.029937
v -0.091381 0.565488 -0.029862
v -0.094401 0.569303 -0.032683
v -0.091314 0.565488 -0.032609
v -0.090648 0.600582 -0.029845
v -0.092293 0.595696 -0.027880
v -0.090582 0.600582 -0.032591
v -0.092129 0.595696 -0.034633
v -0.093891 0.596901 -0.029923
v -0.093824 0.596901 -0.032669
v -0.096741 0.592039 -0.032740
v -0.096807 0.592039 -0.029994
v -0.094997 0.591187 -0.027945
v -0.037681 0.566347 -0.028561
v -0.038693 0.574017 -0.031333
v -0.037615 0.566347 -0.031307
v -0.035609 0.567011 -0.033263
v -0.036873 0.576014 -0.033294
v -0.034378 0.564827 -0.033233
v -0.038759 0.574017 -0.028587
v -0.035771 0.567011 -0.026510
v -0.037036 0.576014 -0.026541
v -0.034542 0.564827 -0.026480
v -0.036091 0.563521 -0.028523
v -0.036025 0.563521 -0.031269
v -0.059753 0.577375 -0.031844
v -0.059819 0.577375 -0.029098
v -0.058906 0.579973 -0.031823
v -0.056863 0.579534 -0.033778
v -0.057835 0.576553 -0.033802
v -0.056491 0.582645 -0.033769
v -0.061092 0.574992 -0.031876
v -0.059370 0.573821 -0.033839
v -0.061159 0.574992 -0.029130
v -0.062869 0.572914 -0.031919
v -0.057999 0.576553 -0.027049
v -0.059533 0.573821 -0.027086
v -0.057027 0.579534 -0.027025
v -0.062935 0.572914 -0.029173
v -0.058973 0.579973 -0.029077
v -0.056655 0.582645 -0.027016
v -0.062458 0.592633 -0.031909
v -0.059000 0.591582 -0.033830
v -0.062524 0.592633 -0.029163
v -0.059164 0.591582 -0.027077
v -0.060835 0.590483 -0.029122
v -0.057744 0.588789 -0.027043
v -0.060769 0.590483 -0.031868
v -0.057580 0.588789 -0.033796
v -0.059597 0.588047 -0.029092
v -0.056897 0.585771 -0.027022
v -0.059530 0.588047 -0.031838
v -0.056733 0.585771 -0.033775
v -0.058858 0.585414 -0.029074
v -0.058792 0.585414 -0.031820
v -0.058648 0.582688 -0.029069
v -0.058581 0.582688 -0.031815
v -0.029978 0.605232 -0.012559
v -0.029716 0.598814 -0.028912
v -0.030215 0.598814 -0.008344
v -0.029902 0.596112 -0.023553
v -0.029697 0.599079 -0.029437
v -0.030111 0.588950 -0.021120
v -0.029160 0.605232 -0.046308
v -0.029690 0.598814 -0.029962
v -0.029192 0.598814 -0.050530
v -0.029616 0.596112 -0.035323
v -0.029707 0.588950 -0.037764
v -0.030951 0.563514 -0.008362
v -0.030201 0.581788 -0.023560
v -0.030667 0.563514 -0.020064
v -0.030749 0.560319 -0.019453
v -0.031014 0.550678 -0.016805
v -0.030264 0.560319 -0.039461
v -0.030401 0.550678 -0.042118
v -0.029929 0.563514 -0.050548
v -0.029916 0.581788 -0.035330
v -0.030212 0.563514 -0.038846
v -0.029978 0.605232 -0.012559
v -0.022536 0.602504 -0.003936
v -0.022253 0.610206 -0.008995
v -0.021272 0.610206 -0.049494
v -0.030215 0.598814 -0.008344
v -0.029160 0.605232 -0.046308
v -0.023421 0.560143 -0.003958
v -0.021310 0.602504 -0.054560
v -0.030951 0.563514 -0.008362
v -0.029192 0.598814 -0.050530
v -0.031014 0.550678 -0.016805
v -0.023496 0.544739 -0.014090
v -0.092656 0.570437 -0.034646
v -0.094401 0.569303 -0.032683
v -0.091314 0.565488 -0.032609
v -0.089778 0.566878 -0.034576
v -0.086092 0.563448 -0.034487
v -0.087372 0.561817 -0.032513
v -0.058906 0.562833 -0.033828
v -0.057841 0.561125 -0.031797
v -0.055193 0.565720 -0.033738
v -0.053858 0.564221 -0.031701
v -0.051962 0.569253 -0.033659
v -0.050309 0.568102 -0.031615
v -0.049721 0.596259 -0.031600
v -0.053105 0.600284 -0.031683
v -0.051389 0.595141 -0.033646
v -0.054500 0.598844 -0.033721
v -0.056956 0.603545 -0.031776
v -0.058091 0.601883 -0.033808
v -0.084694 0.602907 -0.034453
v -0.086490 0.604086 -0.032492
v -0.089105 0.599131 -0.034560
v -0.090582 0.600582 -0.032591
v -0.092129 0.595696 -0.034633
v -0.093824 0.596901 -0.032669
v -0.034378 0.564827 -0.033233
v -0.036025 0.563521 -0.031269
v -0.033813 0.561603 -0.031215
v -0.032675 0.563349 -0.033192
v -0.027768 0.563519 -0.033073
v -0.026640 0.561771 -0.031041
v -0.024624 0.564109 -0.030992
v -0.026353 0.565159 -0.033039
v -0.054500 0.598844 -0.033721
v -0.059000 0.591582 -0.033830
v -0.060936 0.594047 -0.033877
v -0.051389 0.595141 -0.033646
v -0.058091 0.601883 -0.033808
v -0.057580 0.588789 -0.033796
v -0.063315 0.596086 -0.033935
v -0.062149 0.604294 -0.033906
v -0.066048 0.597620 -0.034001
v -0.066560 0.605622 -0.034013
v -0.069027 0.598592 -0.034073
v -0.071062 0.606281 -0.034122
v -0.072137 0.598965 -0.034148
v -0.076759 0.605790 -0.034260
v -0.075261 0.598722 -0.034224
v -0.076916 0.598257 -0.034264
v -0.081862 0.604470 -0.034384
v -0.078277 0.597875 -0.034297
v -0.081071 0.596456 -0.034365
v -0.082044 0.595692 -0.034388
v -0.084694 0.602907 -0.034453
v -0.089105 0.599131 -0.034560
v -0.083533 0.594519 -0.034425
v -0.085571 0.592138 -0.034474
v -0.092129 0.595696 -0.034633
v -0.087106 0.589405 -0.034511
v -0.094833 0.591187 -0.034698
v -0.088079 0.586425 -0.034535
v -0.096132 0.587239 -0.034730
v -0.088450 0.583313 -0.034544
v -0.096580 0.583154 -0.034741
v -0.088209 0.580188 -0.034538
v -0.096304 0.579054 -0.034734
v -0.095170 0.575055 -0.034707
v -0.087361 0.577170 -0.034517
v -0.092656 0.570437 -0.034646
v -0.085943 0.574376 -0.034483
v -0.089778 0.566878 -0.034576
v -0.084006 0.571912 -0.034436
v -0.086092 0.563448 -0.034487
v -0.081626 0.569873 -0.034378
v -0.078894 0.568339 -0.034312
v -0.081976 0.560957 -0.034387
v -0.075916 0.567366 -0.034240
v -0.077340 0.559559 -0.034275
v -0.072805 0.566994 -0.034165
v -0.072478 0.558937 -0.034157
v -0.069681 0.567236 -0.034089
v -0.067524 0.559452 -0.034037
v -0.066664 0.568083 -0.034016
v -0.063060 0.560595 -0.033928
v -0.063870 0.569502 -0.033948
v -0.058906 0.562833 -0.033828
v -0.061408 0.571440 -0.033888
v -0.055193 0.565720 -0.033738
v -0.059370 0.573821 -0.033839
v -0.051962 0.569253 -0.033659
v -0.057835 0.576553 -0.033802
v -0.048602 0.576259 -0.033578
v -0.056863 0.579534 -0.033778
v -0.056491 0.582645 -0.033769
v -0.048273 0.588753 -0.033570
v -0.056733 0.585771 -0.033775
v -0.036873 0.576014 -0.033294
v -0.023845 0.575741 -0.032978
v -0.025231 0.568177 -0.033012
v -0.035609 0.567011 -0.033263
v -0.000531 0.587755 -0.032413
v -0.034378 0.564827 -0.033233
v -0.010889 0.575471 -0.032664
v -0.026353 0.565159 -0.033039
v -0.029557 0.562914 -0.033116
v -0.027768 0.563519 -0.033073
v -0.032675 0.563349 -0.033192
v -0.031758 0.562960 -0.033170
v 0.001393 0.574469 -0.032366
v -0.010619 0.570926 -0.032657
v 0.001637 0.586206 -0.032360
v 0.000568 0.587471 -0.032386
v 0.001153 0.587016 -0.032372
v -0.000100 0.565607 -0.032403
v -0.010095 0.567529 -0.032645
v -0.009445 0.565348 -0.032629
v -0.001161 0.564075 -0.032428
v -0.004180 0.562507 -0.032501
v -0.003136 0.562746 -0.032476
v -0.005968 0.562545 -0.032545
v -0.007362 0.563057 -0.032579
v -0.008616 0.564044 -0.032609
v -0.006298 0.544396 -0.044066
v -0.022761 0.544739 -0.044465
v -0.022193 0.560143 -0.054582
v -0.005731 0.559800 -0.054183
v -0.021310 0.602504 -0.054560
v -0.004848 0.602161 -0.054161
v -0.021272 0.610206 -0.049494
v -0.004809 0.609863 -0.049095
v -0.061092 0.574992 -0.031876
v -0.059370 0.573821 -0.033839
v -0.062869 0.572914 -0.031919
v -0.061408 0.571440 -0.033888
v -0.065018 0.571224 -0.031971
v -0.063870 0.569502 -0.033948
v -0.080505 0.571548 -0.032347
v -0.081626 0.569873 -0.034378
v -0.084006 0.571912 -0.034436
v -0.082581 0.573326 -0.032397
v -0.085943 0.574376 -0.034483
v -0.084269 0.575475 -0.032438
v -0.083947 0.590968 -0.032430
v -0.085571 0.592138 -0.034474
v -0.083533 0.594519 -0.034425
v -0.082169 0.593044 -0.032387
v -0.082148 0.593061 -0.032386
v -0.082044 0.595692 -0.034388
v -0.080022 0.594735 -0.032335
v -0.081071 0.596456 -0.034365
v -0.064533 0.594411 -0.031959
v -0.063315 0.596086 -0.033935
v -0.060936 0.594047 -0.033877
v -0.062458 0.592633 -0.031909
v -0.059000 0.591582 -0.033830
v -0.060769 0.590483 -0.031868
v -0.021310 0.602504 -0.054560
v -0.029192 0.598814 -0.050530
v -0.022193 0.560143 -0.054582
v -0.029929 0.563514 -0.050548
v -0.022761 0.544739 -0.044465
v -0.030401 0.550678 -0.042118
v -0.091381 0.565488 -0.029862
v -0.086256 0.563448 -0.027734
v -0.091314 0.565488 -0.032609
v -0.086092 0.563448 -0.034487
v -0.087439 0.561817 -0.029767
v -0.087372 0.561817 -0.032513
v -0.082923 0.559086 -0.029657
v -0.082030 0.560891 -0.027631
v -0.082857 0.559086 -0.032404
v -0.081976 0.560957 -0.034387
v -0.077880 0.557563 -0.029535
v -0.077885 0.559640 -0.027531
v -0.077814 0.557563 -0.032281
v -0.077340 0.559559 -0.034275
v -0.072618 0.556891 -0.029408
v -0.072510 0.558951 -0.027400
v -0.067688 0.559452 -0.027284
v -0.072551 0.556891 -0.032154
v -0.072478 0.558937 -0.034157
v -0.067524 0.559452 -0.034037
v -0.067280 0.557445 -0.029278
v -0.063224 0.560595 -0.027175
v -0.067214 0.557445 -0.032024
v -0.063060 0.560595 -0.033928
v -0.062430 0.558688 -0.029161
v -0.059070 0.562833 -0.027075
v -0.062364 0.558688 -0.031907
v -0.058906 0.562833 -0.033828
v -0.057908 0.561125 -0.029051
v -0.057841 0.561125 -0.031797
v -0.053924 0.564221 -0.028955
v -0.053858 0.564221 -0.031701
v -0.036091 0.563521 -0.028523
v -0.036025 0.563521 -0.031269
v -0.033879 0.561603 -0.028469
v -0.032839 0.563349 -0.026439
v -0.033813 0.561603 -0.031215
v -0.032675 0.563349 -0.033192
v -0.032307 0.560936 -0.028431
v -0.031921 0.562960 -0.026417
v -0.032241 0.560936 -0.031177
v -0.031758 0.562960 -0.033170
v -0.029358 0.560874 -0.028359
v -0.029720 0.562914 -0.026363
v -0.029291 0.560874 -0.031105
v -0.029557 0.562914 -0.033116
v -0.027931 0.563519 -0.026320
v -0.027768 0.563519 -0.033073
v -0.026707 0.561771 -0.028295
v -0.026640 0.561771 -0.031041
v -0.022208 0.573673 -0.030934
v -0.012854 0.573477 -0.030707
v -0.012920 0.573477 -0.027961
v -0.023845 0.575741 -0.032978
v -0.010889 0.575471 -0.032664
v -0.022274 0.573673 -0.028188
v -0.024009 0.575741 -0.026225
v -0.011053 0.575471 -0.025911
v -0.038759 0.574017 -0.028587
v -0.047384 0.574199 -0.031544
v -0.038693 0.574017 -0.031333
v -0.048602 0.576259 -0.033578
v -0.036873 0.576014 -0.033294
v -0.047450 0.574199 -0.028798
v -0.048766 0.576259 -0.026825
v -0.037036 0.576014 -0.026541
v -0.007034 0.544396 -0.013691
v -0.023496 0.544739 -0.014090
v -0.006298 0.544396 -0.044066
v -0.022761 0.544739 -0.044465
v -0.082169 0.593044 -0.032387
v -0.082148 0.593061 -0.032386
v -0.082236 0.593044 -0.029641
v -0.080089 0.594735 -0.029589
v -0.081235 0.596456 -0.027612
v -0.080022 0.594735 -0.032335
v -0.081071 0.596456 -0.034365
v -0.078441 0.597875 -0.027544
v -0.078277 0.597875 -0.034297
v -0.077584 0.595973 -0.032276
v -0.076916 0.598257 -0.034264
v -0.077650 0.595973 -0.029530
v -0.075425 0.598722 -0.027471
v -0.077008 0.596135 -0.032262
v -0.075261 0.598722 -0.034224
v -0.075020 0.596712 -0.029466
v -0.072300 0.598965 -0.027395
v -0.074953 0.596712 -0.032212
v -0.072137 0.598965 -0.034148
v -0.072294 0.596922 -0.029400
v -0.071789 0.598904 -0.027383
v -0.072228 0.596922 -0.032146
v -0.071785 0.596861 -0.029388
v -0.069514 0.596597 -0.032080
v -0.069027 0.598592 -0.034073
v -0.069581 0.596597 -0.029334
v -0.069190 0.598592 -0.027320
v -0.066917 0.595750 -0.032017
v -0.066048 0.597620 -0.034001
v -0.066983 0.595750 -0.029271
v -0.066212 0.597620 -0.027248
v -0.064533 0.594411 -0.031959
v -0.063315 0.596086 -0.033935
v -0.064600 0.594411 -0.029213
v -0.063479 0.596086 -0.027182
v -0.062458 0.592633 -0.031909
v -0.062524 0.592633 -0.029163
v -0.031014 0.550678 -0.016805
v -0.023496 0.544739 -0.014090
v -0.022761 0.544739 -0.044465
v -0.030401 0.550678 -0.042118
v -0.053924 0.564221 -0.028955
v -0.052126 0.569253 -0.026906
v -0.053858 0.564221 -0.031701
v -0.051962 0.569253 -0.033659
v -0.050375 0.568102 -0.028869
v -0.047450 0.574199 -0.028798
v -0.048766 0.576259 -0.026825
v -0.050309 0.568102 -0.031615
v -0.047384 0.574199 -0.031544
v -0.048602 0.576259 -0.033578
v -0.053171 0.600284 -0.028936
v -0.049721 0.596259 -0.031600
v -0.053105 0.600284 -0.031683
v -0.051389 0.595141 -0.033646
v -0.047038 0.590758 -0.031535
v -0.048273 0.588753 -0.033570
v -0.047105 0.590758 -0.028789
v -0.048437 0.588753 -0.026817
v -0.051553 0.595141 -0.026893
v -0.049788 0.596259 -0.028854
v -0.026707 0.561771 -0.028295
v -0.026640 0.561771 -0.031041
v -0.024624 0.564109 -0.030992
v -0.024691 0.564109 -0.028246
v -0.026517 0.565159 -0.026286
v -0.026353 0.565159 -0.033039
v -0.023380 0.567635 -0.028215
v -0.025395 0.568177 -0.026259
v -0.023314 0.567635 -0.030960
v -0.025231 0.568177 -0.033012
v -0.022274 0.573673 -0.028188
v -0.024009 0.575741 -0.026225
v -0.022208 0.573673 -0.030934
v -0.023845 0.575741 -0.032978
v -0.082647 0.573326 -0.029651
v -0.086106 0.574376 -0.027730
v -0.082581 0.573326 -0.032397
v -0.085943 0.574376 -0.034483
v -0.084269 0.575475 -0.032438
v -0.087361 0.577170 -0.034517
v -0.084336 0.575475 -0.029692
v -0.087525 0.577170 -0.027764
v -0.085508 0.577913 -0.032468
v -0.088209 0.580188 -0.034538
v -0.085575 0.577913 -0.029722
v -0.088373 0.580188 -0.027785
v -0.086247 0.580544 -0.032486
v -0.088450 0.583313 -0.034544
v -0.086313 0.580544 -0.029740
v -0.088614 0.583313 -0.027791
v -0.086458 0.583271 -0.032491
v -0.086525 0.583271 -0.029745
v -0.086133 0.585985 -0.032483
v -0.088079 0.586425 -0.034535
v -0.086199 0.585985 -0.029737
v -0.088243 0.586425 -0.027782
v -0.085285 0.588585 -0.032462
v -0.087106 0.589405 -0.034511
v -0.085352 0.588585 -0.029716
v -0.087269 0.589405 -0.027758
v -0.083947 0.590968 -0.032430
v -0.085571 0.592138 -0.034474
v -0.084014 0.590968 -0.029684
v -0.085735 0.592138 -0.027721
v -0.082169 0.593044 -0.032387
v -0.082236 0.593044 -0.029641
vn 0.9260 0.3768 0.0224
vn 0.9004 -0.4345 0.0218
vn 0.9260 0.3768 0.0225
vn 0.9004 -0.4345 0.0219
vn 0.2127 0.9771 0.0051
vn 0.8342 0.5510 0.0202
vn 0.2126 0.9771 0.0051
vn 0.6667 0.7452 0.0162
vn 0.6666 0.7452 0.0162
vn 0.8641 0.5029 0.0210
vn 0.8342 -0.5510 0.0202
vn 0.1414 -0.9900 0.0034
vn 0.8378 -0.5455 0.0203
vn 0.1259 -0.9920 0.0030
vn 0.6623 -0.7491 0.0161
vn 0.8378 -0.5456 0.0203
vn 0.6623 -0.7491 0.0160
vn 0.7635 -0.6456 0.0185
vn 0.7635 0.6455 0.0185
vn 0.6454 0.7637 0.0156
vn -0.7069 0.7071 -0.0171
vn -0.5509 0.8345 -0.0134
vn 0.2127 0.9771 0.0052
vn -0.8845 0.4661 -0.0215
vn -0.8894 0.4566 -0.0215
vn 0.6666 0.7452 0.0161
vn 0.1915 -0.0066 0.9815
vn 0.1915 -0.0065 0.9815
vn 0.1916 -0.0065 0.9815
vn 0.0803 -0.1562 0.9845
vn 0.0741 0.1372 0.9878
vn 0.0740 0.1372 0.9878
vn 0.0741 0.1371 0.9878
vn -0.0372 -0.0000 0.9993
vn -0.0630 0.0065 0.9980
vn -0.0436 -0.0000 0.9990
vn -0.0242 -0.0065 0.9997
vn -0.0437 -0.0000 0.9990
vn -0.0242 -0.0064 0.9997
vn -0.9049 0.4250 -0.0219
vn -0.9049 0.4251 -0.0219
vn -0.9986 0.0472 -0.0242
vn -0.9436 -0.3303 -0.0229
vn -0.9436 -0.3304 -0.0229
vn -0.7070 0.7070 -0.0172
vn -0.8437 0.5364 -0.0205
vn -0.7070 0.7070 -0.0171
vn -0.6869 -0.7265 -0.0167
vn -0.8183 -0.5745 -0.0198
vn -0.6869 -0.7265 -0.0166
vn -0.7635 -0.6456 -0.0185
vn -0.7635 -0.6455 -0.0185
vn 0.0048 0.0259 -0.9997
vn -0.8379 0.5455 -0.0203
vn 0.0178 0.0130 -0.9998
vn -0.7635 0.6456 -0.0185
vn -0.7635 0.6455 -0.0185
vn -0.9832 -0.1811 -0.0238
vn -0.9752 0.2202 -0.0236
vn -0.9992 0.0316 -0.0242
vn -0.8894 0.4566 -0.0216
vn -0.8845 0.4661 -0.0214
vn -0.9992 0.0312 -0.0242
vn -0.9315 -0.3632 -0.0226
vn -0.9288 -0.3700 -0.0225
vn 0.6454 -0.7637 0.0156
vn -0.5418 -0.8404 -0.0131
vn -0.6869 -0.7266 -0.0167
vn 0.6370 -0.7707 0.0154
vn 0.6369 -0.7708 0.0154
vn -0.9314 -0.3632 -0.0226
vn -0.6992 -0.7147 -0.0170
vn -0.9287 -0.3700 -0.0225
vn 0.1414 -0.9899 0.0034
vn 0.6622 -0.7491 0.0161
vn 0.1260 -0.9920 0.0031
vn 0.6622 -0.7491 0.0160
vn 0.2389 -0.0065 -0.9710
vn 0.1216 -0.1500 -0.9812
vn 0.1216 -0.1499 -0.9812
vn 0.1282 0.1435 -0.9813
vn 0.1282 0.1434 -0.9813
vn 0.0307 0.0064 -0.9995
vn 0.0307 0.0065 -0.9995
vn -0.0016 0.0065 -1.0000
vn 0.0178 0.0129 -0.9998
vn 0.0242 -0.0000 -0.9997
vn 0.0372 -0.0129 -0.9992
vn 0.9986 0.0472 0.0242
vn 0.9049 0.4251 0.0219
vn 0.9049 0.4250 0.0219
vn 0.9436 -0.3303 0.0229
vn 0.9436 -0.3304 0.0229
vn 0.8402 0.5419 0.0204
vn 0.7070 0.7070 0.0172
vn 0.7070 0.7070 0.0171
vn 0.8183 -0.5745 0.0198
vn 0.6870 -0.7265 0.0166
vn 0.6870 -0.7265 0.0167
vn 0.7635 -0.6455 0.0185
vn 0.7635 0.6456 0.0185
vn 0.9832 -0.1811 0.0238
vn 0.9752 0.2202 0.0236
vn 0.8845 0.4660 0.0221
vn 0.9992 0.0316 0.0242
vn 0.8845 0.4661 0.0214
vn 0.9992 0.0312 0.0242
vn 0.9314 -0.3632 0.0230
vn 0.9288 -0.3700 0.0225
vn -0.6454 0.7637 -0.0157
vn -0.6454 0.7637 -0.0156
vn 0.7069 0.7071 0.0171
vn 0.5509 0.8344 0.0134
vn 0.5509 0.8345 0.0134
vn -0.9260 0.3768 -0.0224
vn -0.6666 0.7452 -0.0162
vn -0.9260 0.3768 -0.0225
vn 0.0113 0.0194 -0.9997
vn -0.6992 0.7147 -0.0171
vn 0.0372 0.0065 -0.9993
vn 0.8845 0.4661 0.0215
vn -0.2127 0.9771 -0.0052
vn -0.6666 0.7452 -0.0161
vn -0.8641 0.5029 -0.0210
vn -0.2389 -0.0065 0.9710
vn -0.1279 -0.1562 0.9794
vn -0.1218 0.1372 0.9830
vn -0.1218 0.1371 0.9830
vn 0.0081 -0.0000 1.0000
vn -0.0178 -0.0000 0.9998
vn 0.0732 0.0195 0.9971
vn 0.0275 0.0064 0.9996
vn -0.0243 -0.0064 0.9997
vn -0.9261 0.3767 -0.0223
vn -0.9004 -0.4345 -0.0218
vn -0.9260 0.3767 -0.0225
vn -0.9004 -0.4345 -0.0219
vn -0.8342 0.5510 -0.0202
vn -0.2127 0.9771 -0.0051
vn -0.2126 0.9771 -0.0051
vn -0.8342 0.5511 -0.0202
vn -0.6667 0.7452 -0.0162
vn -0.6667 0.7452 -0.0161
vn -0.8342 -0.5510 -0.0202
vn -0.6623 -0.7491 -0.0161
vn -0.8379 -0.5455 -0.0203
vn -0.8379 -0.5454 -0.0203
vn -0.1414 -0.9900 -0.0034
vn -0.1336 -0.9910 -0.0032
vn -0.6454 -0.7637 -0.0156
vn 0.6869 -0.7266 0.0167
vn 0.5419 -0.8403 0.0131
vn -0.6370 -0.7707 -0.0154
vn -0.6622 -0.7491 -0.0160
vn -0.6622 -0.7491 -0.0161
vn -0.1414 -0.9899 -0.0034
vn 0.6992 -0.7147 0.0170
vn -0.1337 -0.9910 -0.0032
vn 0.9314 -0.3632 0.0226
vn 0.9287 -0.3700 0.0225
vn -0.1916 -0.0065 -0.9815
vn -0.0740 -0.1500 -0.9859
vn -0.0739 -0.1500 -0.9859
vn -0.0739 -0.1499 -0.9859
vn -0.0805 0.1435 -0.9864
vn 0.0630 -0.0065 -0.9980
vn 0.0436 -0.0000 -0.9990
vn 0.0437 -0.0000 -0.9990
vn 0.0242 0.0065 -0.9997
vn 0.0242 0.0064 -0.9997
vn 0.6127 0.2689 -0.7432
vn 0.9538 0.2996 0.0231
vn 0.5537 0.2601 -0.7911
vn 0.5759 0.2689 0.7720
vn 0.5147 0.2601 0.8170
vn 0.5138 -0.6648 -0.5422
vn 0.7109 -0.7031 0.0172
vn 0.4870 -0.6648 0.5665
vn 0.4185 -0.6521 -0.6321
vn 0.3874 -0.6522 0.6516
vn 0.5988 -0.0000 -0.8009
vn 0.9997 -0.0000 0.0242
vn 0.5593 -0.0000 0.8290
vn 0.5982 0.3873 -0.7015
vn 0.5213 0.3823 -0.7630
vn 0.5635 0.3873 0.7297
vn 0.4837 0.3822 0.7873
vn 0.5592 -0.0000 0.8290
vn 0.5867 -0.4402 -0.6797
vn 0.8779 -0.4783 0.0213
vn 0.5531 -0.4402 0.7073
vn 0.5083 -0.4260 -0.7484
vn 0.4714 -0.4260 0.7722
vn 0.9997 -0.0000 0.0243
vn 0.5999 0.3812 -0.7034
vn 0.9079 0.4185 0.0220
vn 0.5279 0.3748 -0.7621
vn 0.9079 0.4186 0.0220
vn 0.5651 0.3812 0.7317
vn 0.4903 0.3748 0.7868
vn 0.5615 0.4266 0.7090
vn 0.4729 0.4202 0.7745
vn 0.5952 0.4266 -0.6809
vn 0.5099 0.4202 -0.7506
vn 0.5635 -0.3873 0.7297
vn 0.9049 -0.4251 0.0219
vn 0.4837 -0.3823 0.7873
vn 0.9049 -0.4250 0.0219
vn 0.5982 -0.3873 -0.7015
vn 0.5213 -0.3823 -0.7630
vn 0.4569 0.5701 -0.6829
vn 0.5474 0.5844 -0.5991
vn 0.7776 0.6285 0.0189
vn 0.7776 0.6284 0.0189
vn 0.5177 0.5844 0.6249
vn 0.4233 0.5700 0.7042
vn 0.4891 -0.3809 0.7847
vn 0.5265 -0.3809 -0.7601
vn 0.9997 -0.0001 0.0242
vn 0.5954 -0.4121 -0.6897
vn 0.8926 -0.4504 0.0216
vn 0.5612 -0.4121 0.7178
vn 0.5150 -0.4042 -0.7559
vn 0.4777 -0.4043 0.7800
vn -0.4065 0.6796 0.6107
vn -0.0182 0.6597 0.7513
vn -0.0000 1.0000 -0.0000
vn 0.3764 0.6796 0.6296
vn -0.6832 0.7301 -0.0166
vn 0.6832 0.7301 0.0166
vn -0.3764 0.6796 -0.6296
vn 0.4065 0.6796 -0.6107
vn 0.0182 0.6597 -0.7513
vn -0.5270 0.8497 -0.0128
vn 0.5146 0.2601 0.8170
vn 0.5759 0.2689 0.7721
vn -0.0235 0.2499 0.9680
vn -0.6126 0.2689 0.7432
vn -0.5536 0.2601 0.7911
vn -0.0188 -0.6306 0.7759
vn 0.4869 -0.6648 0.5666
vn 0.3873 -0.6521 0.6517
vn -0.5138 -0.6648 0.5423
vn -0.4185 -0.6521 0.6321
vn -0.0242 -0.0000 0.9997
vn -0.5987 -0.0000 0.8009
vn -0.0226 0.3600 0.9327
vn -0.5982 0.3873 0.7015
vn -0.5213 0.3822 0.7630
vn 0.4837 0.3823 0.7874
vn -0.5987 -0.0000 0.8010
vn -0.0242 0.0001 0.9997
vn -0.0221 -0.4085 0.9125
vn 0.5531 -0.4402 0.7074
vn 0.4714 -0.4261 0.7722
vn -0.0221 -0.4084 0.9125
vn -0.5867 -0.4402 0.6797
vn -0.5082 -0.4261 0.7484
vn -0.0227 0.3541 0.9349
vn -0.5998 0.3812 0.7035
vn -0.5279 0.3748 0.7621
vn -0.0227 0.3542 0.9349
vn -0.0222 0.3972 0.9174
vn -0.5952 0.4266 0.6810
vn -0.5098 0.4202 0.7507
vn -0.0222 0.3972 0.9175
vn 0.4728 0.4202 0.7745
vn -0.0226 -0.3600 0.9327
vn -0.5982 -0.3873 0.7015
vn -0.5213 -0.3823 0.7630
vn 0.4837 -0.3823 0.7874
vn -0.0202 0.5531 0.8328
vn 0.4232 0.5700 0.7043
vn 0.5176 0.5844 0.6250
vn -0.5473 0.5844 0.5991
vn -0.4568 0.5700 0.6829
vn -0.5265 -0.3809 0.7601
vn 0.4890 -0.3809 0.7847
vn -0.0242 -0.0001 0.9997
vn -0.0224 -0.3829 0.9235
vn 0.4777 -0.4042 0.7800
vn -0.5953 -0.4121 0.6897
vn -0.5149 -0.4043 0.7560
vn -0.9538 0.2996 -0.0231
vn -0.5759 0.2689 -0.7720
vn -0.5147 0.2601 -0.8170
vn -0.6127 0.2689 0.7432
vn -0.5537 0.2601 0.7911
vn -0.4870 -0.6648 -0.5665
vn -0.7108 -0.7032 -0.0172
vn -0.3874 -0.6521 -0.6517
vn -0.5138 -0.6648 0.5422
vn -0.7109 -0.7031 -0.0172
vn -0.5593 -0.0000 -0.8290
vn -0.5592 -0.0000 -0.8290
vn -0.9997 -0.0000 -0.0242
vn -0.5988 -0.0000 0.8009
vn -0.5635 0.3873 -0.7297
vn -0.4837 0.3823 -0.7873
vn -0.5270 0.8498 -0.0128
vn -0.5270 -0.8498 -0.0128
vn -0.9997 0.0001 -0.0242
vn -0.9997 -0.0001 -0.0242
vn -0.4714 -0.4260 -0.7722
vn -0.5531 -0.4402 -0.7073
vn -0.8780 -0.4783 -0.0213
vn -0.5083 -0.4260 0.7484
vn -0.5988 -0.0001 0.8009
vn -0.9079 0.4186 -0.0220
vn -0.5651 0.3812 -0.7317
vn -0.4903 0.3748 -0.7868
vn -0.5999 0.3812 0.7034
vn -0.5952 0.4266 0.6809
vn -0.5615 0.4266 -0.7090
vn -0.5098 0.4202 0.7506
vn -0.4729 0.4202 -0.7745
vn -0.9049 -0.4250 -0.0219
vn -0.5635 -0.3873 -0.7297
vn -0.4837 -0.3823 -0.7873
vn -0.7776 0.6285 -0.0189
vn -0.5177 0.5844 -0.6249
vn -0.4233 0.5700 -0.7042
vn -0.5474 0.5844 0.5991
vn -0.4569 0.5701 0.6829
vn -0.4891 -0.3809 -0.7847
vn -0.4777 -0.4043 -0.7800
vn -0.5612 -0.4121 -0.7178
vn -0.8926 -0.4504 -0.0216
vn -0.5954 -0.4121 0.6897
vn -0.5150 -0.4043 0.7559
vn -0.0000 -1.0000 -0.0000
vn -0.5270 -0.8497 -0.0128
vn 0.0235 0.2499 -0.9680
vn 0.6126 0.2689 -0.7433
vn 0.5536 0.2601 -0.7911
vn 0.0235 0.2498 -0.9680
vn -0.5759 0.2689 -0.7721
vn -0.5146 0.2601 -0.8170
vn 0.5138 -0.6648 -0.5423
vn 0.0188 -0.6306 -0.7759
vn 0.4184 -0.6521 -0.6322
vn -0.4869 -0.6648 -0.5666
vn -0.3873 -0.6521 -0.6517
vn 0.5987 -0.0000 -0.8010
vn 0.0226 0.3600 -0.9327
vn -0.4837 0.3823 -0.7874
vn 0.5987 -0.0000 -0.8009
vn 0.0221 -0.4085 -0.9125
vn 0.5082 -0.4261 -0.7484
vn -0.5531 -0.4402 -0.7074
vn -0.4714 -0.4261 -0.7722
vn -0.5592 -0.0001 -0.8290
vn -0.5650 0.3812 -0.7317
vn 0.0227 0.3542 -0.9349
vn 0.0227 0.3541 -0.9349
vn 0.5998 0.3812 -0.7035
vn 0.0222 0.3973 -0.9174
vn -0.4728 0.4202 -0.7745
vn 0.5952 0.4266 -0.6810
vn 0.5098 0.4202 -0.7507
vn 0.0226 -0.3600 -0.9327
vn -0.4837 -0.3823 -0.7874
vn 0.5473 0.5844 -0.5991
vn 0.0202 0.5531 -0.8328
vn -0.5176 0.5844 -0.6249
vn 0.4568 0.5700 -0.6829
vn -0.4232 0.5700 -0.7042
vn 0.0226 -0.3599 -0.9327
vn -0.4890 -0.3809 -0.7847
vn 0.5982 -0.3873 -0.7016
vn 0.0242 -0.0001 -0.9997
vn 0.0224 -0.3829 -0.9235
vn 0.5149 -0.4043 -0.7559
vn 0.5953 -0.4121 -0.6897
vn -0.4777 -0.4042 -0.7800
vn -0.0242 0.0715 0.9971
vn -0.0303 -0.1887 0.9816
vn -0.0308 -0.7407 0.6711
vn -0.0317 -0.7407 0.6711
vn 0.0236 0.9997 0.0006
vn -0.9994 0.0236 -0.0242
vn 0.0018 -0.7407 -0.6718
vn 0.0008 -0.7407 -0.6719
vn 0.0242 0.0716 -0.9971
vn 0.0242 0.0715 -0.9971
vn 0.0173 -0.1887 -0.9819
vn -0.0262 -0.8908 0.4536
vn -0.0262 -0.8908 0.4535
vn -0.0042 -0.8909 -0.4543
vn -0.0042 -0.8908 -0.4543
vn 0.0018 -0.7408 -0.6718
vn 0.0008 -0.7407 -0.6718
vn -0.6762 -0.6283 0.3847
vn -0.7682 -0.5134 0.3826
vn -0.5307 -0.4774 0.7003
vn -0.4395 -0.5582 0.7038
vn -0.5595 -0.7333 0.3863
vn 0.4892 -0.7678 0.4138
vn 0.4583 -0.5188 0.7217
vn 0.3647 -0.5910 0.7195
vn 0.6106 -0.6740 0.4158
vn 0.5587 -0.3890 0.7325
vn 0.7517 -0.5153 0.4115
vn 0.6416 0.6439 0.4168
vn 0.5698 0.3796 0.7288
vn 0.7609 0.5009 0.4125
vn 0.4801 0.4974 0.7225
vn 0.5207 0.7459 0.4152
vn 0.3940 0.5700 0.7210
vn -0.6534 0.6515 0.3854
vn -0.4123 0.5746 0.7070
vn -0.5317 0.7523 0.3890
vn -0.5092 0.4992 0.7011
vn -0.5854 0.4172 0.6952
vn -0.7493 0.5416 0.3811
vn -0.4928 -0.7826 0.3804
vn -0.5570 -0.4391 0.7049
vn -0.7218 -0.5822 0.3743
vn -0.3846 -0.5905 0.7095
vn 0.7815 -0.4686 0.4118
vn 0.3689 -0.5726 0.7322
vn 0.5057 -0.7614 0.4056
vn 0.5806 -0.3532 0.7336
vn -0.0241 0.0001 0.9997
vn -0.0243 -0.0001 0.9997
vn -0.0244 -0.0002 0.9997
vn -0.0243 0.0001 0.9997
vn -0.0274 -0.8622 0.5058
vn -0.0298 -0.2764 0.9606
vn -0.0299 -0.2764 0.9606
vn -0.0167 0.2764 0.9609
vn -0.0167 0.2763 0.9609
vn 0.0029 0.8622 0.5065
vn 0.0028 0.8622 0.5065
vn -0.6389 0.6598 0.3955
vn -0.5901 0.4011 0.7006
vn -0.7592 0.5201 0.3913
vn -0.4990 0.5032 0.7055
vn -0.5012 0.7677 0.3992
vn -0.3908 0.5889 0.7075
vn 0.4857 0.4817 0.7294
vn 0.3837 0.5729 0.7242
vn 0.5100 0.7495 0.4221
vn 0.6497 0.6291 0.4267
vn 0.5714 0.3735 0.7308
vn 0.7576 0.4914 0.4296
vn 0.7394 -0.5200 0.4276
vn 0.4642 -0.5032 0.7289
vn 0.5555 -0.4011 0.7284
vn 0.6190 -0.6598 0.4260
vn 0.4813 -0.7678 0.4230
vn 0.3560 -0.5889 0.7256
vn -0.5298 -0.7495 0.3969
vn -0.5205 -0.4817 0.7050
vn -0.4183 -0.5729 0.7048
vn -0.6696 -0.6291 0.3948
vn -0.6061 -0.3735 0.7022
vn -0.7775 -0.4914 0.3924
vn -0.5626 0.2088 0.8000
vn -0.5664 -0.2384 0.7889
vn -0.5745 0.2672 0.7737
vn -0.5642 -0.1954 0.8022
vn 0.0316 0.7049 -0.7086
vn 0.3644 0.5436 -0.7561
vn 0.4777 0.7284 -0.4912
vn 0.0325 0.9198 -0.3911
vn 0.4533 0.7284 0.5138
vn 0.0135 0.9198 0.3922
vn -0.0028 0.7049 0.7093
vn 0.3273 0.5437 0.7728
vn 0.6417 0.6439 0.4168
vn 0.6611 0.6439 -0.3852
vn 0.5208 0.7460 0.4151
vn 0.5403 0.7460 -0.3894
vn 0.3584 0.8432 0.4007
vn 0.3939 0.5700 0.7210
vn 0.2626 0.6390 0.7230
vn 0.3774 0.8432 -0.3828
vn 0.4284 0.5700 -0.7011
vn 0.2973 0.6390 -0.7094
vn 0.1891 0.8947 0.4048
vn 0.1343 0.6859 0.7152
vn 0.2085 0.8947 -0.3951
vn 0.1688 0.6859 -0.7078
vn 0.0462 0.6886 -0.7237
vn 0.0208 0.9162 0.4002
vn 0.0042 0.6968 0.7172
vn -0.1327 0.6930 0.7086
vn 0.0329 0.9151 -0.4018
vn -0.1041 0.6800 -0.7258
vn -0.1628 0.9033 0.3968
vn -0.2761 0.6469 0.7108
vn -0.1426 0.9000 -0.4120
vn -0.3202 0.8588 -0.3999
vn -0.2571 0.6567 -0.7090
vn -0.3482 0.8546 0.3852
vn -0.3804 0.5997 -0.7040
vn -0.5199 0.7521 -0.4050
vn -0.5317 0.7524 0.3889
vn -0.6534 0.6516 0.3854
vn -0.6340 0.6515 -0.4166
vn 0.0274 0.8622 -0.5058
vn -0.6389 0.6599 0.3954
vn -0.6190 0.6598 -0.4259
vn -0.5012 0.7678 0.3991
vn -0.3907 0.5889 0.7075
vn -0.2681 0.6522 0.7090
vn -0.4813 0.7678 -0.4229
vn -0.2335 0.6522 -0.7212
vn -0.3560 0.5889 -0.7256
vn -0.3393 0.8504 0.4021
vn -0.1392 0.6881 0.7121
vn -0.3194 0.8504 -0.4181
vn -0.1045 0.6881 -0.7180
vn -0.1710 0.8974 0.4067
vn -0.0030 0.6969 0.7171
vn -0.1511 0.8974 -0.4145
vn 0.0317 0.6969 -0.7164
vn 0.0130 0.9117 0.4107
vn 0.0329 0.9117 -0.4096
vn 0.1894 0.8897 0.4154
vn 0.1333 0.6816 0.7194
vn 0.2093 0.8897 -0.4058
vn 0.1680 0.6817 -0.7121
vn 0.2732 0.8717 0.4069
vn 0.1989 0.6700 0.7152
vn 0.3774 0.8347 -0.4010
vn 0.2973 0.6390 -0.7095
vn 0.3575 0.8347 0.4189
vn 0.5100 0.7495 0.4220
vn 0.3836 0.5730 0.7242
vn 0.5299 0.7495 -0.3968
vn 0.4183 0.5730 -0.7048
vn 0.6696 0.6291 -0.3947
vn -0.6007 0.6721 -0.4329
vn -0.6172 0.7089 0.3414
vn -0.6210 0.6721 0.4033
vn -0.5999 0.7089 -0.3710
vn -0.8895 0.1921 -0.4146
vn -0.6158 0.2879 -0.7334
vn -0.6641 0.1506 -0.7323
vn -0.9258 0.0229 0.3773
vn -0.6988 0.1507 0.6993
vn -0.9054 0.1915 0.3789
vn -0.7184 0.0145 0.6955
vn -0.7053 -0.1218 0.6984
vn -0.9065 0.0228 -0.4217
vn -0.6838 0.0145 -0.7295
vn -0.6706 -0.1218 -0.7317
vn -0.9160 -0.1537 0.3706
vn -0.6629 -0.2654 0.7001
vn -0.8969 -0.1537 -0.4146
vn -0.6282 -0.2654 -0.7314
vn -0.8617 -0.3455 0.3717
vn -0.8426 -0.3455 -0.4130
vn -0.7682 -0.5134 0.3825
vn -0.7487 -0.5134 -0.4193
vn -0.6568 -0.6283 -0.4170
vn -0.7493 0.5415 0.3811
vn -0.6535 0.6515 0.3854
vn -0.7300 0.5415 -0.4170
vn -0.8264 0.3835 -0.4123
vn -0.5510 0.4172 -0.7227
vn -0.8454 0.3835 0.3718
vn -0.6506 0.2879 0.7027
vn -0.8804 -0.2930 0.3728
vn -0.8715 -0.1217 -0.4750
vn -0.8613 -0.2930 -0.4150
vn -0.6433 -0.2226 -0.7326
vn -0.6804 -0.1007 -0.7259
vn -0.5223 -0.4390 -0.7311
vn -0.8935 -0.1218 0.4323
vn -0.6780 -0.2227 0.7005
vn -0.7148 -0.1007 0.6920
vn -0.5571 -0.4390 0.7049
vn -0.7218 -0.5822 0.3742
vn -0.7029 -0.5822 -0.4087
vn -0.8245 0.3676 -0.4302
vn -0.8444 0.3676 0.3897
vn -0.8795 0.1994 -0.4321
vn -0.6641 0.1507 -0.7323
vn -0.6215 0.2800 -0.7317
vn -0.6794 0.0144 -0.7337
vn -0.7394 0.5201 -0.4275
vn -0.5555 0.4010 -0.7284
vn -0.7593 0.5201 0.3912
vn -0.6562 0.2800 0.7007
vn -0.5902 0.4011 0.7006
vn -0.6390 0.6598 0.3954
vn -0.6191 0.6598 -0.4259
vn -0.8994 0.1994 0.3890
vn -0.7141 0.0144 0.6999
vn -0.7776 -0.4914 0.3924
vn -0.6696 -0.6291 0.3947
vn -0.6497 -0.6291 -0.4267
vn -0.6694 -0.2509 0.6992
vn -0.6062 -0.3734 0.7022
vn -0.7576 -0.4914 -0.4296
vn -0.6347 -0.2509 -0.7309
vn -0.5714 -0.3734 -0.7308
vn -0.8601 -0.3294 0.3895
vn -0.7053 -0.1219 0.6983
vn -0.8402 -0.3294 -0.4307
vn -0.6706 -0.1219 -0.7317
vn -0.9071 -0.1611 0.3888
vn -0.8872 -0.1611 -0.4323
vn -0.9214 0.0230 0.3880
vn -0.9015 0.0230 -0.4322
vn -0.9994 0.0235 -0.0243
vn -0.6172 0.7088 0.3415
vn -0.5745 0.2673 0.7737
vn -0.6210 0.6721 0.4034
vn -0.5626 0.2089 0.7999
vn -0.5363 0.2672 -0.8006
vn -0.5999 0.7088 -0.3710
vn -0.6007 0.6721 -0.4330
vn -0.5232 0.2089 -0.8262
vn -0.6545 -0.6607 0.3676
vn -0.5664 -0.2385 0.7889
vn -0.5642 -0.1955 0.8022
vn -0.6534 -0.6515 0.3854
vn -0.6567 -0.6283 -0.4171
vn -0.4961 -0.4774 -0.7252
vn -0.4048 -0.5582 -0.7242
vn -0.5401 -0.7333 -0.4130
vn 0.4927 -0.5188 -0.6986
vn 0.5087 -0.7678 -0.3896
vn 0.3991 -0.5910 -0.7010
vn 0.6300 -0.6740 -0.3857
vn 0.5935 -0.3890 -0.7046
vn 0.7708 -0.5153 -0.3746
vn 0.6045 0.3796 -0.7003
vn 0.6611 0.6438 -0.3853
vn 0.7800 0.5009 -0.3751
vn 0.5146 0.4974 -0.6984
vn 0.5403 0.7459 -0.3895
vn -0.4746 0.4992 -0.7250
vn -0.3805 0.5996 -0.7041
vn -0.5510 0.4173 -0.7227
vn -0.4737 -0.7826 -0.4038
vn -0.7028 -0.5822 -0.4088
vn -0.5222 -0.4390 -0.7311
vn -0.3498 -0.5905 -0.7273
vn 0.4040 -0.5726 -0.7134
vn 0.8006 -0.4686 -0.3734
vn 0.5248 -0.7615 -0.3805
vn 0.6155 -0.3532 -0.7046
vn 0.0242 0.0001 -0.9997
vn 0.0167 -0.2764 -0.9609
vn -0.0029 -0.8622 -0.5065
vn -0.0028 -0.8622 -0.5065
vn 0.0299 0.2764 -0.9606
vn -0.5555 0.4011 -0.7284
vn -0.6190 0.6598 -0.4260
vn -0.7394 0.5201 -0.4276
vn -0.4642 0.5033 -0.7289
vn -0.4813 0.7678 -0.4230
vn 0.5205 0.4817 -0.7050
vn 0.5299 0.7495 -0.3969
vn 0.6696 0.6291 -0.3948
vn 0.6061 0.3735 -0.7022
vn 0.7775 0.4913 -0.3924
vn 0.4989 -0.5032 -0.7056
vn 0.7592 -0.5201 -0.3913
vn 0.5901 -0.4011 -0.7006
vn 0.6389 -0.6598 -0.3955
vn 0.5763 -0.7198 -0.3869
vn 0.4496 -0.5550 -0.6999
vn 0.5012 -0.7678 -0.3991
vn 0.3908 -0.5889 -0.7075
vn -0.4857 -0.4817 -0.7294
vn -0.5100 -0.7495 -0.4221
vn -0.3837 -0.5729 -0.7242
vn -0.6497 -0.6291 -0.4268
vn -0.5714 -0.3735 -0.7308
vn -0.7576 -0.4913 -0.4296
vn -0.5276 -0.2384 -0.8154
vn -0.5231 0.2088 -0.8263
vn -0.5246 -0.1955 -0.8286
vn -0.6359 -0.6607 -0.3989
vn -0.6340 -0.6515 -0.4167
vn -0.6762 -0.6284 0.3847
vn -0.6567 -0.6283 -0.4170
vn -0.5402 -0.7333 -0.4129
vn -0.3864 -0.8386 0.3840
vn -0.2990 -0.6430 0.7051
vn -0.3673 -0.8386 -0.4023
vn -0.2692 -0.6377 -0.7217
vn -0.2011 -0.8960 0.3960
vn -0.1688 -0.6858 0.7079
vn -0.1817 -0.8960 -0.4052
vn -0.1273 -0.6866 -0.7158
vn -0.0250 -0.9165 0.3992
vn -0.0246 -0.6970 0.7167
vn 0.1054 -0.6924 0.7138
vn 0.0018 -0.9200 -0.3920
vn 0.0102 -0.6970 -0.7170
vn 0.1398 -0.6924 -0.7078
vn 0.1508 -0.9023 0.4039
vn 0.2335 -0.6522 0.7212
vn 0.1702 -0.9023 -0.3962
vn 0.2681 -0.6522 -0.7090
vn 0.3201 -0.8589 0.3998
vn 0.3391 -0.8589 -0.3838
vn 0.4892 -0.7678 0.4137
vn 0.5087 -0.7678 -0.3895
vn 0.6106 -0.6741 0.4157
vn 0.6300 -0.6741 -0.3857
vn -0.7028 -0.5822 -0.4087
vn -0.4928 -0.7826 0.3803
vn -0.7218 -0.5823 0.3742
vn -0.4738 -0.7826 -0.4038
vn -0.2017 -0.8992 0.3883
vn -0.1610 -0.6823 0.7131
vn -0.3497 -0.5905 -0.7273
vn -0.1826 -0.8992 -0.3975
vn -0.1263 -0.6823 -0.7201
vn 0.1290 -0.9088 0.3969
vn 0.0903 -0.6892 0.7189
vn 0.1482 -0.9087 -0.3902
vn 0.1250 -0.6892 -0.7137
vn 0.3689 -0.5726 0.7321
vn 0.4039 -0.5726 -0.7134
vn 0.5056 -0.7615 0.4055
vn 0.5247 -0.7615 -0.3805
vn -0.0262 -0.8909 0.4535
vn 0.0028 -0.7049 -0.7093
vn -0.0316 -0.7049 0.7086
vn -0.0316 -0.7050 0.7085
vn -0.0044 -0.8961 -0.4438
vn -0.0259 -0.8961 0.4431
vn 0.5763 -0.7199 -0.3869
vn 0.6190 -0.6598 0.4259
vn 0.6390 -0.6598 -0.3954
vn 0.4813 -0.7678 0.4229
vn 0.3907 -0.5889 -0.7075
vn 0.3393 -0.8504 -0.4021
vn 0.2047 -0.6779 -0.7061
vn 0.3194 -0.8504 0.4181
vn 0.1045 -0.6882 0.7180
vn 0.2553 -0.8823 -0.3955
vn 0.1392 -0.6881 -0.7121
vn 0.1510 -0.8974 0.4146
vn -0.0317 -0.6969 0.7164
vn 0.1710 -0.8974 -0.4067
vn 0.0030 -0.6969 -0.7171
vn -0.0253 -0.9118 0.4098
vn -0.1036 -0.6987 0.7078
vn -0.0054 -0.9118 -0.4106
vn -0.1167 -0.9101 0.3975
vn -0.1894 -0.8897 -0.4154
vn -0.1333 -0.6816 -0.7195
vn -0.2093 -0.8897 0.4058
vn -0.1680 -0.6816 0.7121
vn -0.3575 -0.8347 -0.4189
vn -0.2626 -0.6390 -0.7230
vn -0.3774 -0.8347 0.4010
vn -0.2973 -0.6390 0.7094
vn -0.5100 -0.7495 -0.4220
vn -0.3836 -0.5730 -0.7242
vn -0.5299 -0.7495 0.3968
vn -0.4183 -0.5730 0.7048
vn -0.6497 -0.6292 -0.4267
vn -0.6697 -0.6291 0.3947
vn -0.6545 -0.6607 0.3675
vn -0.6340 -0.6515 -0.4166
vn -0.6359 -0.6607 -0.3988
vn 0.7518 -0.5153 0.4114
vn 0.6106 -0.6740 0.4157
vn 0.7961 -0.3882 0.4642
vn 0.5587 -0.3889 0.7325
vn 0.6172 -0.3029 0.7261
vn 0.7708 -0.5153 -0.3745
vn 0.8176 -0.3883 -0.4251
vn 0.5935 -0.3889 -0.7046
vn 0.6517 -0.3029 -0.6954
vn 0.4776 0.7284 -0.4912
vn 0.5699 0.3796 0.7288
vn 0.3273 0.5436 0.7729
vn 0.7609 0.5009 0.4124
vn 0.5248 -0.7614 -0.3805
vn 0.7816 -0.4686 0.4117
vn 0.5057 -0.7615 0.4055
vn 0.8724 -0.2455 0.4228
vn 0.5807 -0.3531 0.7336
vn 0.6605 -0.1875 0.7271
vn 0.8918 -0.2455 -0.3800
vn 0.6155 -0.3531 -0.7046
vn 0.6949 -0.1875 -0.6942
vn 0.8650 -0.1601 0.4755
vn 0.6744 -0.1297 0.7269
vn 0.8871 -0.1601 -0.4330
vn 0.7088 -0.1297 -0.6934
vn 0.7776 0.4914 -0.3924
vn 0.6694 0.2509 -0.6993
vn 0.6062 0.3734 -0.7022
vn 0.6347 0.2509 0.7309
vn 0.5714 0.3734 0.7308
vn 0.8601 0.3294 -0.3895
vn 0.7053 0.1219 -0.6984
vn 0.8402 0.3294 0.4307
vn 0.6706 0.1219 0.7317
vn 0.9071 0.1610 -0.3889
vn 0.7141 -0.0144 -0.6999
vn 0.8872 0.1610 0.4324
vn 0.6794 -0.0144 0.7337
vn 0.9215 -0.0153 -0.3881
vn 0.9016 -0.0154 0.4323
vn 0.8994 -0.1994 -0.3890
vn 0.6988 -0.1507 -0.6993
vn 0.8795 -0.1994 0.4322
vn 0.6641 -0.1507 0.7323
vn 0.8444 -0.3675 -0.3897
vn 0.6562 -0.2800 -0.7008
vn 0.8245 -0.3675 0.4302
vn 0.6215 -0.2800 0.7317
vn 0.7593 -0.5201 -0.3912
vn 0.5902 -0.4010 -0.7006
vn 0.7394 -0.5201 0.4276
vt -0.591061 1.691480
vt -0.591061 1.637260
vt -0.574113 1.691480
vt -0.574113 1.637260
vt -0.576106 1.623680
vt -0.591061 1.633030
vt -0.590101 1.623680
vt -0.574113 1.643470
vt -0.591061 1.643790
vt -0.574113 1.643790
vt -0.574113 1.652740
vt -0.591061 1.679220
vt -0.591061 1.652740
vt -0.574113 1.679220
vt -0.588801 1.711650
vt -0.574113 1.700290
vt -0.575290 1.711650
vt -0.574113 1.686430
vt -0.591061 1.689940
vt -0.591061 1.686430
vt -0.586246 1.732690
vt -0.580269 1.732690
vt -0.582587 1.743010
vt -0.578813 1.599160
vt -0.584970 1.599160
vt -0.582587 1.589040
vt -0.598367 1.666470
vt -0.617473 1.672310
vt -0.617473 1.666440
vt -0.598367 1.672440
vt -0.549274 1.660310
vt -0.516894 1.660310
vt -0.549274 1.677260
vt -0.516894 1.677260
vt -0.618627 1.660310
vt -0.569449 1.674000
vt -0.618627 1.677260
vt -0.569449 1.663570
vt -0.575954 1.676300
vt -0.604263 1.677260
vt -0.575954 1.662300
vt -0.604263 1.661220
vt -0.562777 1.660310
vt -0.544997 1.677260
vt -0.562777 1.677260
vt -0.544997 1.660310
vt -0.517545 1.624650
vt -0.546547 1.691480
vt -0.549069 1.637260
vt -0.515023 1.705350
vt -0.594464 1.599430
vt -0.569910 1.599160
vt -0.561418 1.589040
vt -0.604552 1.554030
vt -0.550804 1.615190
vt -0.549850 1.614060
vt -0.542049 1.604760
vt -0.547701 1.716660
vt -0.539359 1.726600
vt -0.566807 1.732690
vt -0.595725 1.735610
vt -0.558149 1.743010
vt -0.604552 1.783530
vt -0.560374 1.661090
vt -0.560754 1.648940
vt -0.560911 1.643910
vt -0.589220 1.623680
vt -0.559650 1.684270
vt -0.587640 1.711650
vt -0.616514 1.631100
vt -0.595351 1.633030
vt -0.602397 1.643790
vt -0.620177 1.652740
vt -0.650152 1.652830
vt -0.643090 1.667840
vt -0.618916 1.679220
vt -0.648280 1.682600
vt -0.615901 1.704090
vt -0.604033 1.686430
vt -0.601753 1.689940
vt -0.591061 1.652830
vt -0.574113 1.652830
vt -0.591061 1.667840
vt -0.574113 1.667840
vt -0.591061 1.682600
vt -0.574113 1.682600
vt -0.574113 1.704090
vt -0.577374 1.735610
vt -0.591061 1.704090
vt -0.587800 1.735610
vt -0.591061 1.631100
vt -0.587800 1.599430
vt -0.577374 1.599430
vt -0.574113 1.631100
vt -0.586478 1.615190
vt -0.582587 1.604760
vt -0.580398 1.614060
vt -0.579933 1.615190
vt -0.589884 1.711650
vt -0.591061 1.700290
vt -0.584934 1.716660
vt -0.579061 1.716660
vt -0.584659 1.717380
vt -0.582587 1.726600
vt -0.582587 1.783530
vt -0.582587 1.554030
vt -0.574113 1.648940
vt -0.590153 1.643910
vt -0.574113 1.643910
vt -0.574904 1.661090
vt -0.591061 1.680060
vt -0.574926 1.684270
vt -0.591061 1.684270
vt -0.550804 1.664890
vt -0.569910 1.671170
vt -0.569910 1.665010
vt -0.550804 1.671440
vt -0.650152 1.660310
vt -0.616514 1.660310
vt -0.616514 1.677260
vt -0.650152 1.677260
vt -0.549069 1.677260
vt -0.594464 1.674000
vt -0.549069 1.660310
vt -0.594464 1.663570
vt -0.559650 1.676440
vt -0.571697 1.660310
vt -0.559650 1.660310
vt -0.587640 1.675000
vt -0.604033 1.660310
vt -0.618916 1.677260
vt -0.618916 1.660310
vt -0.587640 1.661490
vt -0.604033 1.677260
vt -0.650152 1.705350
vt -0.647630 1.624650
vt -0.618627 1.691480
vt -0.616105 1.637260
vt -0.614370 1.615190
vt -0.623125 1.604760
vt -0.595264 1.599160
vt -0.570710 1.599430
vt -0.603756 1.589040
vt -0.560622 1.554030
vt -0.569449 1.735610
vt -0.598367 1.732690
vt -0.607025 1.743010
vt -0.560622 1.783530
vt -0.617473 1.716660
vt -0.618076 1.717380
vt -0.625815 1.726600
vt -0.548660 1.631100
vt -0.575954 1.623680
vt -0.562988 1.643470
vt -0.604263 1.643910
vt -0.562777 1.643790
vt -0.544997 1.652740
vt -0.515023 1.652830
vt -0.522084 1.667840
vt -0.546258 1.679220
vt -0.516894 1.682600
vt -0.549274 1.704090
vt -0.561141 1.686430
vt -0.577534 1.711650
vt -0.593477 1.696050
vt -0.605393 1.680060
vt -0.605524 1.684270
vt -0.054669 -0.227147
vt -0.037721 -0.242152
vt -0.037721 -0.227147
vt -0.054669 -0.242152
vt -0.054669 -0.212387
vt -0.037721 -0.212387
vt -0.051408 -0.159370
vt -0.037721 -0.190894
vt -0.040982 -0.159370
vt -0.054669 -0.190894
vt -0.051408 -0.295555
vt -0.037721 -0.263883
vt -0.054669 -0.263883
vt -0.040982 -0.295555
vt -0.048384 -0.280928
vt -0.046195 -0.290224
vt -0.042304 -0.279791
vt -0.048849 -0.279791
vt -0.044123 -0.177605
vt -0.049721 -0.178323
vt -0.043848 -0.178323
vt -0.046195 -0.168382
vt -0.046195 -0.111453
vt -0.046195 -0.340950
vt -0.038629 -0.251070
vt -0.054669 -0.246041
vt -0.054669 -0.251070
vt -0.053878 -0.233893
vt -0.038654 -0.229822
vt -0.053856 -0.210719
vt -0.037721 -0.214925
vt -0.037721 -0.210719
vt -0.030415 -0.228519
vt -0.011309 -0.222676
vt -0.030415 -0.222542
vt -0.011309 -0.228549
vt -0.079508 -0.217728
vt -0.111888 -0.217728
vt -0.079508 -0.234675
vt -0.111888 -0.234675
vt -0.010155 -0.234675
vt -0.059333 -0.220989
vt -0.059333 -0.231414
vt -0.010155 -0.217728
vt -0.051248 -0.233498
vt -0.035305 -0.234675
vt -0.023258 -0.234675
vt -0.024519 -0.217728
vt -0.052828 -0.232683
vt -0.024519 -0.233767
vt -0.052828 -0.218688
vt -0.066005 -0.234675
vt -0.066005 -0.217728
vt -0.083785 -0.217728
vt -0.083785 -0.234675
vt -0.111237 -0.270336
vt -0.082235 -0.203504
vt -0.113759 -0.189633
vt -0.079713 -0.257726
vt -0.067364 -0.305943
vt -0.024230 -0.340950
vt -0.034318 -0.295555
vt -0.058872 -0.295823
vt -0.077978 -0.279791
vt -0.078932 -0.280928
vt -0.086732 -0.290224
vt -0.081081 -0.178323
vt -0.089423 -0.168382
vt -0.061975 -0.162291
vt -0.033057 -0.159370
vt -0.070633 -0.151973
vt -0.024230 -0.111453
vt -0.068028 -0.246041
vt -0.068408 -0.233893
vt -0.069132 -0.210719
vt -0.041142 -0.183331
vt -0.067871 -0.251070
vt -0.039562 -0.271309
vt -0.012881 -0.190894
vt -0.027029 -0.205042
vt -0.024749 -0.208550
vt -0.009866 -0.215763
vt 0.019498 -0.212387
vt 0.014308 -0.227147
vt -0.008605 -0.242243
vt 0.021370 -0.242152
vt -0.012268 -0.263883
vt -0.026385 -0.251196
vt -0.033431 -0.261951
vt -0.054669 -0.203504
vt -0.054669 -0.257726
vt -0.037721 -0.203504
vt -0.037721 -0.257726
vt -0.037721 -0.261951
vt -0.052676 -0.271309
vt -0.038681 -0.271309
vt -0.054669 -0.251518
vt -0.037721 -0.251196
vt -0.054669 -0.251196
vt -0.054669 -0.242243
vt -0.037721 -0.242243
vt -0.037721 -0.215763
vt -0.054669 -0.215763
vt -0.054669 -0.208550
vt -0.037721 -0.208550
vt -0.037721 -0.205042
vt -0.054669 -0.194690
vt -0.039981 -0.183331
vt -0.053492 -0.183331
vt -0.046195 -0.151973
vt -0.048512 -0.162291
vt -0.042535 -0.162291
vt -0.049969 -0.295823
vt -0.046195 -0.305943
vt -0.043812 -0.295823
vt -0.077978 -0.230093
vt -0.058872 -0.223818
vt -0.077978 -0.223547
vt -0.058872 -0.229976
vt -0.012268 -0.234675
vt 0.021370 -0.234675
vt 0.021370 -0.217728
vt -0.012268 -0.217728
vt -0.079713 -0.234675
vt -0.034318 -0.220989
vt -0.079713 -0.217728
vt -0.034318 -0.231414
vt -0.024749 -0.234675
vt -0.009866 -0.234675
vt -0.009866 -0.217728
vt -0.024749 -0.217728
vt -0.041142 -0.219988
vt -0.057085 -0.234675
vt -0.041142 -0.233498
vt -0.069132 -0.218541
vt -0.069132 -0.234675
vt -0.010155 -0.203504
vt 0.018848 -0.270336
vt 0.021370 -0.189633
vt -0.012677 -0.257726
vt -0.014412 -0.279791
vt -0.005657 -0.290224
vt -0.033518 -0.295823
vt -0.058072 -0.295555
vt -0.025025 -0.305943
vt -0.068160 -0.340950
vt -0.002967 -0.168382
vt -0.010706 -0.177605
vt -0.011309 -0.178323
vt -0.030415 -0.162291
vt -0.059333 -0.159370
vt -0.021757 -0.151973
vt -0.068160 -0.111453
vt -0.023389 -0.214925
vt -0.023258 -0.210719
vt -0.023855 -0.229822
vt -0.024519 -0.251070
vt -0.052828 -0.271309
vt -0.080122 -0.263883
vt -0.065794 -0.251518
vt -0.066005 -0.251196
vt -0.083785 -0.242243
vt -0.113759 -0.242152
vt -0.106698 -0.227147
vt -0.082524 -0.215763
vt -0.111888 -0.212387
vt -0.079508 -0.190894
vt -0.067641 -0.208550
vt -0.058631 -0.194690
vt -0.051248 -0.183331
vt 0.588323 -0.184905
vt 0.580385 -0.207229
vt 0.593216 -0.207229
vt 0.580385 -0.184905
vt 0.572446 -0.184905
vt 0.567553 -0.207229
vt 0.586404 -0.544497
vt 0.580385 -0.538905
vt 0.580385 -0.544497
vt 0.574366 -0.544497
vt 0.590303 -0.538905
vt 0.570466 -0.538905
vt 0.587077 -0.462765
vt 0.580385 -0.438031
vt 0.580385 -0.462765
vt 0.573692 -0.462765
vt 0.587137 -0.438031
vt 0.573632 -0.438031
vt 0.585196 -0.301277
vt 0.580385 -0.307161
vt 0.587158 -0.307161
vt 0.575574 -0.301277
vt 0.573611 -0.307161
vt 0.580385 -0.301277
vt 0.575450 -0.433179
vt 0.580385 -0.416464
vt 0.575435 -0.416464
vt 0.585320 -0.433179
vt 0.585334 -0.416464
vt 0.580385 -0.433179
vt 0.580385 -0.411613
vt 0.587198 -0.411613
vt 0.573572 -0.411613
vt 0.580385 -0.387046
vt 0.573512 -0.387046
vt 0.587258 -0.387046
vt 0.585196 -0.282362
vt 0.580385 -0.282362
vt 0.575574 -0.282362
vt 0.588323 -0.178331
vt 0.580385 -0.178331
vt 0.572446 -0.178331
vt 0.588323 -0.272905
vt 0.588323 -0.220889
vt 0.580385 -0.272905
vt 0.580385 -0.220889
vt 0.572446 -0.272905
vt 0.572446 -0.220889
vt 0.575574 -0.380741
vt 0.580385 -0.313046
vt 0.575574 -0.313046
vt 0.580385 -0.380741
vt 0.585196 -0.313046
vt 0.585196 -0.380741
vt 0.590251 -0.468351
vt 0.580385 -0.468351
vt 0.570519 -0.468351
vt 0.569421 -0.348222
vt 0.561483 -0.344934
vt 0.561483 -0.356160
vt 0.553545 -0.348222
vt 0.572710 -0.356160
vt 0.550257 -0.356160
vt 0.569421 -0.364098
vt 0.553545 -0.364098
vt 0.561483 -0.367386
vt 0.606461 -0.361221
vt 0.591116 -0.351099
vt 0.591116 -0.361221
vt 0.606461 -0.351099
vt 0.617433 -0.361221
vt 0.617433 -0.351099
vt 0.609237 -0.351099
vt 0.566527 -0.361221
vt 0.609237 -0.361221
vt 0.566527 -0.351099
vt 0.612118 -0.207229
vt 0.607225 -0.184905
vt 0.599286 -0.207229
vt 0.599286 -0.184905
vt 0.591348 -0.184905
vt 0.586455 -0.207229
vt 0.599286 -0.538905
vt 0.605305 -0.544497
vt 0.609205 -0.538905
vt 0.599286 -0.544497
vt 0.593267 -0.544497
vt 0.589368 -0.538905
vt 0.599286 -0.438031
vt 0.605979 -0.462765
vt 0.606039 -0.438031
vt 0.599286 -0.462765
vt 0.592594 -0.462765
vt 0.592534 -0.438031
vt 0.599286 -0.307161
vt 0.594475 -0.301277
vt 0.592513 -0.307161
vt 0.599286 -0.301277
vt 0.604097 -0.301277
vt 0.606060 -0.307161
vt 0.594352 -0.433179
vt 0.599286 -0.416464
vt 0.594337 -0.416464
vt 0.599286 -0.433179
vt 0.604221 -0.433179
vt 0.604236 -0.416464
vt 0.599286 -0.411613
vt 0.606099 -0.411613
vt 0.592474 -0.411613
vt 0.599286 -0.387046
vt 0.592413 -0.387046
vt 0.606159 -0.387046
vt 0.572945 -0.517554
vt 0.594242 -0.471654
vt 0.572945 -0.491325
vt 0.569653 -0.484768
vt 0.551533 -0.471654
vt 0.551533 -0.484768
vt 0.594242 -0.537225
vt 0.569653 -0.497882
vt 0.569653 -0.524111
vt 0.543336 -0.537225
vt 0.543336 -0.524111
vt 0.569653 -0.510997
vt 0.554308 -0.510997
vt 0.554308 -0.497882
vt 0.604097 -0.282362
vt 0.599286 -0.282362
vt 0.594475 -0.282362
vt 0.599286 -0.178331
vt 0.591348 -0.178331
vt 0.607225 -0.178331
vt 0.591348 -0.272905
vt 0.599286 -0.220889
vt 0.591348 -0.220889
vt 0.599286 -0.272905
vt 0.607225 -0.220889
vt 0.607225 -0.272905
vt 0.599286 -0.313046
vt 0.594475 -0.380741
vt 0.599286 -0.380741
vt 0.594475 -0.313046
vt 0.604097 -0.313046
vt 0.604097 -0.380741
vt 0.599286 -0.468351
vt 0.609152 -0.468351
vt 0.589420 -0.468351
vt 0.585445 -0.497882
vt 0.575324 -0.491325
vt 0.575324 -0.497882
vt 0.585445 -0.491325
vt 0.575324 -0.484768
vt 0.585445 -0.484768
vt 0.575324 -0.537225
vt 0.585445 -0.537225
vt 0.575324 -0.524111
vt 0.585445 -0.524111
vt 0.585319 -0.433179
vt 0.575324 -0.471654
vt 0.585445 -0.471654
vt 0.585445 -0.510997
vt 0.575324 -0.510997
vt 0.587197 -0.411613
vt 0.575324 -0.517554
vt 0.585445 -0.517554
vt 0.593267 -0.362179
vt 0.593267 -0.350141
vt 0.590774 -0.356160
vt 0.599286 -0.364672
vt 0.607799 -0.356160
vt 0.605305 -0.362179
vt 0.605305 -0.350141
vt 0.599286 -0.347648
vt 0.543336 -0.361221
vt 0.594242 -0.361221
vt 0.594242 -0.351099
vt 0.543336 -0.351099
vt 0.569653 -0.351099
vt 0.551533 -0.351099
vt 0.569653 -0.361221
vt 0.551533 -0.361221
vt 0.554308 -0.351099
vt 0.554308 -0.361221
vt 0.561483 -0.207229
vt 0.553545 -0.184905
vt 0.548652 -0.207229
vt 0.561483 -0.184905
vt 0.569421 -0.184905
vt 0.574315 -0.207229
vt 0.555464 -0.544497
vt 0.561483 -0.538905
vt 0.551565 -0.538905
vt 0.561483 -0.544497
vt 0.567502 -0.544497
vt 0.571401 -0.538905
vt 0.554731 -0.438031
vt 0.554791 -0.462765
vt 0.561483 -0.438031
vt 0.561483 -0.462765
vt 0.568175 -0.462765
vt 0.568236 -0.438031
vt 0.561483 -0.307161
vt 0.568257 -0.307161
vt 0.566294 -0.301277
vt 0.561483 -0.301277
vt 0.556672 -0.301277
vt 0.554710 -0.307161
vt 0.561483 -0.416464
vt 0.566418 -0.433179
vt 0.566433 -0.416464
vt 0.561483 -0.433179
vt 0.556548 -0.433179
vt 0.556534 -0.416464
vt 0.561483 -0.411613
vt 0.554670 -0.411613
vt 0.568296 -0.411613
vt 0.561483 -0.387046
vt 0.568356 -0.387046
vt 0.554610 -0.387046
vt 0.617433 -0.537225
vt 0.591116 -0.524111
vt 0.566527 -0.537225
vt 0.617433 -0.524111
vt 0.587824 -0.517554
vt 0.566527 -0.471654
vt 0.587824 -0.491325
vt 0.591116 -0.484768
vt 0.609237 -0.471654
vt 0.609237 -0.484768
vt 0.591116 -0.497882
vt 0.591116 -0.510997
vt 0.606461 -0.497882
vt 0.606461 -0.510997
vt 0.556672 -0.282362
vt 0.561483 -0.282362
vt 0.566294 -0.282362
vt 0.569421 -0.178331
vt 0.561483 -0.178331
vt 0.553545 -0.178331
vt 0.561483 -0.220889
vt 0.569421 -0.272905
vt 0.569421 -0.220889
vt 0.561483 -0.272905
vt 0.553545 -0.272905
vt 0.553545 -0.220889
vt 0.566294 -0.313046
vt 0.561483 -0.380741
vt 0.566294 -0.380741
vt 0.561483 -0.313046
vt 0.556672 -0.313046
vt 0.556672 -0.380741
vt 0.561483 -0.468351
vt 0.551617 -0.468351
vt 0.571349 -0.468351
vt -0.008740 0.989346
vt -0.009261 0.988610
vt -0.008740 0.988610
vt -0.009261 0.986733
vt -0.008740 0.986405
vt -0.009261 0.986405
vt -0.009261 0.989346
vt -0.008740 0.990081
vt -0.009261 0.990081
vt -0.007750 0.988135
vt -0.010251 0.988656
vt -0.010251 0.988135
vt -0.007750 0.988656
vt -0.009736 0.990081
vt -0.008265 0.990081
vt -0.009000 0.990386
vt -0.008265 0.988610
vt -0.007960 0.989346
vt -0.009736 0.988610
vt -0.010041 0.989346
vt -0.010251 0.986405
vt -0.007750 0.986405
vt -0.008740 0.986733
vt -0.009736 0.988135
vt -0.009066 0.988656
vt -0.009736 0.988656
vt -0.009000 0.988135
vt -0.009000 0.988656
vt -0.008935 0.988656
vt -0.008265 0.988135
vt -0.008265 0.988656
vt 0.019801 1.012070
vt 0.019647 1.012580
vt 0.019476 1.012460
vt 0.019951 1.012220
vt 0.020337 1.011870
vt 0.020214 1.011700
vt 0.023248 1.011700
vt 0.023506 1.012170
vt 0.023130 1.011870
vt 0.023651 1.012020
vt 0.023830 1.012540
vt 0.024007 1.012430
vt 0.023651 1.015730
vt 0.023833 1.015200
vt 0.024007 1.015320
vt 0.023506 1.015580
vt 0.023248 1.016050
vt 0.023130 1.015880
vt 0.019801 1.015680
vt 0.020337 1.015880
vt 0.020214 1.016050
vt 0.019951 1.015530
vt 0.019647 1.015170
vt 0.019476 1.015290
vt 0.025716 1.011800
vt 0.025645 1.012130
vt 0.025484 1.011990
vt 0.025824 1.011980
vt 0.026654 1.012070
vt 0.026327 1.012010
vt 0.026452 1.011830
vt 0.026469 1.012180
vt 0.029073 1.014550
vt 0.029299 1.013190
vt 0.029299 1.014400
vt 0.029186 1.014530
vt 0.029248 1.014480
vt 0.028035 1.013270
vt 0.028073 1.012800
vt 0.026704 1.013270
vt 0.029165 1.012280
vt 0.028134 1.012460
vt 0.028205 1.012230
vt 0.024167 1.014550
vt 0.029059 1.012120
vt 0.028752 1.011950
vt 0.028859 1.011980
vt 0.028568 1.011950
vt 0.028424 1.012000
vt 0.028293 1.012100
vt 0.025365 1.013270
vt 0.026578 1.012490
vt 0.025514 1.012350
vt 0.026145 1.011940
vt 0.025919 1.011940
vt 0.024160 1.013270
vt 0.023336 1.013910
vt 0.023304 1.013590
vt 0.023304 1.014230
vt 0.023211 1.013280
vt 0.023211 1.014540
vt 0.023059 1.013000
vt 0.023059 1.014820
vt 0.022855 1.012750
vt 0.022855 1.015070
vt 0.022606 1.012540
vt 0.022606 1.015270
vt 0.022708 1.011630
vt 0.022708 1.016120
vt 0.022322 1.012390
vt 0.022322 1.015430
vt 0.022252 1.011500
vt 0.022251 1.016250
vt 0.022014 1.012300
vt 0.022014 1.015520
vt 0.021758 1.011440
vt 0.021746 1.016310
vt 0.021694 1.012270
vt 0.021746 1.015550
vt 0.021205 1.011500
vt 0.021694 1.015550
vt 0.021374 1.012300
vt 0.021243 1.016260
vt 0.021205 1.012350
vt 0.021374 1.015520
vt 0.020776 1.011620
vt 0.021065 1.015430
vt 0.021065 1.012390
vt 0.020765 1.016120
vt 0.020782 1.015270
vt 0.020782 1.012540
vt 0.020533 1.012750
vt 0.020533 1.015070
vt 0.020329 1.013000
vt 0.020329 1.014820
vt 0.020177 1.013280
vt 0.020177 1.014540
vt 0.019379 1.013050
vt 0.019379 1.014700
vt 0.020083 1.013590
vt 0.020083 1.014230
vt 0.019254 1.013450
vt 0.019254 1.014290
vt 0.019217 1.013870
vt 0.020052 1.013910
vt 0.028545 1.010090
vt 0.028545 1.011670
vt 0.026853 1.010090
vt 0.026853 1.011670
vt 0.028545 1.016020
vt 0.026853 1.016020
vt 0.026853 1.016810
vt 0.028545 1.016810
vt 0.022707 1.012900
vt 0.022885 1.013110
vt 0.022490 1.012720
vt 0.020898 1.012720
vt 0.020681 1.012900
vt 0.020503 1.013110
vt 0.020503 1.014700
vt 0.020681 1.014920
vt 0.020898 1.015100
vt 0.022490 1.015100
vt 0.022707 1.014920
vt 0.022885 1.014700
vt 0.026062 1.015630
vt 0.026062 1.012000
vt 0.024613 1.008530
vt 0.024613 1.013440
vt 0.024363 1.013310
vt 0.024363 1.008510
vt 0.024020 1.013310
vt 0.024020 1.008510
vt 0.023769 1.008530
vt 0.023769 1.013440
vt 0.024020 1.013950
vt 0.024363 1.013950
vt 0.024020 1.014360
vt 0.024363 1.014360
vt 0.024020 1.014810
vt 0.023769 1.014470
vt 0.023769 1.014900
vt 0.024363 1.014810
vt 0.024613 1.014470
vt 0.024613 1.014900
vt 0.024020 1.015310
vt 0.023769 1.015350
vt 0.024363 1.015310
vt 0.024613 1.015350
vt 0.024613 1.015820
vt 0.024020 1.015860
vt 0.023769 1.015860
vt 0.023769 1.016360
vt 0.024363 1.015860
vt 0.024613 1.016400
vt 0.024020 1.016400
vt 0.023769 1.016840
vt 0.024363 1.016400
vt 0.024363 1.016920
vt 0.024613 1.016920
vt 0.024020 1.016920
vt 0.024613 1.017210
vt 0.023769 1.017270
vt 0.024363 1.017390
vt 0.024020 1.017390
vt 0.024020 1.017800
vt 0.024363 1.017800
vt 0.021621 1.009060
vt 0.026685 1.010750
vt 0.021621 1.010750
vt 0.026685 1.009060
vt 0.024020 1.014900
vt 0.024363 1.014900
vt 0.024020 1.015110
vt 0.023769 1.015000
vt 0.023769 1.015280
vt 0.024363 1.015110
vt 0.024613 1.015280
vt 0.024613 1.015000
vt 0.024020 1.015360
vt 0.023769 1.015590
vt 0.024363 1.015360
vt 0.024613 1.015590
vt 0.024020 1.015630
vt 0.023769 1.015910
vt 0.024363 1.015630
vt 0.024613 1.015910
vt 0.024020 1.015910
vt 0.024363 1.015910
vt 0.024020 1.016190
vt 0.023769 1.016230
vt 0.024363 1.016190
vt 0.024613 1.016230
vt 0.023769 1.016400
vt 0.024363 1.016460
vt 0.024613 1.016540
vt 0.024020 1.016460
vt 0.023769 1.016540
vt 0.024020 1.016710
vt 0.023769 1.016820
vt 0.024363 1.016710
vt 0.024613 1.016820
vt 0.022044 1.011540
vt 0.026263 1.011540
vt 0.023944 1.014340
vt 0.023693 1.014700
vt 0.023693 1.014290
vt 0.024287 1.013870
vt 0.024537 1.014290
vt 0.024287 1.014340
vt 0.024537 1.013870
vt 0.024537 1.013450
vt 0.023944 1.013870
vt 0.023693 1.013870
vt 0.023693 1.013450
vt 0.024287 1.013410
vt 0.024537 1.013050
vt 0.023944 1.013410
vt 0.023693 1.013050
vt 0.024287 1.012960
vt 0.024537 1.012580
vt 0.023944 1.012960
vt 0.023693 1.012580
vt 0.024287 1.012460
vt 0.023944 1.012460
vt 0.024287 1.012070
vt 0.023944 1.012070
vt 0.023944 1.015680
vt 0.024287 1.015290
vt 0.024287 1.015680
vt 0.023944 1.015290
vt 0.023944 1.014790
vt 0.023693 1.015170
vt 0.024287 1.014790
vt 0.024537 1.015170
vt 0.024537 1.014700
vt 0.024287 1.012280
vt 0.023944 1.013060
vt 0.023944 1.012280
vt 0.023693 1.012350
vt 0.023693 1.013270
vt 0.023693 1.012130
vt 0.024287 1.013060
vt 0.024537 1.012350
vt 0.024537 1.013270
vt 0.024537 1.012130
vt 0.024287 1.011990
vt 0.023944 1.011990
vt 0.023944 1.013360
vt 0.024287 1.013360
vt 0.023944 1.013630
vt 0.023693 1.013590
vt 0.023693 1.013280
vt 0.023693 1.013910
vt 0.023944 1.013110
vt 0.023693 1.013000
vt 0.024287 1.013110
vt 0.024537 1.013280
vt 0.024537 1.013000
vt 0.024537 1.013590
vt 0.024287 1.012900
vt 0.023944 1.012900
vt 0.024287 1.013630
vt 0.024537 1.013910
vt 0.024287 1.014700
vt 0.024287 1.014920
vt 0.023944 1.014920
vt 0.024537 1.014540
vt 0.024537 1.014820
vt 0.023944 1.014700
vt 0.023693 1.014540
vt 0.023693 1.014820
vt 0.024287 1.014460
vt 0.024537 1.014230
vt 0.023944 1.014460
vt 0.023693 1.014230
vt 0.024287 1.014190
vt 0.023944 1.014190
vt 0.024287 1.013910
vt 0.023944 1.013910
vt 0.026263 1.016290
vt 0.024219 1.015630
vt 0.026790 1.015630
vt 0.024889 1.015350
vt 0.024153 1.015650
vt 0.025194 1.014610
vt 0.022044 1.016290
vt 0.024087 1.015630
vt 0.021516 1.015630
vt 0.023418 1.015350
vt 0.023113 1.014610
vt 0.026790 1.012000
vt 0.024889 1.013880
vt 0.025327 1.012000
vt 0.025404 1.011670
vt 0.025735 1.010680
vt 0.022902 1.011670
vt 0.022571 1.010680
vt 0.021516 1.012000
vt 0.023418 1.013880
vt 0.022979 1.012000
vt 0.027318 1.016020
vt 0.026685 1.016810
vt 0.020989 1.016020
vt 0.021621 1.016810
vt 0.027318 1.011670
vt 0.026052 1.010090
vt 0.028659 1.012580
vt 0.028506 1.012070
vt 0.028831 1.012460
vt 0.028356 1.012220
vt 0.027970 1.011870
vt 0.028093 1.011700
vt 0.024801 1.012170
vt 0.025058 1.011700
vt 0.025176 1.011870
vt 0.024656 1.012020
vt 0.024477 1.012540
vt 0.024299 1.012430
vt 0.024473 1.015200
vt 0.024656 1.015730
vt 0.024299 1.015320
vt 0.024801 1.015580
vt 0.025058 1.016050
vt 0.025176 1.015880
vt 0.028356 1.015530
vt 0.028093 1.016050
vt 0.027911 1.015930
vt 0.028506 1.015680
vt 0.028659 1.015170
vt 0.028831 1.015290
vt 0.022591 1.011800
vt 0.022822 1.011990
vt 0.022661 1.012130
vt 0.022483 1.011980
vt 0.021979 1.012010
vt 0.021653 1.012070
vt 0.021855 1.011830
vt 0.021838 1.012180
vt 0.025247 1.014820
vt 0.025451 1.015070
vt 0.025096 1.014540
vt 0.025700 1.015270
vt 0.025598 1.016120
vt 0.025984 1.015430
vt 0.026054 1.016250
vt 0.026292 1.015520
vt 0.026518 1.016300
vt 0.026613 1.015550
vt 0.027102 1.016240
vt 0.026933 1.015520
vt 0.027102 1.015470
vt 0.027623 1.016090
vt 0.027241 1.015430
vt 0.027525 1.015270
vt 0.027623 1.015190
vt 0.027774 1.015070
vt 0.027978 1.014820
vt 0.028130 1.014540
vt 0.028927 1.014700
vt 0.028223 1.014230
vt 0.029052 1.014290
vt 0.028255 1.013910
vt 0.029089 1.013870
vt 0.028223 1.013590
vt 0.029052 1.013450
vt 0.028927 1.013050
vt 0.028130 1.013280
vt 0.027978 1.013000
vt 0.027774 1.012750
vt 0.027525 1.012540
vt 0.027241 1.012390
vt 0.027542 1.011630
vt 0.026933 1.012300
vt 0.027062 1.011490
vt 0.026613 1.012270
vt 0.026562 1.011440
vt 0.026292 1.012300
vt 0.026054 1.011500
vt 0.025984 1.012390
vt 0.025598 1.011630
vt 0.025700 1.012540
vt 0.025451 1.012750
vt 0.025247 1.013000
vt 0.025096 1.013280
vt 0.024146 1.013270
vt 0.025002 1.013590
vt 0.024971 1.013910
vt 0.024139 1.014550
vt 0.025002 1.014230
vt 0.022941 1.013270
vt 0.021603 1.013270
vt 0.021729 1.012490
vt 0.022792 1.012350
vt 0.019234 1.014550
vt 0.020271 1.013270
vt 0.022162 1.011940
vt 0.022388 1.011940
vt 0.019008 1.013190
vt 0.020234 1.012800
vt 0.019008 1.014400
vt 0.019120 1.014530
vt 0.019059 1.014480
vt 0.019142 1.012280
vt 0.020173 1.012460
vt 0.020101 1.012230
vt 0.019248 1.012120
vt 0.019554 1.011950
vt 0.019447 1.011980
vt 0.019738 1.011950
vt 0.019882 1.012000
vt 0.020013 1.012100
vt 0.021453 1.011670
vt 0.019762 1.010090
vt 0.021453 1.010090
vt 0.019762 1.011670
vt 0.021453 1.016020
vt 0.019762 1.016020
vt 0.019762 1.016810
vt 0.021453 1.016810
vt 0.025600 1.012900
vt 0.025422 1.013110
vt 0.025817 1.012720
vt 0.027408 1.012720
vt 0.027625 1.012900
vt 0.027803 1.013110
vt 0.027803 1.014700
vt 0.027625 1.014920
vt 0.027623 1.014920
vt 0.027408 1.015100
vt 0.025817 1.015100
vt 0.025600 1.014920
vt 0.025422 1.014700
vt 0.022244 1.015630
vt 0.022244 1.012000
vt 0.022244 1.010680
vt 0.024287 1.017390
vt 0.024287 1.017800
vt 0.023944 1.017800
vt 0.023944 1.017390
vt 0.024287 1.016920
vt 0.024537 1.017270
vt 0.024537 1.016830
vt 0.023944 1.016920
vt 0.023693 1.017270
vt 0.023693 1.016840
vt 0.024287 1.016400
vt 0.024537 1.016400
vt 0.023944 1.016400
vt 0.023693 1.016360
vt 0.024287 1.015860
vt 0.024537 1.015850
vt 0.024537 1.015350
vt 0.023944 1.015860
vt 0.023693 1.015860
vt 0.023693 1.015350
vt 0.024287 1.015310
vt 0.024537 1.014900
vt 0.023944 1.015310
vt 0.023693 1.014900
vt 0.024287 1.014810
vt 0.024537 1.014470
vt 0.023944 1.014810
vt 0.023693 1.014470
vt 0.024287 1.014360
vt 0.023944 1.014360
vt 0.024287 1.013950
vt 0.023944 1.013950
vt 0.023944 1.012120
vt 0.024287 1.011890
vt 0.024287 1.012120
vt 0.023944 1.011890
vt 0.024287 1.011730
vt 0.024537 1.011780
vt 0.024537 1.011690
vt 0.023693 1.011780
vt 0.023944 1.011730
vt 0.023693 1.011690
vt 0.024287 1.011420
vt 0.024537 1.011460
vt 0.023944 1.011420
vt 0.023693 1.011460
vt 0.024537 1.011280
vt 0.023693 1.011280
vt 0.024287 1.011150
vt 0.023944 1.011150
vt 0.023944 1.010720
vt 0.023944 1.009760
vt 0.024287 1.009760
vt 0.023693 1.010900
vt 0.023693 1.009570
vt 0.024287 1.010720
vt 0.024537 1.010900
vt 0.024537 1.009570
vt 0.024287 1.012420
vt 0.023944 1.013310
vt 0.023944 1.012420
vt 0.023693 1.013440
vt 0.023693 1.012240
vt 0.024287 1.013310
vt 0.024537 1.013440
vt 0.024537 1.012240
vt 0.022255 1.009060
vt 0.026052 1.009060
vt 0.026052 1.010750
vt 0.022255 1.010750
vt 0.024287 1.016710
vt 0.023944 1.016710
vt 0.024537 1.016540
vt 0.024537 1.016820
vt 0.023693 1.016540
vt 0.023693 1.016820
vt 0.023944 1.016460
vt 0.023693 1.016400
vt 0.024287 1.016460
vt 0.024537 1.016230
vt 0.023693 1.016230
vt 0.024287 1.016190
vt 0.024537 1.015910
vt 0.023944 1.016190
vt 0.023693 1.015910
vt 0.024287 1.015910
vt 0.024537 1.015860
vt 0.023944 1.015910
vt 0.023944 1.015630
vt 0.023693 1.015590
vt 0.024287 1.015630
vt 0.024537 1.015590
vt 0.023944 1.015360
vt 0.023693 1.015280
vt 0.024287 1.015360
vt 0.024537 1.015280
vt 0.023944 1.015110
vt 0.023693 1.015000
vt 0.024287 1.015110
vt 0.024537 1.015000
vt 0.023944 1.014900
vt 0.024287 1.014900
vt 0.025735 1.011540
vt 0.022571 1.011540
vt 0.024020 1.012430
vt 0.024020 1.012020
vt 0.024363 1.012020
vt 0.024020 1.013060
vt 0.023769 1.012540
vt 0.023769 1.013270
vt 0.024363 1.012430
vt 0.024363 1.013060
vt 0.024613 1.012540
vt 0.024613 1.013270
vt 0.024020 1.015730
vt 0.024363 1.015320
vt 0.024363 1.015730
vt 0.024363 1.014760
vt 0.024613 1.015200
vt 0.024613 1.014550
vt 0.023769 1.015200
vt 0.023769 1.014550
vt 0.024020 1.014760
vt 0.024020 1.015320
vt 0.024363 1.011830
vt 0.024020 1.012070
vt 0.024020 1.011830
vt 0.024363 1.012070
vt 0.024020 1.012440
vt 0.023769 1.012180
vt 0.023769 1.012490
vt 0.024363 1.012440
vt 0.024613 1.012180
vt 0.024613 1.012490
vt 0.024363 1.013110
vt 0.024020 1.012900
vt 0.024363 1.012900
vt 0.024613 1.013280
vt 0.024613 1.013000
vt 0.024020 1.013110
vt 0.023769 1.013280
vt 0.023769 1.013000
vt 0.024363 1.013360
vt 0.024613 1.013590
vt 0.024020 1.013360
vt 0.023769 1.013590
vt 0.024363 1.013630
vt 0.024613 1.013910
vt 0.024020 1.013630
vt 0.023769 1.013910
vt 0.024363 1.013910
vt 0.024020 1.013910
vt 0.024363 1.014190
vt 0.024613 1.014230
vt 0.024020 1.014190
vt 0.023769 1.014230
vt 0.024363 1.014460
vt 0.024613 1.014540
vt 0.024020 1.014460
vt 0.023769 1.014540
vt 0.024363 1.014700
vt 0.024613 1.014820
vt 0.024020 1.014700
vt 0.023769 1.014820
vt 0.024363 1.014920
vt 0.024020 1.014920
s 1
usemtl Meshpart1Mtl
f 1/1/1 2/2/2 3/3/3
f 4/4/4 3/3/3 2/2/2
f 6/5/5 7/6/6 5/7/7
f 8/8/6 7/6/6 6/5/5
f 8/8/6 9/9/8 7/6/6
f 9/9/8 8/8/6 10/10/9
f 12/11/10 13/12/11 11/13/10
f 14/14/11 13/12/11 12/11/10
f 15/15/12 19/16/13 17/17/14
f 16/18/15 20/19/16 18/20/17
f 20/19/16 19/16/13 15/15/12
f 20/19/16 16/18/15 19/16/13
f 21/21/18 22/22/18 23/23/18
f 24/24/19 25/25/19 26/26/19
f 27/27/20 28/28/20 29/29/20
f 28/28/20 27/27/20 30/30/20
f 32/31/21 33/32/22 31/33/21
f 34/34/22 31/33/21 33/32/22
f 36/35/3 37/36/9 35/37/1
f 37/36/9 36/35/3 38/38/8
f 39/39/23 40/40/24 41/41/23
f 42/42/25 41/41/23 40/40/24
f 44/43/9 45/44/10 43/45/26
f 45/44/10 44/43/9 46/46/10
f 47/47/27 48/48/28 49/49/28
f 48/48/28 47/47/27 50/50/29
f 51/49/30 52/51/30 53/52/30
f 52/51/30 54/53/30 53/52/30
f 54/53/30 52/51/30 55/54/30
f 53/52/30 56/55/30 51/49/30
f 57/56/30 51/49/30 56/55/30
f 51/49/30 57/56/30 58/47/30
f 58/47/30 57/56/30 59/57/30
f 60/50/31 61/58/31 62/48/31
f 61/58/31 60/50/31 63/59/31
f 64/60/32 62/48/31 61/58/31
f 62/48/31 64/60/32 65/61/32
f 66/62/31 65/61/32 64/60/32
f 66/62/31 67/63/33 65/61/32
f 68/49/34 69/64/35 70/65/35
f 68/49/34 70/65/35 71/66/36
f 72/67/37 68/49/34 71/66/36
f 69/64/35 68/49/34 73/48/34
f 68/49/34 72/67/37 74/51/37
f 69/64/35 73/48/34 75/68/38
f 73/48/34 76/69/37 75/68/38
f 73/48/34 77/61/39 76/69/37
f 78/70/37 74/51/37 72/67/37
f 79/71/37 78/70/37 72/67/37
f 80/72/37 78/70/37 79/71/37
f 78/70/37 80/72/37 81/73/37
f 82/74/37 78/70/37 81/73/37
f 82/74/37 81/73/37 83/75/37
f 83/75/37 81/73/37 84/76/37
f 84/76/37 85/77/37 83/75/37
f 85/77/37 84/76/37 86/78/37
f 76/69/37 77/61/39 86/78/37
f 87/79/37 86/78/37 84/76/37
f 86/78/37 88/80/37 76/69/37
f 88/80/37 86/78/37 87/79/37
f 89/81/40 90/82/41 91/83/42
f 91/83/42 90/82/41 92/84/42
f 93/85/43 91/83/42 92/84/42
f 93/85/43 92/84/42 94/86/44
f 95/87/45 96/88/46 97/89/47
f 98/90/46 97/89/47 96/88/46
f 99/91/48 100/92/49 101/93/49
f 99/91/48 101/93/49 102/94/50
f 103/95/51 104/96/52 105/97/51
f 103/95/51 105/97/51 106/98/51
f 108/99/53 109/100/54 107/20/55
f 110/101/56 111/102/56 112/103/57
f 113/104/56 112/103/57 111/102/56
f 114/88/58 115/105/58 116/90/58
f 117/93/59 118/92/59 119/106/59
f 122/107/60 121/108/61 120/109/62
f 123/110/63 121/108/61 122/107/60
f 121/108/61 123/110/63 124/111/63
f 124/111/63 123/110/63 125/112/64
f 125/112/64 126/113/65 124/111/63
f 127/114/66 128/115/66 129/116/66
f 128/115/66 127/114/66 130/117/66
f 133/118/67 131/119/68 132/120/68
f 133/118/67 132/120/68 134/121/67
f 135/122/2 137/123/69 136/124/2
f 138/125/70 136/124/2 137/123/69
f 139/126/71 142/127/72 140/128/73
f 142/127/72 139/126/71 144/129/74
f 145/130/75 141/131/11 143/132/11
f 142/127/72 144/129/74 146/133/76
f 141/131/11 145/130/75 147/134/77
f 148/135/78 149/136/78 150/137/78
f 150/137/78 149/136/78 151/138/78
f 152/136/79 153/139/80 154/138/80
f 153/139/80 152/136/79 155/140/79
f 156/141/79 154/138/80 153/139/80
f 154/138/80 156/141/79 157/142/80
f 158/143/80 157/142/80 156/141/79
f 158/143/80 159/144/80 157/142/80
f 160/137/81 161/145/81 162/146/81
f 161/145/81 163/147/81 162/146/81
f 164/148/81 163/147/81 161/145/81
f 160/137/81 162/146/81 165/149/81
f 165/149/81 166/135/81 160/137/81
f 167/150/81 166/135/81 165/149/81
f 166/135/81 167/150/81 168/151/82
f 169/142/83 170/152/84 171/153/84
f 172/138/85 169/142/83 171/153/84
f 170/152/84 173/154/83 171/153/84
f 172/138/85 171/153/84 174/155/85
f 170/152/84 175/156/84 173/154/83
f 175/156/84 170/152/84 176/157/84
f 177/158/84 176/157/84 170/152/84
f 176/157/84 177/158/84 178/159/84
f 179/160/84 176/157/84 178/159/84
f 180/161/84 179/160/84 178/159/84
f 181/162/84 179/160/84 180/161/84
f 179/160/84 181/162/84 182/163/86
f 183/164/53 182/163/86 181/162/84
f 184/145/84 183/164/53 181/162/84
f 183/164/53 184/145/84 185/137/87
f 185/137/87 172/138/85 174/155/85
f 185/137/87 186/165/84 183/164/53
f 185/137/87 174/155/85 187/166/88
f 186/165/84 185/137/87 188/167/84
f 185/137/87 187/166/88 188/167/84
f 189/168/89 190/169/90 191/170/89
f 190/169/90 189/168/89 192/171/91
f 191/170/89 193/172/92 189/168/89
f 191/170/89 194/173/93 193/172/92
f 195/174/94 196/175/95 197/176/94
f 196/175/95 195/174/94 198/177/96
f 201/178/97 199/179/98 200/180/99
f 199/179/98 201/178/97 202/181/97
f 203/182/100 204/183/100 205/184/100
f 205/184/100 206/185/100 203/182/100
f 207/186/19 208/187/101 209/188/19
f 210/189/101 208/187/101 207/186/19
f 211/174/102 212/176/102 213/190/102
f 214/178/103 215/191/103 216/181/103
f 218/192/104 219/193/105 217/194/106
f 218/192/104 220/195/107 219/193/105
f 220/195/107 218/192/104 221/196/107
f 222/197/108 224/198/107 223/199/109
f 222/197/108 221/196/107 224/198/107
f 221/196/107 222/197/108 220/195/107
f 225/200/110 226/201/111 227/202/111
f 226/201/111 225/200/110 228/203/111
f 230/204/112 231/205/113 229/206/112
f 232/207/114 229/206/112 231/205/113
f 233/208/115 234/209/116 235/210/116
f 234/209/116 233/208/115 236/211/117
f 238/212/118 239/213/119 237/214/120
f 240/215/121 241/216/122 242/217/106
f 241/216/122 240/215/121 243/218/122
f 245/219/123 244/220/116 246/221/124
f 247/222/124 245/219/123 246/221/124
f 248/223/125 249/224/125 250/225/125
f 249/224/125 248/223/125 251/226/125
f 252/227/126 253/228/126 254/229/126
f 252/227/126 254/229/126 255/230/126
f 256/226/126 255/230/126 254/229/126
f 255/230/126 256/226/126 257/231/126
f 256/226/126 258/232/126 257/231/126
f 259/223/126 258/232/126 256/226/126
f 258/232/126 259/223/126 260/233/126
f 261/225/127 262/234/127 263/235/127
f 262/234/127 261/225/127 264/224/127
f 264/224/127 265/236/127 262/234/127
f 264/224/127 266/237/127 265/236/127
f 266/237/127 267/238/127 265/236/127
f 266/237/127 268/239/128 267/238/127
f 269/224/129 270/240/130 271/241/131
f 269/224/129 271/241/131 272/242/132
f 273/243/37 269/224/129 272/242/132
f 274/226/37 270/240/130 269/224/129
f 269/224/129 273/243/37 275/237/133
f 270/240/130 274/226/37 276/244/37
f 274/226/37 277/245/37 276/244/37
f 277/245/37 274/226/37 278/229/37
f 273/243/37 279/246/37 275/237/133
f 279/246/37 273/243/37 280/247/37
f 281/248/37 279/246/37 280/247/37
f 282/249/37 279/246/37 281/248/37
f 279/246/37 282/249/37 283/250/37
f 283/250/37 282/249/37 284/251/37
f 282/249/37 285/252/37 284/251/37
f 285/252/37 286/253/37 284/251/37
f 286/253/37 285/252/37 287/254/37
f 287/254/37 277/245/37 278/229/37
f 288/255/37 287/254/37 285/252/37
f 277/245/37 287/254/37 289/256/37
f 289/256/37 287/254/37 288/255/37
f 290/257/134 292/258/135 291/259/136
f 293/260/137 291/259/136 292/258/135
f 296/261/138 294/262/139 295/263/140
f 294/262/139 296/261/138 297/264/141
f 298/265/142 297/264/141 296/261/138
f 297/264/141 298/265/142 299/266/143
f 301/267/124 300/268/124 302/269/144
f 303/270/144 301/267/124 302/269/144
f 304/271/145 305/272/145 306/273/146
f 306/273/146 307/274/147 304/271/145
f 308/275/148 307/274/147 306/273/146
f 307/274/147 308/275/148 309/276/149
f 310/277/51 311/278/51 312/279/51
f 313/280/57 314/281/57 315/282/57
f 316/283/150 317/284/150 318/285/150
f 317/284/150 316/283/150 319/286/150
f 320/287/151 321/288/152 322/289/152
f 320/287/151 322/289/152 323/290/151
f 324/291/135 326/292/153 325/293/135
f 326/292/153 324/291/135 327/294/153
f 330/295/154 329/296/144 328/297/144
f 330/295/154 328/297/144 331/298/155
f 332/299/156 334/300/157 333/301/158
f 335/302/159 334/300/157 332/299/156
f 334/300/157 335/302/159 336/303/160
f 337/304/161 338/305/161 339/306/161
f 338/305/161 337/304/161 340/307/161
f 341/305/162 342/308/163 343/309/164
f 342/308/163 341/305/162 344/307/164
f 344/307/164 345/310/163 342/308/163
f 344/307/164 346/311/164 345/310/163
f 346/311/164 347/312/164 345/310/163
f 346/311/164 348/313/164 347/312/164
f 349/314/165 350/315/165 351/306/165
f 352/316/165 351/306/165 350/315/165
f 351/306/165 352/316/165 353/304/165
f 354/317/165 353/304/165 352/316/165
f 353/304/165 354/317/165 355/318/165
f 356/319/165 355/318/165 354/317/165
f 355/318/165 356/319/165 357/320/165
f 358/321/166 359/304/167 360/322/120
f 361/323/166 359/304/167 358/321/166
f 359/304/167 361/323/166 362/307/168
f 362/307/168 361/323/166 363/324/167
f 364/325/169 362/307/168 363/324/167
f 362/307/168 364/325/169 365/311/170
f 366/326/169 365/311/170 364/325/169
f 366/326/169 364/325/169 367/327/169
f 368/328/169 366/326/169 367/327/169
f 366/326/169 368/328/169 369/329/169
f 369/329/169 370/330/169 366/326/169
f 370/330/169 369/329/169 371/331/169
f 369/329/169 372/332/169 371/331/169
f 372/332/169 373/333/169 371/331/169
f 373/333/169 372/332/169 374/334/169
f 375/335/169 374/334/169 372/332/169
f 374/334/169 375/335/169 376/336/169
f 377/337/118 374/334/169 376/336/169
f 374/334/169 377/337/118 378/318/169
f 359/304/167 378/318/169 377/337/118
f 377/337/118 360/322/120 359/304/167
f 379/338/171 380/339/172 381/340/173
f 380/339/172 379/338/171 382/341/172
f 383/342/174 380/339/172 382/341/172
f 380/339/172 383/342/174 384/343/175
f 385/344/176 386/345/177 387/346/177
f 387/346/177 386/345/177 388/347/178
f 386/345/177 385/344/176 389/348/179
f 386/345/177 390/349/180 388/347/178
f 391/350/181 392/351/182 393/352/182
f 392/351/182 394/353/183 393/352/182
f 392/351/182 391/350/181 395/354/181
f 394/353/183 392/351/182 396/355/183
f 397/356/184 401/357/91 399/358/185
f 401/357/91 398/359/186 400/360/187
f 401/357/91 397/356/184 402/361/91
f 398/359/186 401/357/91 402/361/91
f 403/362/188 407/363/182 405/364/188
f 407/363/182 404/365/181 406/366/181
f 407/363/182 403/362/188 408/367/182
f 404/365/181 407/363/182 408/367/182
f 409/366/189 410/368/190 411/363/190
f 410/368/190 412/364/191 411/363/190
f 410/368/190 409/366/189 413/369/192
f 412/364/191 410/368/190 414/370/193
f 415/370/183 419/371/182 417/372/183
f 419/371/182 416/369/181 418/373/181
f 419/371/182 415/370/183 420/368/182
f 416/369/181 419/371/182 420/368/182
f 421/374/181 422/361/194 423/356/181
f 422/361/194 421/374/181 424/375/182
f 424/375/182 425/359/188 422/361/194
f 425/359/188 424/375/182 426/376/188
f 428/377/181 429/341/182 427/338/181
f 429/341/182 428/377/181 430/378/194
f 430/378/194 431/342/188 429/341/182
f 431/342/188 430/378/194 432/379/188
f 433/380/181 434/381/181 435/382/182
f 437/383/182 435/382/182 434/381/181
f 435/382/182 437/383/182 438/384/188
f 436/385/188 438/384/188 437/383/182
f 440/386/188 441/387/182 439/388/188
f 441/387/182 440/386/188 442/389/182
f 442/389/182 443/390/181 441/387/182
f 443/390/181 442/389/182 444/391/181
f 445/391/195 447/371/196 446/373/197
f 447/371/196 445/391/195 448/389/198
f 449/386/199 447/371/196 448/389/198
f 447/371/196 449/386/199 450/372/200
f 455/351/106 451/362/201 453/355/202
f 452/365/203 455/351/106 454/354/204
f 451/362/201 455/351/106 456/367/106
f 455/351/106 452/365/203 456/367/106
f 457/388/205 459/357/206 458/360/207
f 459/357/206 457/388/205 460/387/208
f 461/390/209 459/357/206 460/387/208
f 459/357/206 461/390/209 462/358/210
f 464/392/211 463/350/212 465/393/213
f 463/350/212 466/352/214 465/393/213
f 467/353/215 465/393/213 466/352/214
f 465/393/213 467/353/215 468/394/216
f 469/376/205 471/382/208 470/384/217
f 471/382/208 469/376/205 472/375/208
f 473/374/209 471/382/208 472/375/208
f 471/382/208 473/374/209 474/380/218
f 477/345/182 476/394/188 475/349/188
f 476/394/188 477/345/182 478/393/219
f 478/393/219 477/345/182 479/392/181
f 480/348/181 479/392/181 477/345/182
f 481/381/220 482/339/221 483/383/221
f 482/339/221 484/385/222 483/383/221
f 482/339/221 481/381/220 485/340/223
f 484/385/222 482/339/221 486/343/224
f 487/395/225 488/396/226 489/397/227
f 488/396/226 490/398/228 489/397/227
f 491/399/229 487/395/225 489/397/227
f 490/398/228 492/400/230 489/397/227
f 493/401/231 491/399/229 489/397/227
f 492/400/230 494/402/232 489/397/227
f 495/403/233 493/401/231 489/397/227
f 494/402/232 495/403/233 489/397/227
f 498/404/227 496/405/234 497/406/234
f 496/405/234 498/404/227 499/407/227
f 500/408/227 501/405/234 502/406/234
f 501/405/234 500/408/227 503/409/227
f 504/410/227 505/411/227 506/412/227
f 505/411/227 504/410/227 507/413/227
f 509/414/235 508/415/236 510/416/237
f 510/416/237 508/415/236 511/417/237
f 512/418/238 510/416/237 511/417/237
f 510/416/237 512/418/238 513/419/239
f 516/420/240 514/421/241 515/422/242
f 514/421/241 516/420/240 517/423/240
f 518/424/243 517/423/240 516/420/240
f 516/420/240 519/425/244 518/424/243
f 522/426/245 520/427/188 521/428/188
f 520/427/188 522/426/245 523/429/245
f 523/429/245 522/426/245 524/430/246
f 524/430/246 522/426/245 525/431/246
f 528/432/247 526/433/248 527/434/249
f 526/433/248 528/432/247 529/435/247
f 528/432/247 530/436/186 529/435/247
f 530/436/186 528/432/247 531/437/250
f 532/438/251 534/439/252 533/440/251
f 535/441/245 534/439/252 532/438/251
f 536/442/188 534/439/252 535/441/245
f 534/439/252 536/442/188 537/443/188
f 540/444/253 538/443/254 539/445/255
f 538/443/254 540/444/253 541/439/256
f 541/439/256 540/444/253 542/440/257
f 542/440/257 540/444/253 543/446/258
f 544/446/246 546/447/245 545/448/246
f 547/444/245 546/447/245 544/446/246
f 548/445/188 546/447/245 547/444/245
f 546/447/245 548/445/188 549/449/188
f 550/450/245 551/451/245 552/452/245
f 552/452/245 551/451/245 553/453/245
f 551/451/245 554/454/245 553/453/245
f 555/455/245 553/453/245 554/454/245
f 556/456/245 551/451/245 550/450/245
f 550/450/245 552/452/245 557/457/245
f 558/458/245 556/456/245 550/450/245
f 559/459/245 556/456/245 558/458/245
f 559/459/245 558/458/245 560/460/245
f 550/450/245 557/457/245 561/461/245
f 557/457/245 562/462/245 561/461/245
f 562/462/245 557/457/245 563/463/245
f 565/464/188 566/435/245 564/436/188
f 566/435/245 565/464/188 567/465/245
f 566/435/245 567/465/245 568/433/251
f 568/433/251 567/465/245 569/466/251
f 572/418/251 574/467/245 570/468/251
f 571/415/188 573/469/188 575/417/245
f 575/417/245 574/467/245 572/418/251
f 575/417/245 573/469/188 574/467/245
f 576/470/251 578/471/245 577/472/251
f 579/473/245 578/471/245 576/470/251
f 579/473/245 580/474/188 578/471/245
f 581/475/188 580/474/188 579/473/245
f 582/476/245 583/477/251 584/478/245
f 583/477/251 582/476/245 585/479/251
f 584/478/245 586/480/188 582/476/245
f 587/481/188 586/480/188 584/478/245
f 592/447/259 588/477/260 590/448/261
f 589/481/199 592/447/259 591/449/200
f 588/477/260 592/447/259 593/478/262
f 592/447/259 589/481/199 593/478/262
f 596/426/263 594/438/264 595/431/265
f 594/438/264 596/426/263 597/441/266
f 596/426/263 598/442/201 597/441/266
f 599/428/267 598/442/201 596/426/263
f 600/476/268 601/432/268 602/479/269
f 603/480/205 601/432/268 600/476/268
f 602/479/269 601/432/268 604/434/270
f 601/432/268 603/480/205 605/437/271
f 610/482/272 608/483/273 606/427/274
f 610/482/272 607/430/275 609/484/276
f 610/482/272 606/427/274 611/429/272
f 607/430/275 610/482/272 611/429/272
f 612/465/268 613/473/268 614/466/269
f 615/464/205 613/473/268 612/465/268
f 614/466/269 613/473/268 616/470/277
f 613/473/268 615/464/205 617/475/278
f 618/422/188 619/483/188 620/420/245
f 620/420/245 619/483/188 621/482/279
f 622/484/251 620/420/245 621/482/279
f 620/420/245 622/484/251 623/425/251
f 626/416/280 624/474/222 625/414/281
f 624/474/222 626/416/280 627/471/280
f 627/471/280 626/416/280 628/472/282
f 628/472/282 626/416/280 629/419/283
f 632/339/284 630/342/285 631/343/286
f 630/342/285 632/339/284 633/341/284
f 633/341/284 632/339/284 634/338/287
f 635/340/288 634/338/287 632/339/284
f 636/347/289 640/345/290 638/349/291
f 640/345/290 637/344/292 639/348/244
f 640/345/290 636/347/289 641/346/293
f 637/344/292 640/345/290 641/346/293
f 644/355/294 642/353/295 646/351/296
f 646/351/296 643/350/297 645/354/297
f 647/352/296 646/351/296 642/353/295
f 643/350/297 646/351/296 647/352/296
f 648/359/298 649/357/40 650/361/40
f 650/361/40 649/357/40 651/356/248
f 649/357/40 648/359/298 652/360/299
f 649/357/40 653/358/249 651/356/248
f 654/485/300 655/486/296 656/487/300
f 655/486/296 654/485/300 657/488/296
f 655/486/296 657/488/296 658/489/301
f 658/489/301 657/488/296 659/490/301
f 660/491/296 661/492/296 662/493/296
f 662/493/296 661/492/296 663/494/296
f 664/495/297 665/363/302 666/367/303
f 666/367/303 665/363/302 667/362/294
f 665/363/302 664/495/297 668/366/297
f 669/364/295 667/362/294 665/363/302
f 670/489/296 671/490/296 672/496/296
f 672/496/296 671/490/296 673/497/296
f 674/498/296 675/487/296 676/499/296
f 675/487/296 674/498/296 677/485/296
f 680/370/304 678/364/305 682/368/306
f 682/368/306 679/366/257 681/500/307
f 678/364/305 683/363/306 682/368/306
f 679/366/257 682/368/306 683/363/306
f 684/500/297 685/371/296 686/368/296
f 686/368/296 685/371/296 687/370/294
f 685/371/296 684/500/297 688/373/297
f 689/372/294 687/370/294 685/371/296
f 690/376/295 691/359/295 692/375/296
f 694/361/296 692/375/296 691/359/295
f 692/375/296 694/361/296 695/374/297
f 693/356/297 695/374/297 694/361/296
f 696/379/295 697/342/295 698/378/296
f 697/342/295 699/341/296 698/378/296
f 698/378/296 699/341/296 700/377/308
f 699/341/296 701/338/297 700/377/308
f 702/385/295 703/384/295 704/382/296
f 702/385/295 704/382/296 705/383/296
f 705/383/296 704/382/296 706/380/297
f 705/383/296 706/380/297 707/381/297
f 708/391/297 709/390/308 710/389/296
f 711/387/296 710/389/296 709/390/308
f 710/389/296 711/387/296 712/386/295
f 713/388/295 712/386/295 711/387/296
f 716/371/309 714/386/310 715/372/311
f 714/386/310 716/371/309 717/389/309
f 717/389/309 716/371/309 718/391/312
f 716/371/309 719/373/261 718/391/312
f 720/367/62 721/351/62 722/495/313
f 723/362/314 721/351/62 720/367/62
f 721/351/62 724/354/315 722/495/313
f 721/351/62 723/362/314 725/355/316
f 728/357/317 726/390/269 727/358/270
f 726/390/269 728/357/317 729/387/317
f 730/388/318 729/387/317 728/357/317
f 731/360/319 730/388/318 728/357/317
f 732/494/300 734/501/296 733/493/300
f 734/501/296 732/494/300 735/502/296
f 735/502/296 736/499/301 734/501/296
f 736/499/301 735/502/296 737/498/301
f 740/393/320 738/353/321 739/394/322
f 738/353/321 740/393/320 741/352/320
f 740/393/320 742/350/323 741/352/320
f 740/393/320 743/392/324 742/350/323
f 746/382/317 744/374/269 745/380/277
f 744/374/269 746/382/317 747/375/317
f 748/376/318 747/375/317 746/382/317
f 749/384/325 748/376/318 746/382/317
f 750/392/297 752/345/296 751/348/297
f 752/345/296 750/392/297 753/393/303
f 754/394/295 752/345/296 753/393/303
f 752/345/296 754/394/295 755/349/295
f 758/343/326 756/385/327 760/339/328
f 760/339/328 757/381/329 759/340/330
f 756/385/327 761/383/328 760/339/328
f 757/381/329 760/339/328 761/383/328
f 762/503/331 763/504/331 764/505/331
f 765/506/331 763/504/331 762/503/331
f 765/506/331 766/507/331 763/504/331
f 766/507/331 765/506/331 767/508/331
f 768/509/331 763/504/331 766/507/331
f 763/504/331 768/509/331 769/510/331
f 770/511/331 771/512/331 772/513/331
f 770/511/331 772/513/331 773/514/331
f 775/515/332 776/516/331 774/517/332
f 777/518/331 774/517/332 776/516/331
f 778/517/332 779/515/332 780/519/331
f 781/520/331 778/517/332 780/519/331
f 784/521/333 782/522/334 783/523/335
f 782/522/334 784/521/333 785/524/336
f 785/524/336 784/521/333 786/525/337
f 784/521/333 787/526/338 786/525/337
f 788/527/339 790/528/340 789/529/341
f 790/528/340 788/527/339 791/530/340
f 792/531/342 790/528/340 791/530/340
f 790/528/340 792/531/342 793/532/343
f 795/533/344 794/534/344 796/535/87
f 796/535/87 794/534/344 797/536/87
f 798/537/295 796/535/87 797/536/87
f 796/535/87 798/537/295 799/538/295
f 802/539/345 801/540/346 800/541/298
f 800/541/298 803/542/345 802/539/345
f 804/543/184 802/539/345 803/542/345
f 802/539/345 804/543/184 805/544/185
f 808/545/87 806/546/295 807/547/295
f 806/546/295 808/545/87 809/548/87
f 808/545/87 810/549/347 809/548/87
f 811/550/347 810/549/347 808/545/87
f 814/551/348 813/552/349 812/550/189
f 814/551/348 812/550/189 815/545/348
f 816/547/350 814/551/348 815/545/348
f 814/551/348 816/547/350 817/553/351
f 820/554/87 818/553/295 819/555/295
f 818/553/295 820/554/87 821/551/87
f 820/554/87 822/552/347 821/551/87
f 823/556/347 822/552/347 820/554/87
f 824/557/87 825/558/87 826/559/87
f 825/558/87 824/557/87 827/560/87
f 826/559/87 825/558/87 828/561/87
f 829/562/87 826/559/87 828/561/87
f 828/561/87 830/563/87 829/562/87
f 829/562/87 830/563/87 831/564/87
f 832/565/87 829/562/87 831/564/87
f 831/564/87 833/566/87 832/565/87
f 830/563/87 828/561/87 834/567/87
f 834/567/87 828/561/87 835/568/87
f 835/568/87 836/569/87 834/567/87
f 836/569/87 835/568/87 837/570/87
f 838/571/347 839/543/347 840/572/87
f 840/572/87 839/543/347 841/542/87
f 840/572/87 841/542/87 842/573/352
f 842/573/352 841/542/87 843/541/295
f 844/574/295 845/575/87 846/524/87
f 845/575/87 847/522/347 846/524/87
f 844/574/295 846/524/87 848/525/295
f 845/575/87 849/576/347 847/522/347
f 852/577/87 851/578/295 850/579/295
f 851/578/295 852/577/87 853/580/87
f 852/577/87 854/581/347 853/580/87
f 855/582/347 854/581/347 852/577/87
f 857/583/295 859/584/87 856/585/295
f 861/586/87 859/584/87 857/583/295
f 858/587/347 860/588/347 861/586/87
f 861/586/87 860/588/347 859/584/87
f 862/585/353 863/584/354 864/554/355
f 865/588/356 864/554/355 863/584/354
f 864/554/355 866/555/311 862/585/353
f 864/554/355 865/588/356 867/556/197
f 870/535/357 869/538/358 868/546/314
f 868/546/314 871/548/357 870/535/357
f 872/549/359 870/535/357 871/548/357
f 870/535/357 872/549/359 873/533/360
f 878/539/361 874/583/318 876/540/362
f 878/539/361 877/544/210 875/587/209
f 874/583/318 878/539/361 879/586/361
f 878/539/361 875/587/209 879/586/361
f 880/534/363 881/589/364 882/536/364
f 882/536/364 881/589/364 883/537/365
f 881/589/364 880/534/363 884/590/366
f 883/537/365 881/589/364 885/591/367
f 890/580/368 886/573/318 888/578/369
f 889/581/218 887/571/370 890/580/368
f 886/573/318 890/580/368 891/572/361
f 890/580/368 887/571/370 891/572/361
f 894/528/87 892/590/347 893/529/347
f 892/590/347 894/528/87 895/589/371
f 895/589/371 894/528/87 896/591/295
f 896/591/295 894/528/87 897/532/295
f 900/521/372 899/523/373 898/582/374
f 900/521/372 898/582/374 901/577/372
f 902/579/327 900/521/372 901/577/372
f 900/521/372 902/579/327 903/526/375
usemtl Meshpart4Mtl
f 904/592/245 905/593/376 906/594/376
f 907/595/377 906/594/376 905/593/376
f 906/594/376 907/595/377 908/596/377
f 908/596/377 907/595/377 909/597/377
f 905/593/376 904/592/245 910/598/245
f 911/599/378 910/598/245 904/592/245
f 910/598/245 911/599/378 912/600/379
f 913/601/380 914/602/380 915/603/380
f 914/602/380 913/601/380 916/604/380
f 917/605/381 918/606/381 919/607/381
f 917/605/381 920/608/381 918/606/381
f 918/606/381 920/608/381 921/609/381
f 917/605/381 922/610/381 920/608/381
f 922/610/381 917/605/381 923/611/381
f 924/612/381 920/608/381 922/610/381
f 924/612/381 925/613/381 920/608/381
f 928/598/87 927/599/382 926/600/383
f 927/599/382 928/598/87 929/592/87
f 930/593/384 929/592/87 928/598/87
f 929/592/87 930/593/384 931/594/385
f 930/593/384 932/614/386 931/594/385
f 932/614/386 930/593/384 933/597/386
f 933/597/386 934/596/386 932/614/386
f 935/615/379 937/616/387 936/617/378
f 937/616/387 935/615/379 938/618/387
f 938/618/387 939/619/388 937/616/387
f 940/618/389 941/620/390 942/619/390
f 941/620/390 940/618/389 943/621/391
f 943/621/391 944/622/392 941/620/390
usemtl Meshpart5Mtl
f 947/623/393 945/624/269 946/625/394
f 945/624/269 947/623/393 948/626/395
f 947/623/393 949/627/396 948/626/395
f 947/623/393 950/628/397 949/627/396
f 952/629/398 953/630/399 951/631/400
f 953/630/399 952/629/398 954/632/401
f 954/632/401 955/633/402 953/630/399
f 955/633/402 954/632/401 956/634/403
f 957/635/404 958/636/405 959/637/406
f 958/636/405 957/635/404 960/638/407
f 961/639/408 960/638/407 957/635/404
f 960/638/407 961/639/408 962/640/409
f 965/641/410 963/642/411 964/643/412
f 963/642/411 965/641/410 966/644/413
f 965/641/410 967/645/414 966/644/413
f 967/645/414 965/641/410 968/646/415
f 971/647/416 969/648/417 970/649/418
f 969/648/417 971/647/416 972/650/419
f 975/651/420 973/652/421 974/653/422
f 973/652/421 975/651/420 976/654/423
f 977/655/245 978/656/245 979/657/245
f 977/655/245 979/657/245 980/658/424
f 980/658/424 979/657/245 981/659/245
f 978/656/245 977/655/245 982/660/245
f 983/661/245 978/656/245 982/660/245
f 982/660/245 977/655/245 984/662/245
f 978/656/245 983/661/245 985/663/245
f 986/664/245 985/663/245 983/661/245
f 987/665/245 985/663/245 986/664/245
f 977/655/245 988/666/245 984/662/245
f 985/663/245 987/665/245 989/667/245
f 990/668/245 989/667/245 987/665/245
f 989/667/245 990/668/245 991/669/245
f 987/665/245 992/670/245 990/668/245
f 992/670/245 987/665/245 993/671/425
f 993/671/425 987/665/245 994/672/426
f 984/662/245 988/666/245 995/673/245
f 995/673/245 996/674/245 984/662/245
f 997/675/245 996/674/245 995/673/245
f 998/648/245 996/674/245 997/675/245
f 996/674/245 998/648/245 999/654/245
f 998/648/245 1000/676/245 999/654/245
f 999/654/245 1000/676/245 1001/652/427
f 1000/676/245 998/648/245 1002/650/245
f 1000/676/245 1002/650/245 1003/677/245
f 1004/678/245 995/673/245 988/666/245
f 988/666/245 1005/679/245 1004/678/245
f 1006/680/245 1004/678/245 1005/679/245
f 1005/679/245 988/666/245 1007/681/245
f 1008/682/245 1004/678/245 1006/680/245
f 988/666/245 1009/683/245 1007/681/245
f 1004/678/245 1008/682/245 1010/633/245
f 1009/683/245 988/666/245 1011/636/245
f 1012/684/245 1010/633/245 1008/682/245
f 1011/636/245 1013/685/245 1009/683/245
f 1010/633/245 1012/684/245 1014/630/245
f 1015/638/245 1013/685/245 1011/636/245
f 1014/630/245 1012/684/245 1016/686/245
f 1013/685/245 1015/638/245 1017/687/245
f 1016/686/245 1018/631/245 1014/630/245
f 1019/640/245 1017/687/245 1015/638/245
f 1018/631/245 1016/686/245 1020/688/245
f 1017/687/245 1019/640/245 1021/689/245
f 1018/631/245 1020/688/245 1022/690/245
f 1023/691/245 1021/689/245 1019/640/245
f 1024/692/245 1022/690/245 1020/688/245
f 1021/689/245 1023/691/245 1025/693/245
f 1022/690/245 1024/692/245 1026/694/245
f 1027/695/245 1025/693/245 1023/691/245
f 1028/696/245 1026/694/245 1024/692/245
f 1025/693/245 1027/695/245 1029/697/245
f 1026/694/245 1028/696/245 1030/698/245
f 1031/699/245 1029/697/245 1027/695/245
f 1032/700/245 1030/698/245 1028/696/245
f 1029/697/245 1031/699/245 1033/701/245
f 1030/698/245 1032/700/245 1034/702/245
f 1031/699/245 1035/703/245 1033/701/245
f 1034/702/245 1032/700/245 1036/704/245
f 1037/705/245 1035/703/245 1031/699/245
f 1034/702/245 1036/704/245 1038/706/245
f 1035/703/245 1037/705/245 1039/707/245
f 1038/706/245 1040/708/245 1034/702/245
f 1037/705/245 1041/709/245 1039/707/245
f 1040/708/245 1038/706/245 1042/710/245
f 1041/709/245 1037/705/245 1043/711/245
f 1040/708/245 1042/710/245 1044/627/245
f 1043/711/245 1045/712/245 1041/709/245
f 1046/713/245 1044/627/245 1042/710/245
f 1047/642/245 1045/712/245 1043/711/245
f 1048/714/245 1044/627/245 1046/713/245
f 1045/712/245 1047/642/245 1049/715/245
f 1044/627/245 1048/714/245 1050/626/245
f 1051/644/245 1049/715/245 1047/642/245
f 1052/716/245 1050/626/245 1048/714/245
f 1051/644/245 1053/717/245 1049/715/245
f 1050/626/245 1052/716/245 1054/624/245
f 1053/717/245 1051/644/245 1055/645/245
f 1056/718/245 1054/624/245 1052/716/245
f 1055/645/245 1057/719/245 1053/717/245
f 1054/624/245 1056/718/245 1058/720/245
f 1059/721/245 1057/719/245 1055/645/245
f 1060/722/245 1058/720/245 1056/718/245
f 1057/719/245 1059/721/245 1061/723/245
f 1058/720/245 1060/722/245 1062/724/245
f 1063/725/245 1061/723/245 1059/721/245
f 1062/724/245 1060/722/245 1064/726/245
f 1061/723/245 1063/725/245 1065/727/245
f 1065/727/245 1064/726/245 1060/722/245
f 1064/726/245 1065/727/245 1063/725/245
f 1066/728/428 1067/729/429 1068/730/428
f 1067/729/429 1069/731/430 1068/730/428
f 1067/729/429 1070/732/431 1069/731/430
f 1071/733/432 1069/731/430 1070/732/431
f 1070/732/431 1072/734/433 1071/733/432
f 1072/734/433 1070/732/431 1073/735/434
f 1076/736/435 1075/684/436 1074/737/437
f 1075/684/436 1076/736/435 1077/686/438
f 1078/738/439 1077/686/438 1076/736/435
f 1077/686/438 1078/738/439 1079/688/440
f 1082/714/441 1081/713/442 1080/739/443
f 1082/714/441 1080/739/443 1083/740/444
f 1084/716/445 1082/714/441 1083/740/444
f 1084/716/445 1083/740/444 1085/741/446
f 1086/742/447 1088/715/448 1087/717/449
f 1088/715/448 1086/742/447 1089/743/450
f 1090/744/451 1088/715/448 1089/743/450
f 1088/715/448 1090/744/451 1091/712/452
f 1092/745/453 1094/687/454 1093/689/455
f 1094/687/454 1092/745/453 1095/746/456
f 1095/746/456 1096/685/457 1094/687/454
f 1096/685/457 1095/746/456 1097/747/458
f 1099/748/459 1100/731/460 1098/733/461
f 1100/731/460 1099/748/459 1101/749/462
f 1106/750/463 1105/751/464 1104/752/465
f 1106/750/463 1104/752/465 1107/753/466
f 1110/754/467 1107/753/466 1104/752/465
f 1107/753/466 1110/754/467 1111/755/468
f 1110/754/467 1112/756/469 1111/755/468
f 1112/756/469 1110/754/467 1113/757/470
f 1102/758/471 1103/759/472 1114/760/473
f 1103/759/472 1108/761/474 1114/760/473
f 1116/762/475 1115/763/476 1114/760/473
f 1114/760/473 1108/761/474 1116/762/475
f 1115/763/476 1116/762/475 1117/764/477
f 1108/761/474 1118/765/478 1116/762/475
f 1108/761/474 1109/766/479 1118/765/478
f 1109/766/479 1119/767/480 1118/765/478
f 1120/768/481 1117/764/477 1116/762/475
f 1116/762/475 1118/765/478 1120/768/481
f 1117/764/477 1120/768/481 1121/769/482
f 1118/765/478 1119/767/480 1122/770/483
f 1118/765/478 1122/770/483 1120/768/481
f 1119/767/480 1123/771/484 1122/770/483
f 1124/772/485 1122/770/483 1123/771/484
f 1125/773/486 1121/769/482 1120/768/481
f 1120/768/481 1122/770/483 1125/773/486
f 1121/769/482 1125/773/486 1126/774/487
f 1127/775/488 1126/774/487 1125/773/486
f 1122/770/483 1124/772/485 1128/776/489
f 1122/770/483 1128/776/489 1125/773/486
f 1129/777/490 1128/776/489 1124/772/485
f 1125/773/486 1130/778/491 1127/775/488
f 1125/773/486 1128/776/489 1130/778/491
f 1127/775/488 1130/778/491 1131/779/492
f 1128/776/489 1129/777/490 1132/780/493
f 1128/776/489 1132/780/493 1130/778/491
f 1133/781/494 1132/780/493 1129/777/490
f 1129/777/490 1134/782/495 1133/781/494
f 1130/778/491 1132/780/493 1135/783/496
f 1130/778/491 1135/783/496 1131/779/492
f 1132/780/493 1133/781/494 1135/783/496
f 1136/784/497 1133/781/494 1134/782/495
f 1131/779/492 1135/783/496 1137/785/411
f 1133/781/494 1136/784/497 1138/786/498
f 1135/783/496 1133/781/494 1139/787/499
f 1135/783/496 1139/787/499 1137/785/411
f 1133/781/494 1138/786/498 1139/787/499
f 1139/787/499 1138/786/498 1140/788/500
f 1138/786/498 1141/789/501 1140/788/500
f 1143/790/433 1144/791/502 1142/792/434
f 1143/790/433 1145/793/502 1144/791/502
f 1147/794/503 1146/795/504 1148/796/505
f 1149/797/506 1148/796/505 1150/798/507
f 1146/795/504 1151/799/508 1148/796/505
f 1153/800/509 1151/799/508 1152/801/510
f 1148/796/505 1154/802/511 1150/798/507
f 1148/796/505 1151/799/508 1154/802/511
f 1154/802/511 1155/803/512 1150/798/507
f 1151/799/508 1153/800/509 1156/804/513
f 1151/799/508 1156/804/513 1154/802/511
f 1157/805/514 1156/804/513 1153/800/509
f 1155/803/512 1154/802/511 1158/806/515
f 1154/802/511 1156/804/513 1158/806/515
f 1155/803/512 1158/806/515 1159/807/516
f 1156/804/513 1157/805/514 1160/808/517
f 1156/804/513 1160/808/517 1158/806/515
f 1161/809/518 1160/808/517 1157/805/514
f 1158/806/515 1162/810/519 1159/807/516
f 1158/806/515 1160/808/517 1162/810/519
f 1160/808/517 1161/809/518 1163/811/520
f 1160/808/517 1163/811/520 1162/810/519
f 1164/812/521 1159/807/516 1162/810/519
f 1163/811/520 1164/812/521 1162/810/519
f 1159/807/516 1164/812/521 1165/813/522
f 1163/811/520 1161/809/518 1166/814/523
f 1164/812/521 1163/811/520 1166/814/523
f 1161/809/518 1167/815/524 1166/814/523
f 1168/778/525 1165/813/522 1164/812/521
f 1164/812/521 1166/814/523 1168/778/525
f 1165/813/522 1168/778/525 1169/816/526
f 1166/814/523 1167/815/524 1170/817/527
f 1170/817/527 1168/778/525 1166/814/523
f 1167/815/524 1171/818/528 1170/817/527
f 1172/819/529 1169/816/526 1168/778/525
f 1168/778/525 1170/817/527 1172/819/529
f 1169/816/526 1172/819/529 1173/820/477
f 1174/821/530 1173/820/477 1172/819/529
f 1172/819/529 1170/817/527 1174/821/530
f 1173/820/477 1174/821/530 1175/822/531
f 1170/817/527 1171/818/528 1176/823/532
f 1170/817/527 1176/823/532 1174/821/530
f 1171/818/528 1177/824/533 1176/823/532
f 1174/821/530 1176/823/532 1178/783/444
f 1176/823/532 1179/781/534 1178/783/444
f 1182/791/535 1180/825/536 1181/792/537
f 1180/825/536 1182/791/535 1183/826/538
f 1184/827/539 1185/828/540 1186/829/541
f 1187/830/542 1188/831/543 1189/832/544
f 1184/827/539 1187/830/542 1189/832/544
f 1188/831/543 1187/830/542 1190/833/545
f 1191/834/546 1190/833/545 1187/830/542
f 1186/829/541 1192/835/547 1184/827/539
f 1187/830/542 1184/827/539 1192/835/547
f 1192/835/547 1186/829/541 1193/836/548
f 1194/837/549 1192/835/547 1193/836/548
f 1187/830/542 1195/838/550 1191/834/546
f 1195/838/550 1187/830/542 1192/835/547
f 1196/839/551 1191/834/546 1195/838/550
f 1192/835/547 1194/837/549 1197/840/552
f 1197/840/552 1195/838/550 1192/835/547
f 1198/841/553 1197/840/552 1194/837/549
f 1199/842/554 1196/839/551 1195/838/550
f 1199/842/554 1195/838/550 1197/840/552
f 1200/843/269 1196/839/551 1199/842/554
f 1197/840/552 1198/841/553 1201/844/555
f 1201/844/555 1199/842/554 1197/840/552
f 1202/845/318 1201/844/555 1198/841/553
f 1203/846/556 1200/843/269 1199/842/554
f 1203/846/556 1199/842/554 1201/844/555
f 1205/847/557 1203/846/556 1201/844/555
f 1201/844/555 1202/845/318 1205/847/557
f 1204/848/393 1203/846/556 1205/847/557
f 1206/849/558 1204/848/393 1205/847/557
f 1209/850/501 1211/851/559 1207/852/560
f 1211/851/559 1209/850/501 1212/853/561
f 1213/854/562 1212/853/561 1210/855/563
f 1214/856/564 1208/857/414 1211/851/559
f 1212/853/561 1214/856/564 1211/851/559
f 1214/856/564 1212/853/561 1213/854/562
f 1208/857/414 1214/856/564 1215/858/565
f 1213/854/562 1210/855/563 1185/828/540
f 1189/832/544 1215/858/565 1214/856/564
f 1213/854/562 1189/832/544 1214/856/564
f 1215/858/565 1189/832/544 1188/831/543
f 1185/828/540 1184/827/539 1213/854/562
f 1189/832/544 1213/854/562 1184/827/539
f 1216/859/566 1217/860/567 1218/861/568
f 1219/862/569 1217/860/567 1220/863/570
f 1217/860/567 1219/862/569 1218/861/568
f 1221/864/571 1218/861/568 1219/862/569
f 1217/860/567 1216/859/566 1222/865/572
f 1223/866/573 1222/865/572 1216/859/566
f 1223/866/573 1224/867/574 1222/865/572
f 1216/859/566 1225/868/575 1223/866/573
f 1218/861/568 1226/869/576 1216/859/566
f 1225/868/575 1216/859/566 1226/869/576
f 1218/861/568 1221/864/571 1227/870/577
f 1226/869/576 1218/861/568 1227/870/577
f 1228/871/578 1229/872/579 1230/873/580
f 1231/874/581 1228/871/578 1230/873/580
f 1228/871/578 1231/874/581 1232/875/582
f 1230/873/580 1233/876/583 1231/874/581
f 1232/875/582 1234/877/584 1228/871/578
f 1234/877/584 1232/875/582 1235/878/585
f 1234/877/584 1236/879/586 1228/871/578
f 1236/879/586 1229/872/579 1228/871/578
f 1236/879/586 1238/880/587 1229/872/579
f 1238/880/587 1236/879/586 1239/881/588
f 1240/882/543 1229/872/579 1238/880/587
f 1234/877/584 1241/883/589 1236/879/586
f 1241/883/589 1234/877/584 1237/884/590
f 1229/872/579 1240/882/543 1242/885/591
f 1229/872/579 1242/885/591 1230/873/580
f 1243/886/592 1242/885/591 1240/882/543
f 1248/887/593 1246/888/594 1244/889/595
f 1249/890/596 1247/891/597 1248/887/593
f 1250/892/598 1248/887/593 1244/889/595
f 1251/893/599 1250/892/598 1245/894/600
f 1252/895/601 1249/890/596 1248/887/593
f 1252/895/601 1248/887/593 1250/892/598
f 1253/896/602 1249/890/596 1252/895/601
f 1250/892/598 1251/893/599 1254/897/603
f 1254/897/603 1252/895/601 1250/892/598
f 1255/898/604 1254/897/603 1251/893/599
f 1256/899/605 1253/896/602 1252/895/601
f 1256/899/605 1252/895/601 1254/897/603
f 1243/886/592 1253/896/602 1256/899/605
f 1254/897/603 1255/898/604 1257/900/606
f 1257/900/606 1256/899/605 1254/897/603
f 1233/876/583 1257/900/606 1255/898/604
f 1258/901/607 1243/886/592 1256/899/605
f 1258/901/607 1256/899/605 1257/900/606
f 1242/885/591 1243/886/592 1258/901/607
f 1257/900/606 1233/876/583 1259/902/608
f 1259/902/608 1258/901/607 1257/900/606
f 1242/885/591 1258/901/607 1259/902/608
f 1233/876/583 1230/873/580 1259/902/608
f 1230/873/580 1242/885/591 1259/902/608
f 1260/903/381 1261/904/609 1262/905/381
f 1262/905/381 1261/904/609 1263/906/381
f 1261/904/609 1260/903/381 1264/907/381
f 1265/908/381 1262/905/381 1263/906/381
f 1260/903/381 1266/909/381 1264/907/381
f 1266/909/381 1267/910/381 1264/907/381
f 1267/910/381 1266/909/381 1268/911/381
f 1267/910/381 1268/911/381 1269/912/381
f 1268/911/381 1270/913/381 1269/912/381
f 1271/914/381 1262/905/381 1265/908/381
f 1272/915/381 1271/914/381 1265/908/381
f 1271/914/381 1272/915/381 1273/916/381
f 1274/917/381 1271/914/381 1273/916/381
f 1271/914/381 1274/917/381 1275/918/381
f 1276/919/381 1275/918/381 1274/917/381
f 1275/918/381 1276/919/381 1277/920/381
f 1278/921/381 1270/913/381 1268/911/381
f 1276/919/381 1278/921/381 1277/920/381
f 1278/921/381 1279/922/381 1270/913/381
f 1280/923/381 1278/921/381 1276/919/381
f 1279/922/381 1278/921/381 1280/923/381
f 1281/903/610 1282/924/611 1283/925/612
f 1282/924/611 1281/903/610 1285/905/613
f 1288/926/614 1286/909/615 1284/927/616
f 1286/909/615 1288/926/614 1290/911/617
f 1291/918/618 1287/928/619 1289/914/620
f 1287/928/619 1291/918/618 1292/929/621
f 1293/930/318 1295/931/622 1294/932/557
f 1295/931/622 1293/930/318 1296/933/623
f 1297/934/624 1295/931/622 1296/933/623
f 1295/931/622 1297/934/624 1298/935/625
f 1301/936/626 1300/937/627 1299/938/628
f 1300/937/627 1301/936/626 1302/939/629
f 1303/940/630 1302/939/629 1301/936/626
f 1302/939/629 1303/940/630 1304/941/631
f 1307/942/632 1306/943/633 1305/944/634
f 1306/943/633 1307/942/632 1308/945/635
f 1308/945/635 1309/946/636 1306/943/633
f 1309/946/636 1308/945/635 1310/947/479
f 1313/948/637 1312/949/498 1311/950/638
f 1312/949/498 1313/948/637 1314/951/501
f 1315/952/639 1314/951/501 1313/948/637
f 1314/951/501 1315/952/639 1316/953/561
f 1319/954/640 1318/955/641 1317/956/642
f 1319/954/640 1317/956/642 1320/957/643
f 1321/958/644 1323/959/645 1322/960/646
f 1321/958/644 1324/961/647 1323/959/645
f 1325/945/87 1326/962/87 1327/963/87
f 1326/962/87 1325/945/87 1328/942/87
f 1325/945/87 1327/963/87 1329/947/87
f 1328/942/87 1330/964/87 1326/962/87
f 1331/965/87 1329/947/87 1327/963/87
f 1329/947/87 1331/965/87 1332/966/87
f 1333/967/87 1332/966/87 1331/965/87
f 1332/966/87 1333/967/87 1334/968/87
f 1335/969/87 1334/968/87 1333/967/87
f 1334/968/87 1335/969/87 1336/970/87
f 1337/971/87 1336/970/87 1335/969/87
f 1337/971/87 1338/972/87 1336/970/87
f 1338/972/87 1337/971/87 1339/973/87
f 1340/974/87 1338/972/87 1339/973/87
f 1340/974/87 1341/975/87 1338/972/87
f 1341/975/87 1340/974/87 1342/976/87
f 1341/975/87 1342/976/87 1343/977/87
f 1344/978/87 1341/975/87 1343/977/87
f 1341/975/87 1344/978/87 1345/950/87
f 1344/978/87 1346/948/87 1345/950/87
f 1346/948/87 1344/978/87 1347/979/87
f 1348/980/87 1346/948/87 1347/979/87
f 1346/948/87 1348/980/87 1349/952/87
f 1350/981/87 1349/952/87 1348/980/87
f 1349/952/87 1350/981/87 1351/982/87
f 1352/983/87 1351/982/87 1350/981/87
f 1351/982/87 1352/983/87 1353/984/87
f 1354/985/87 1353/984/87 1352/983/87
f 1353/984/87 1354/985/87 1355/986/87
f 1356/987/87 1355/986/87 1354/985/87
f 1355/986/87 1356/987/87 1357/988/87
f 1357/988/87 1356/987/87 1358/989/87
f 1358/989/87 1356/987/87 1359/990/87
f 1359/990/87 1360/930/87 1358/989/87
f 1360/930/87 1359/990/87 1361/991/87
f 1360/930/87 1361/991/87 1362/933/87
f 1363/992/87 1362/933/87 1361/991/87
f 1362/933/87 1363/992/87 1364/934/87
f 1365/993/87 1364/934/87 1363/992/87
f 1366/994/87 1364/934/87 1365/993/87
f 1364/934/87 1366/994/87 1367/995/87
f 1368/996/87 1367/995/87 1366/994/87
f 1367/995/87 1368/996/87 1369/997/87
f 1370/998/87 1369/997/87 1368/996/87
f 1369/997/87 1370/998/87 1371/999/87
f 1372/1000/87 1371/999/87 1370/998/87
f 1371/999/87 1372/1000/87 1373/1001/87
f 1374/1002/87 1373/1001/87 1372/1000/87
f 1373/1001/87 1374/1002/87 1375/1003/87
f 1376/1004/87 1375/1003/87 1374/1002/87
f 1376/1004/87 1377/938/87 1375/1003/87
f 1378/1005/87 1377/938/87 1376/1004/87
f 1377/938/87 1378/1005/87 1379/936/87
f 1380/1006/87 1379/936/87 1378/1005/87
f 1380/1006/87 1381/940/87 1379/936/87
f 1382/1007/87 1381/940/87 1380/1006/87
f 1381/940/87 1382/1007/87 1383/1008/87
f 1384/1009/87 1383/1008/87 1382/1007/87
f 1385/1010/87 1383/1008/87 1384/1009/87
f 1383/1008/87 1385/1010/87 1386/1011/87
f 1387/1012/87 1386/1011/87 1385/1010/87
f 1330/964/87 1386/1011/87 1387/1012/87
f 1386/1011/87 1330/964/87 1328/942/87
f 1383/1008/87 1386/1011/87 1388/1013/87
f 1386/1011/87 1389/1014/87 1388/1013/87
f 1390/1015/87 1388/1013/87 1389/1014/87
f 1388/1013/87 1390/1015/87 1391/1016/87
f 1386/1011/87 1392/1017/87 1389/1014/87
f 1391/1016/87 1390/1015/87 1393/956/87
f 1389/1014/87 1392/1017/87 1394/1018/87
f 1393/956/87 1390/1015/87 1395/961/87
f 1395/961/87 1396/1019/87 1393/956/87
f 1396/1019/87 1395/961/87 1397/958/87
f 1396/1019/87 1398/957/648 1393/956/87
f 1398/957/648 1396/1019/87 1399/1020/87
f 1400/1021/87 1394/1018/87 1392/1017/87
f 1394/1018/87 1400/1021/87 1401/1022/87
f 1400/1021/87 1392/1017/87 1402/1023/87
f 1402/1023/87 1392/1017/87 1403/1024/87
f 1402/1023/87 1403/1024/87 1404/1025/87
f 1405/1026/87 1401/1022/87 1400/1021/87
f 1401/1022/87 1405/1026/87 1406/1027/87
f 1405/1026/87 1407/1028/87 1406/1027/87
f 1407/1028/87 1405/1026/87 1408/1029/87
f 1409/1030/87 1407/1028/87 1408/1029/87
f 1409/1030/87 1408/1029/87 1410/1031/87
f 1411/1032/371 1407/1028/87 1409/1030/87
f 1412/1033/87 1407/1028/87 1411/1032/371
f 1407/1028/87 1412/1033/87 1413/1034/87
f 1416/1035/649 1414/1036/650 1415/1037/651
f 1414/1036/650 1416/1035/649 1417/1038/649
f 1418/1039/652 1417/1038/649 1416/1035/649
f 1417/1038/649 1418/1039/652 1419/1040/652
f 1419/1040/652 1418/1039/652 1421/1041/502
f 1421/1041/502 1418/1039/652 1420/1042/502
f 1423/1006/653 1424/1043/654 1422/1044/655
f 1424/1043/654 1423/1006/653 1425/1005/656
f 1425/1005/656 1426/1045/657 1424/1043/654
f 1426/1045/657 1425/1005/656 1427/1004/510
f 1430/992/658 1428/1046/659 1429/993/533
f 1428/1046/659 1430/992/658 1431/1047/660
f 1432/991/661 1431/1047/660 1430/992/658
f 1431/1047/660 1432/991/661 1433/1048/662
f 1436/979/663 1434/1049/664 1435/980/665
f 1434/1049/664 1436/979/663 1437/1050/666
f 1436/979/663 1438/1051/667 1437/1050/666
f 1439/978/668 1438/1051/667 1436/979/663
f 1440/1052/669 1438/1051/667 1439/978/668
f 1439/978/668 1441/977/670 1440/1052/669
f 1444/963/671 1442/1053/672 1443/965/673
f 1442/1053/672 1444/963/671 1445/1054/674
f 1446/962/675 1445/1054/674 1444/963/671
f 1445/1054/674 1446/962/675 1447/1055/676
f 1448/1039/614 1450/1035/677 1449/1056/678
f 1449/1056/678 1450/1035/677 1451/1057/679
f 1450/1035/677 1453/1058/680 1451/1057/679
f 1453/1058/680 1450/1035/677 1452/1037/681
f 1458/1059/397 1454/1060/682 1456/1061/683
f 1459/1062/684 1458/1059/397 1456/1061/683
f 1460/1063/685 1455/1064/396 1458/1059/397
f 1460/1063/685 1458/1059/397 1459/1062/684
f 1455/1064/396 1460/1063/685 1461/1065/686
f 1462/1066/687 1459/1062/684 1457/1067/624
f 1462/1066/687 1460/1063/685 1459/1062/684
f 1463/1068/688 1462/1066/687 1457/1067/624
f 1464/1069/689 1461/1065/686 1460/1063/685
f 1464/1069/689 1460/1063/685 1462/1066/687
f 1461/1065/686 1464/1069/689 1465/1070/690
f 1466/1071/691 1462/1066/687 1463/1068/688
f 1466/1071/691 1464/1069/689 1462/1066/687
f 1467/1072/692 1466/1071/691 1463/1068/688
f 1468/1073/693 1465/1070/690 1464/1069/689
f 1468/1073/693 1464/1069/689 1466/1071/691
f 1465/1070/690 1468/1073/693 1469/1074/694
f 1470/1075/695 1469/1074/694 1468/1073/693
f 1471/1076/696 1466/1071/691 1467/1072/692
f 1471/1076/696 1468/1073/693 1466/1071/691
f 1467/1072/692 1472/1077/697 1471/1076/696
f 1473/1078/698 1471/1076/696 1472/1077/697
f 1468/1073/693 1474/1079/699 1470/1075/695
f 1474/1079/699 1468/1073/693 1471/1076/696
f 1475/1080/700 1470/1075/695 1474/1079/699
f 1471/1076/696 1473/1078/698 1476/1081/701
f 1476/1081/701 1474/1079/699 1471/1076/696
f 1477/1082/702 1476/1081/701 1473/1078/698
f 1478/1083/703 1475/1080/700 1474/1079/699
f 1478/1083/703 1474/1079/699 1476/1081/701
f 1479/1084/400 1475/1080/700 1478/1083/703
f 1476/1081/701 1477/1082/702 1480/1085/704
f 1480/1085/704 1478/1083/703 1476/1081/701
f 1481/1086/628 1480/1085/704 1477/1082/702
f 1482/1087/705 1479/1084/400 1478/1083/703
f 1482/1087/705 1478/1083/703 1480/1085/704
f 1480/1085/704 1481/1086/628 1483/1088/706
f 1483/1088/706 1482/1087/705 1480/1085/704
f 1484/1089/707 1482/1087/705 1483/1088/706
f 1485/1090/708 1484/1089/707 1483/1088/706
f 1487/1091/709 1488/1092/710 1486/1093/711
f 1488/1092/710 1487/1091/709 1490/1094/712
f 1492/1095/713 1489/1096/419 1488/1092/710
f 1490/1094/712 1492/1095/713 1488/1092/710
f 1489/1096/419 1492/1095/713 1493/1097/714
f 1491/1098/715 1494/1099/716 1490/1094/712
f 1492/1095/713 1490/1094/712 1494/1099/716
f 1494/1099/716 1491/1098/715 1495/1100/717
f 1496/1101/718 1493/1097/714 1492/1095/713
f 1494/1099/716 1496/1101/718 1492/1095/713
f 1493/1097/714 1496/1101/718 1497/1102/719
f 1495/1100/717 1498/1103/720 1494/1099/716
f 1496/1101/718 1494/1099/716 1498/1103/720
f 1498/1103/720 1495/1100/717 1499/1104/721
f 1496/1101/718 1500/1105/722 1497/1102/719
f 1501/1106/723 1498/1103/720 1499/1104/721
f 1500/1105/722 1496/1101/718 1502/1107/724
f 1498/1103/720 1502/1107/724 1496/1101/718
f 1498/1103/720 1501/1106/723 1503/1108/725
f 1502/1107/724 1498/1103/720 1503/1108/725
f 1504/1109/390 1505/1110/390 1506/1111/726
f 1507/1112/727 1505/1110/390 1504/1109/390
f 1507/1112/727 1508/1113/727 1505/1110/390
f 1506/1111/726 1509/1114/387 1504/1109/390
f 1506/1111/726 1510/1115/728 1509/1114/387
f 1510/1115/728 1506/1111/726 1511/1116/729
f 1512/1117/387 1513/1118/730 1514/1119/390
f 1515/1120/727 1514/1119/390 1513/1118/730
f 1514/1119/390 1515/1120/727 1516/1121/727
f 1513/1118/730 1512/1117/387 1517/1122/731
f 1512/1117/387 1518/1123/729 1517/1122/731
f 1518/1123/729 1512/1117/387 1519/1124/728
f 1522/1125/651 1520/1126/428 1521/1127/428
f 1522/1125/651 1521/1127/428 1523/1128/650
f 1525/1066/732 1526/1063/733 1524/1066/734
f 1525/1066/732 1527/1129/735 1526/1063/733
f 1527/1129/735 1525/1066/732 1529/1130/669
f 1531/1131/700 1528/1132/452 1527/1129/735
f 1532/1133/702 1529/1130/669 1530/1134/736
f 1529/1130/669 1532/1133/702 1533/1135/737
f 1533/1135/737 1527/1129/735 1529/1130/669
f 1534/1136/738 1533/1135/737 1532/1133/702
f 1535/1137/739 1531/1131/700 1527/1129/735
f 1533/1135/737 1535/1137/739 1527/1129/735
f 1536/1138/740 1531/1131/700 1535/1137/739
f 1533/1135/737 1534/1136/738 1537/1071/741
f 1537/1071/741 1535/1137/739 1533/1135/737
f 1538/1139/742 1537/1071/741 1534/1136/738
f 1539/1140/743 1536/1138/740 1535/1137/739
f 1537/1071/741 1539/1140/743 1535/1137/739
f 1540/1141/744 1536/1138/740 1539/1140/743
f 1537/1071/741 1538/1139/742 1541/1142/745
f 1539/1140/743 1537/1071/741 1541/1142/745
f 1542/1143/746 1541/1142/745 1538/1139/742
f 1543/1144/747 1540/1141/744 1539/1140/743
f 1540/1141/744 1543/1144/747 1544/1145/748
f 1545/1146/749 1539/1140/743 1541/1142/745
f 1541/1142/745 1542/1143/746 1545/1146/749
f 1543/1144/747 1539/1140/743 1545/1146/749
f 1546/1073/750 1544/1145/748 1543/1144/747
f 1545/1146/749 1546/1073/750 1543/1144/747
f 1547/1147/751 1545/1146/749 1542/1143/746
f 1546/1073/750 1545/1146/749 1547/1147/751
f 1548/1148/752 1547/1147/751 1542/1143/746
f 1549/1149/753 1544/1145/748 1546/1073/750
f 1546/1073/750 1547/1147/751 1549/1149/753
f 1544/1145/748 1549/1149/753 1550/1150/754
f 1548/1148/752 1551/1151/755 1547/1147/751
f 1551/1151/755 1549/1149/753 1547/1147/751
f 1551/1151/755 1548/1148/752 1552/1152/756
f 1553/1153/757 1550/1150/754 1549/1149/753
f 1551/1151/755 1553/1153/757 1549/1149/753
f 1550/1150/754 1553/1153/757 1554/1154/758
f 1555/1155/759 1551/1151/755 1552/1152/756
f 1555/1155/759 1553/1153/757 1551/1151/755
f 1556/1156/760 1555/1155/759 1552/1152/756
f 1557/1157/761 1554/1154/758 1553/1153/757
f 1555/1155/759 1557/1157/761 1553/1153/757
f 1554/1154/758 1557/1157/761 1558/1158/762
f 1559/1159/763 1557/1157/761 1555/1155/759
f 1559/1159/763 1560/1160/764 1557/1157/761
f 1561/1161/765 1563/1128/766 1562/1127/621
f 1563/1128/766 1561/1161/765 1564/1162/767
f 1569/1163/768 1565/1164/769 1567/1165/708
f 1570/1166/770 1566/1167/771 1569/1163/768
f 1566/1167/771 1570/1166/770 1571/1168/772
f 1572/1169/773 1569/1163/768 1567/1165/708
f 1570/1166/770 1569/1163/768 1572/1169/773
f 1572/1169/773 1573/1170/774 1570/1166/770
f 1573/1170/774 1572/1169/773 1568/1171/775
f 1568/1171/775 1574/1172/776 1573/1170/774
f 1575/1173/471 1576/1174/634 1577/1175/472
f 1579/1176/777 1578/1177/632 1576/1174/634
f 1578/1177/632 1579/1176/777 1580/1178/464
f 1583/1179/778 1582/1180/779 1581/1181/467
f 1579/1176/777 1584/1182/780 1581/1181/467
f 1583/1179/778 1581/1181/467 1584/1182/780
f 1584/1182/780 1579/1176/777 1576/1174/634
f 1576/1174/634 1575/1173/471 1584/1182/780
f 1586/1183/781 1588/1184/782 1585/1185/783
f 1588/1184/782 1586/1183/781 1587/1186/645
f 1591/1187/784 1589/1188/785 1588/1184/782
f 1587/1186/645 1591/1187/784 1588/1184/782
f 1589/1188/785 1591/1187/784 1592/1189/786
f 1593/1190/787 1587/1186/645 1590/1191/788
f 1591/1187/784 1587/1186/645 1593/1190/787
f 1593/1190/787 1590/1191/788 1594/1192/789
f 1595/1166/790 1592/1189/786 1591/1187/784
f 1592/1189/786 1595/1166/790 1596/1168/791
f 1595/1166/790 1591/1187/784 1597/1170/792
f 1597/1170/792 1591/1187/784 1593/1190/787
f 1594/1192/789 1597/1170/792 1593/1190/787
f 1594/1192/789 1598/1172/793 1597/1170/792
f 1603/1193/794 1599/1194/444 1601/1195/534
f 1604/1196/795 1603/1193/794 1602/1197/796
f 1599/1194/444 1603/1193/794 1605/1198/446
f 1606/1199/797 1600/1200/798 1605/1198/446
f 1603/1193/794 1604/1196/795 1607/1201/799
f 1607/1201/799 1605/1198/446 1603/1193/794
f 1608/1202/800 1607/1201/799 1604/1196/795
f 1606/1199/797 1605/1198/446 1609/1203/801
f 1609/1203/801 1605/1198/446 1607/1201/799
f 1610/1204/802 1606/1199/797 1609/1203/801
f 1607/1201/799 1608/1202/800 1611/1205/803
f 1611/1205/803 1609/1203/801 1607/1201/799
f 1612/1206/804 1611/1205/803 1608/1202/800
f 1613/1207/805 1610/1204/802 1609/1203/801
f 1609/1203/801 1611/1205/803 1613/1207/805
f 1614/1208/806 1610/1204/802 1613/1207/805
f 1611/1205/803 1612/1206/804 1615/1209/807
f 1615/1209/807 1613/1207/805 1611/1205/803
f 1616/1210/808 1614/1208/806 1613/1207/805
f 1616/1210/808 1613/1207/805 1615/1209/807
f 1612/1206/804 1617/1211/809 1615/1209/807
f 1617/1211/809 1616/1210/808 1615/1209/807
f 1617/1211/809 1612/1206/804 1618/1212/810
f 1619/1213/811 1614/1208/806 1616/1210/808
f 1619/1213/811 1616/1210/808 1617/1211/809
f 1614/1208/806 1619/1213/811 1620/1214/812
f 1618/1212/810 1621/1215/813 1617/1211/809
f 1621/1215/813 1619/1213/811 1617/1211/809
f 1621/1215/813 1618/1212/810 1622/1216/814
f 1623/1217/815 1620/1214/812 1619/1213/811
f 1619/1213/811 1621/1215/813 1623/1217/815
f 1620/1214/812 1623/1217/815 1624/1218/816
f 1625/1219/817 1621/1215/813 1622/1216/814
f 1625/1219/817 1623/1217/815 1621/1215/813
f 1626/1220/818 1625/1219/817 1622/1216/814
f 1627/1221/819 1624/1218/816 1623/1217/815
f 1627/1221/819 1623/1217/815 1625/1219/817
f 1624/1218/816 1627/1221/819 1628/1222/449
f 1629/1223/734 1627/1221/819 1625/1219/817
f 1627/1221/819 1629/1223/734 1630/1224/733
