# Blender 5.2.0 LTS
# www.blender.org
mtllib the best body.mtl
o skull
v 0.640043 0.601941 0.156665
v 0.609630 0.573544 0.175285
v 0.658203 0.556797 0.217114
v 0.568592 0.519063 0.190643
v 0.550854 0.463315 0.205915
v 0.610103 0.455302 0.246182
v 0.540593 0.395509 0.209405
v 0.599139 0.370820 0.248539
v 0.683078 0.588631 0.197513
v 0.686892 0.457542 0.256535
v 0.723118 0.535838 0.236566
v 0.674520 0.417782 0.260858
v 0.877562 0.476689 0.242873
v 0.876088 0.388732 0.261369
v 0.739027 0.570111 0.216541
v 0.933728 0.497369 0.220486
v 0.957704 0.447274 0.236840
v 0.996868 0.474729 0.193351
v 0.941403 -0.157056 0.071883
v 0.924170 -0.188884 0.067229
v 0.860144 -0.146615 0.117515
v 0.947251 -0.085159 0.089738
v 0.871253 -0.112368 0.125657
v 0.850363 -0.045689 0.145348
v 0.807238 -0.077165 0.157129
v 0.785960 -0.089954 0.160502
v 0.808546 -0.043723 0.154656
v 0.821227 -0.033591 0.149780
v 0.802171 -0.029019 0.140358
v 0.784170 -0.066586 0.172052
v 0.794639 -0.042236 0.162847
v 0.787931 -0.028656 0.178161
v 0.761316 -0.044786 0.193480
v 0.723353 -0.033879 0.211812
v 0.796185 0.036747 0.201885
v 0.721562 -0.026167 0.216584
v 0.708675 -0.006344 0.206461
v 0.743514 0.011216 0.214488
v 0.782076 0.058097 0.215878
v 0.822446 0.111376 0.232886
v 0.828004 0.142747 0.236922
v 0.819851 0.172806 0.225885
v 0.734883 0.090831 0.228608
v 0.785668 0.173671 0.245044
v 0.786194 0.193436 0.229526
v 0.747517 0.200044 0.233184
v 0.724294 0.180661 0.247996
v 0.712579 0.146917 0.244163
v 0.705581 0.085207 0.225250
v 0.932321 0.019715 0.125564
v 0.922810 0.024101 0.131665
v 0.911579 0.027592 0.131521
v 0.923899 -0.018130 0.131089
v 0.914041 -0.018498 0.132855
v 0.910497 -0.013066 0.139877
v 0.895670 -0.009772 0.138627
v 0.897785 0.001495 0.138144
v 0.887535 -0.006801 0.129484
v 0.894402 -0.058001 0.119205
v 0.882354 -0.056284 0.118515
v 0.907287 -0.024498 0.126816
v 0.885122 -0.043920 0.125126
v 0.900860 -0.014603 0.124779
v 0.892060 -0.016482 0.129979
v 0.883291 -0.010802 0.121864
v 0.879653 -0.018919 0.121240
v 0.874905 -0.048688 0.114315
v 1.011791 0.424172 0.218004
v 1.051411 0.399929 0.189522
v 1.043949 0.325140 0.234867
v 0.978085 0.349951 0.255457
v 0.975521 0.303813 0.264171
v 0.873093 0.342376 0.265481
v 0.849731 0.284941 0.251868
v 0.754495 0.337681 0.248301
v 0.964593 0.201894 0.261573
v 0.659326 0.325764 0.241215
v 0.740370 0.235351 0.208127
v 0.595902 0.258135 0.222352
v 0.918580 0.208699 0.258166
v 0.944504 0.132364 0.229108
v 0.873307 0.125602 0.219947
v 0.812155 0.142256 0.206887
v 0.823990 0.108128 0.187582
v 0.694719 0.154238 0.184007
v 0.651420 0.183649 0.195596
v 0.670335 0.152008 0.174921
v 0.596438 0.203395 0.194201
v 0.551101 0.235481 0.166375
v 0.545014 0.292709 0.192972
v 0.972242 -0.084046 -0.000171
v 0.982111 -0.063889 0.000729
v 0.962760 -0.080939 0.003461
v 0.953869 -0.077129 -0.000916
v 0.959688 -0.055443 -0.000180
v 0.974396 -0.049781 0.005794
v 0.965610 -0.043381 -0.002846
v 0.985808 -0.050984 -0.002027
v 0.887001 -0.000375 -0.107926
v 0.856088 0.010645 -0.116034
v 0.868868 0.005501 -0.106115
v 0.860055 0.022357 -0.113395
v 0.874421 0.020444 -0.102249
v 0.898921 0.033946 -0.103334
v 0.878811 0.050108 -0.109596
v 0.887924 0.046405 -0.101875
v 0.901143 0.043316 -0.105493
v 0.955255 0.072518 -0.015880
v 0.978326 0.055206 -0.028580
v 1.029945 0.035773 -0.026488
v 1.031746 0.059399 -0.034966
v 0.986171 0.075221 -0.036227
v 1.038300 0.087305 -0.034029
v 1.019835 0.167159 0.004196
v 1.098316 0.137600 0.007634
v 1.074465 0.124498 -0.006443
v 0.987473 0.157777 0.002974
v 0.968316 0.105180 -0.028036
v 0.995350 0.102676 -0.035693
v 0.957540 0.012623 -0.092034
v 0.950261 0.009485 -0.090233
v 0.958680 0.006946 -0.088078
v 0.965094 0.005401 -0.092850
v 0.956180 -0.028982 -0.092855
v 0.948258 -0.026655 -0.087736
v 0.941679 -0.029684 -0.092531
v 0.936080 -0.022734 -0.091573
v 0.931202 -0.011896 -0.100431
v 1.037272 0.232233 -0.194901
v 0.980410 0.255263 -0.195854
v 0.970340 0.228975 -0.201909
v 0.987059 0.200724 -0.200765
v 0.948280 0.249064 -0.174483
v 0.954049 0.184819 -0.199789
v 0.977448 0.160707 -0.192741
v 0.946708 0.166433 -0.189445
v 0.937784 0.169629 0.060419
v 1.042367 0.130345 0.064533
v 0.947712 0.194832 0.034215
v 1.079542 0.151454 0.037316
v 0.965122 0.238582 0.026402
v 1.109221 0.184288 0.032184
v 1.111815 0.214443 0.053959
v 0.974582 0.266086 0.048469
v 0.985997 -0.000844 -0.064113
v 0.978257 0.003559 -0.061756
v 0.969730 0.004937 -0.064890
v 0.974482 -0.008573 -0.058488
v 0.985310 -0.009825 -0.063236
v 0.972972 -0.038438 -0.068455
v 0.963388 -0.003996 -0.064354
v 0.953034 -0.034068 -0.073309
v 0.962774 -0.037563 -0.066911
v 0.940848 -0.074734 -0.066834
v 0.932456 -0.069841 -0.061297
v 0.927114 -0.073610 -0.067442
v 0.921714 -0.064793 -0.065722
v 0.932329 -0.031668 -0.068043
v 0.942772 -0.048590 -0.059919
v 0.948035 -0.035563 -0.063280
v 0.958884 -0.044503 -0.066739
v 0.991146 0.003559 -0.033917
v 0.982585 0.000820 -0.036337
v 0.989209 -0.002686 -0.029036
v 0.996837 0.003310 -0.036330
v 0.965214 -0.034707 -0.044650
v 0.998037 -0.005562 -0.029791
v 0.984699 -0.043910 -0.033531
v 0.974345 -0.039980 -0.033385
v 0.967603 -0.089477 0.005921
v 0.942178 -0.080172 0.004894
v 0.964475 -0.097786 0.005926
v 0.938035 -0.087831 0.004855
v 0.952137 -0.077107 0.005203
v 0.970556 -0.081634 0.005916
v 0.987390 -0.090378 0.006631
v 0.992853 -0.099250 0.006948
v 0.990915 -0.107740 0.006997
v 0.960470 0.008268 0.092862
v 0.978413 0.003447 0.092381
v 0.968971 0.004870 0.097689
v 0.976264 -0.006636 0.095641
v 0.957433 -0.016497 0.101091
v 0.962767 -0.033773 0.094957
v 0.942883 -0.025146 0.096452
v 0.951023 -0.031826 0.099170
v 0.986453 0.003993 0.031657
v 0.999086 0.001527 0.031384
v 0.977985 -0.007657 0.037003
v 0.985133 -0.048162 0.040282
v 0.976283 -0.045626 0.042710
v 0.967237 -0.035933 0.043775
v 0.977806 -0.040842 0.049566
v 0.988999 -0.045002 0.043868
v 0.981162 -0.031624 0.049190
v 0.993598 -0.034573 0.043293
v 0.992752 -0.002377 0.038934
v 1.002570 -0.006636 0.034726
v 0.768684 -0.047254 -0.150785
v 0.792495 -0.040541 -0.135493
v 0.784909 -0.025493 -0.151775
v 0.762744 -0.012056 -0.164277
v 0.735013 -0.021702 -0.178553
v 0.784072 -0.080381 -0.138625
v 0.721015 0.092142 -0.207063
v 0.783196 0.053586 -0.178437
v 0.860144 -0.146615 0.117515
v 0.894943 -0.187948 0.071071
v 0.924170 -0.188884 0.067229
v 0.721015 0.092142 -0.207063
v 0.730967 0.164120 -0.235081
v 0.753776 0.175423 -0.229678
v 0.764368 0.193407 -0.244243
v 0.790381 0.165697 -0.217929
v 0.802685 0.186940 -0.237685
v 0.825642 0.153664 -0.217440
v 0.835981 0.166452 -0.231109
v 0.852321 0.130563 -0.226882
v 0.840906 0.129463 -0.216058
v 0.783196 0.053586 -0.178437
v 0.806295 0.009717 -0.181382
v 0.794477 0.012601 -0.169614
v 0.762744 -0.012056 -0.164277
v 0.784909 -0.025493 -0.151775
v 0.799013 -0.023177 -0.164346
v 0.833492 -0.032532 -0.123830
v 0.879725 -0.059234 -0.082058
v 0.941303 -0.073068 -0.042554
v 0.925496 -0.076734 -0.045306
v 0.931002 -0.070843 0.097452
v 0.918978 -0.068994 0.098137
v 0.944080 -0.039161 0.104976
v 0.922233 -0.057439 0.104859
v 0.937402 -0.029484 0.103998
v 0.929240 -0.031392 0.110034
v 0.919667 -0.025505 0.103116
v 0.916110 -0.033226 0.102558
v 0.911084 -0.061470 0.095001
v 0.934193 0.021409 -0.102238
v 0.923114 0.021846 -0.100941
v 0.933083 0.010493 -0.099731
v 0.941338 0.016031 -0.107950
v 0.917431 0.027628 -0.108400
v 0.909894 0.019135 -0.108300
v 0.909531 -0.013798 -0.102943
v 0.899399 -0.001237 -0.111482
v 0.927963 -0.011699 -0.100889
v 0.897310 -0.010976 -0.113682
v 0.924387 -0.021029 -0.103616
v 0.998827 -0.003264 0.058874
v 0.985268 -0.039760 0.069732
v 0.991878 0.000370 0.065840
v 0.990802 0.006225 0.060211
v 0.979516 -0.025603 0.077301
v 0.983227 0.003785 0.064442
v 0.964573 -0.030629 0.078803
v 0.973905 -0.038029 0.078623
v 0.965529 -0.038049 0.074365
v 0.903585 -0.176453 -0.040287
v 0.911658 -0.132636 -0.038365
v 0.835583 -0.128537 -0.102212
v 0.925496 -0.076734 -0.045306
v 0.858184 -0.108546 -0.084792
v 0.879725 -0.059234 -0.082058
v 0.817215 -0.034356 -0.121673
v 0.791017 -0.061883 -0.127723
v 0.968261 -0.086256 0.033216
v 0.975295 -0.076682 0.038575
v 0.983816 -0.052893 0.045257
v 0.961427 -0.080511 0.039475
v 0.952278 -0.076557 0.034681
v 0.972842 -0.049672 0.050952
v 0.959007 -0.052931 0.042995
v 0.964025 -0.042910 0.043105
v 0.984315 0.000148 0.000514
v 0.993872 -0.002955 0.005080
v 1.003400 -0.007037 0.001287
v 0.979722 -0.040280 0.007505
v 0.991488 -0.044676 0.001698
v 0.968424 -0.035994 0.000763
v 0.977797 -0.046270 -0.000647
v 0.986653 -0.048806 -0.003078
v 0.969665 -0.042411 -0.003767
v 0.902256 0.036058 0.139736
v 0.893638 0.046376 0.144667
v 0.883186 0.021098 0.153166
v 0.880639 0.051277 0.141307
v 0.896146 0.015012 0.144029
v 0.876004 0.005603 0.154249
v 0.863313 0.023644 0.149520
v 0.858439 0.009615 0.149528
v 0.887908 -0.001140 0.145115
v 0.859494 -0.047222 -0.111131
v 0.865303 -0.043391 -0.103817
v 0.875020 -0.048383 -0.111322
v 0.853345 -0.037660 -0.107881
v 0.876295 -0.021585 -0.102189
v 0.860021 -0.014138 -0.108676
v 0.894264 -0.017016 -0.113016
v 0.882349 -0.007989 -0.106048
v 0.865742 -0.002018 -0.111778
v 1.079908 0.311583 0.204724
v 1.040225 0.279442 0.246897
v 1.007481 0.242737 0.258418
v 0.969596 0.119361 0.197678
v 0.930567 0.101520 0.208487
v 0.963057 0.090220 0.184047
v 0.977525 0.022284 0.122258
v 0.962717 0.012492 0.118890
v 0.917811 0.043572 0.158750
v 0.908064 -0.063354 -0.092005
v 0.900314 -0.058640 -0.085434
v 0.894298 -0.062376 -0.091110
v 0.889217 -0.053394 -0.088499
v 0.886422 -0.022440 -0.102850
v 0.900191 -0.018628 -0.090613
v 0.911164 -0.036376 -0.084300
v 0.916300 -0.022545 -0.087737
v 0.926677 -0.031558 -0.092609
v 0.957818 0.000943 0.110478
v 0.940688 -0.022450 0.121434
v 0.942410 -0.028536 0.114453
v 0.952836 0.010177 0.116020
v 0.928185 -0.021949 0.122823
v 0.931997 -0.010646 0.123205
v 0.920593 -0.016665 0.118110
v 0.944315 0.012733 0.117782
v 0.938256 0.014646 0.112554
v 0.945567 0.017455 0.112581
v 0.961284 -0.081258 0.067591
v 0.951228 -0.080016 0.073269
v 0.976531 -0.052246 0.073526
v 0.957029 -0.070064 0.079423
v 0.965941 -0.046180 0.084944
v 0.954204 -0.041232 0.084722
v 0.943442 -0.072755 0.074901
v 0.831347 -0.030011 0.141706
v 0.821227 -0.033591 0.149780
v 0.850363 -0.045689 0.145348
v 0.851951 -0.039062 0.140345
v 0.947251 -0.085159 0.089738
v 0.838328 -0.032749 0.136758
v 0.847347 -0.038462 0.144189
v 0.860526 -0.042998 0.142249
v 0.850283 -0.028170 0.150400
v 0.842915 -0.002971 0.145797
v 0.870078 -0.021077 0.149746
v 0.857057 -0.001282 0.156548
v 0.874532 -0.008419 0.150495
v 0.846656 0.005120 0.146578
v 0.865155 0.001182 0.150038
v 0.960045 -0.080933 -0.036338
v 0.950813 -0.075817 -0.035726
v 0.943434 -0.072087 -0.044557
v 0.959866 -0.055361 -0.033627
v 0.976548 -0.051998 -0.033593
v 0.954566 -0.041036 -0.047280
v 0.966136 -0.043472 -0.036344
v 0.790381 0.165697 -0.217929
v 0.825642 0.153664 -0.217440
v 0.753776 0.175423 -0.229678
v 0.653215 0.596771 -0.186636
v 0.614992 0.608115 -0.134088
v 0.707044 0.613532 -0.175983
v 0.588207 0.616143 -0.076812
v 0.644883 0.635334 -0.081670
v 0.624153 0.638582 -0.016324
v 0.680029 0.647956 -0.014482
v 0.583540 0.617974 0.042059
v 0.639947 0.637275 0.050482
v 0.605836 0.611706 0.101267
v 0.694908 0.618276 0.149370
v 0.640043 0.601941 0.156665
v 0.738532 0.645744 -0.044577
v 0.824145 0.628289 -0.009122
v 0.818087 0.622587 -0.096267
v 0.916545 0.589618 -0.058745
v 0.685554 0.643553 -0.072344
v 0.739837 0.631021 -0.126884
v 0.938944 0.562775 -0.124478
v 0.810103 0.607103 -0.153062
v 0.775518 0.593843 -0.196524
v 0.699000 0.582377 -0.223963
v 0.929949 0.535442 -0.188562
v 0.755872 0.563486 -0.238490
v 0.949563 0.491132 -0.226710
v 0.974721 0.519931 -0.164793
v 1.010543 0.469353 -0.194560
v 1.029714 0.507160 -0.058771
v 0.683078 0.588631 0.197513
v 0.739027 0.570111 0.216541
v 0.762098 0.599146 0.175237
v 0.933728 0.497369 0.220486
v 0.916911 0.540578 0.179836
v 0.996868 0.474729 0.193351
v 0.963260 0.524444 0.159726
v 0.801852 0.611087 0.132965
v 0.923329 0.569132 0.117049
v 0.732505 0.634070 0.102808
v 0.832272 0.617295 0.081537
v 0.753226 0.641866 0.050965
v 0.681334 0.645142 0.044236
v 0.912779 0.591101 0.047945
v 0.987303 0.545257 0.050917
v 0.901235 0.600107 -0.006010
v 0.964077 0.567899 0.018722
v 1.082241 0.443211 0.064627
v 1.077377 0.399739 0.143521
v 1.117870 0.386209 0.065573
v 1.088200 0.453324 0.002627
v 1.025571 0.508799 0.058228
v 1.004212 0.538779 -0.001522
v 0.983848 0.551158 -0.049042
v 0.734422 0.179017 -0.248674
v 0.742687 0.173269 -0.260569
v 0.764368 0.193407 -0.244243
v 0.808546 -0.043723 0.154656
v 0.802171 -0.029019 0.140358
v 0.794639 -0.042236 0.162847
v 0.789191 -0.030146 0.150030
v 0.933483 0.019073 0.114698
v 0.926654 0.024387 0.108350
v 0.927027 0.028129 0.116360
v 0.914195 0.031254 0.113175
v 0.927996 0.027074 0.123557
v 0.914391 0.031992 0.124557
v 0.932321 0.019715 0.125564
v 0.922810 0.024101 0.131665
v 0.911579 0.027592 0.131521
v 0.916405 0.025750 0.106994
v 0.904927 0.029601 0.123032
v 0.906296 0.028142 0.112345
v 0.919744 -0.028925 0.099573
v 0.909827 -0.023446 0.091491
v 0.915919 -0.020885 0.103891
v 0.907287 -0.024498 0.126816
v 0.917087 -0.022766 0.113505
v 0.900860 -0.014603 0.124779
v 0.903960 -0.013892 0.111467
v 0.905813 -0.015539 0.097928
v 0.893645 -0.015954 0.095480
v 0.885074 -0.008835 0.108682
v 0.890734 -0.009385 0.118877
v 0.892060 -0.016482 0.129979
v 0.883291 -0.010802 0.121864
v 1.011791 0.424172 0.218004
v 1.051411 0.399929 0.189522
v 0.990601 -0.056189 -0.016553
v 0.974396 -0.049781 0.005794
v 0.975918 -0.050630 -0.039668
v 0.959621 -0.044526 -0.017810
v 0.965574 -0.045345 -0.033280
v 0.986699 -0.053298 -0.032424
v 0.977534 -0.045540 -0.032245
v 0.967673 -0.041767 -0.025176
v 0.965610 -0.043381 -0.002846
v 0.976999 -0.043991 -0.004642
v 0.986907 -0.049008 -0.024396
v 0.985808 -0.050984 -0.002027
v 0.911276 0.042175 -0.131151
v 0.910840 0.039406 -0.117305
v 0.903762 0.042381 -0.141399
v 0.895548 0.050500 -0.131546
v 0.903619 0.047657 -0.118603
v 0.890490 0.047408 -0.139086
v 0.880369 0.050743 -0.125274
v 0.878811 0.050108 -0.109596
v 0.886351 0.052870 -0.115851
v 0.887924 0.046405 -0.101875
v 0.898510 0.048210 -0.109443
v 0.901143 0.043316 -0.105493
v 0.955255 0.072518 -0.015880
v 0.975998 0.050716 -0.012847
v 0.978326 0.055206 -0.028580
v 1.029945 0.035773 -0.026488
v 1.030698 0.030123 -0.010630
v 0.978618 0.059515 0.004238
v 1.033772 0.038751 0.006473
v 1.029491 0.030598 0.023551
v 0.957708 0.078780 0.003232
v 0.974791 0.051191 0.021334
v 1.027629 0.036685 0.039153
v 0.954890 0.072652 0.015818
v 0.976010 0.056118 0.037062
v 0.956275 0.078453 0.030256
v 0.957540 0.012623 -0.092034
v 0.950261 0.009485 -0.090233
v 0.958680 0.006946 -0.088078
v 0.950153 0.015185 -0.099627
v 0.960725 0.013059 -0.096400
v 0.965094 0.005401 -0.092850
v 0.962958 0.011407 -0.101038
v 0.966116 0.005495 -0.100656
v 0.953597 0.011938 -0.108930
v 0.960762 0.007133 -0.107638
v 0.944630 0.011473 -0.097162
v 0.945921 0.011623 -0.105357
v 0.977448 0.160707 -0.192741
v 0.946708 0.166433 -0.189445
v 0.982852 0.140414 -0.159054
v 0.939997 0.153102 -0.149082
v 0.994397 0.132658 -0.117465
v 0.921809 0.181997 -0.140631
v 0.938627 0.155973 -0.087241
v 1.023448 0.124040 -0.083803
v 0.920967 0.185784 -0.089756
v 0.941954 0.167986 -0.057716
v 1.046340 0.128781 -0.053360
v 0.963864 0.165901 0.197706
v 0.933239 0.171739 0.192147
v 0.929376 0.157285 0.151797
v 0.972025 0.144384 0.164093
v 0.987312 0.134982 0.125788
v 0.932373 0.158436 0.089958
v 1.017389 0.126430 0.093404
v 0.911858 0.185916 0.141285
v 0.914608 0.188288 0.090392
v 0.937784 0.169629 0.060419
v 1.042367 0.130345 0.064533
v 0.963480 0.006603 -0.073685
v 0.968531 0.007553 -0.082222
v 0.971023 0.008938 -0.074862
v 0.977113 0.006250 -0.084577
v 0.984848 0.001830 -0.081418
v 0.988166 0.001632 -0.073307
v 0.982002 0.005085 -0.068948
v 0.985997 -0.000844 -0.064113
v 0.978257 0.003559 -0.061756
v 0.969730 0.004937 -0.064890
v 0.951442 -0.042192 -0.095670
v 0.925401 -0.029228 -0.096668
v 0.937559 -0.033930 -0.101654
v 0.924523 -0.026753 -0.082815
v 0.932329 -0.031668 -0.068043
v 0.933463 -0.026787 -0.092011
v 0.933031 -0.026014 -0.078524
v 0.948035 -0.035563 -0.063280
v 0.958884 -0.044503 -0.066739
v 0.944900 -0.032549 -0.095677
v 0.945185 -0.030739 -0.082114
v 0.955662 -0.037051 -0.072112
v 0.960498 -0.042426 -0.081289
v 0.991146 0.003559 -0.033917
v 0.988709 0.006401 -0.045915
v 0.996837 0.003310 -0.036330
v 0.987376 0.002153 -0.053926
v 0.996346 0.003385 -0.049617
v 0.996160 -0.001109 -0.054530
v 1.001482 0.000725 -0.039463
v 1.002584 -0.004660 -0.047028
v 1.003562 -0.006352 -0.036871
v 0.998037 -0.005562 -0.029791
v 0.958070 0.009013 0.082724
v 0.965324 0.008250 0.074580
v 0.965909 0.011102 0.081693
v 0.960470 0.008268 0.092862
v 0.975753 0.006700 0.072882
v 0.970518 0.010071 0.089252
v 0.982859 0.003958 0.084140
v 0.981604 0.002479 0.075156
v 0.978413 0.003447 0.092381
v 0.968971 0.004870 0.097689
v 0.979836 0.001849 0.021668
v 0.986453 0.003993 0.031657
v 0.991422 0.005898 0.022556
v 0.999086 0.001527 0.031384
v 0.991730 0.004296 0.013545
v 1.002324 0.000144 0.016941
v 0.993739 -0.003025 0.006141
v 1.006369 -0.008141 0.022859
v 1.002989 -0.007109 0.010708
v 0.992752 -0.002377 0.038934
v 1.002570 -0.006636 0.034726
v 0.784909 -0.025493 -0.151775
v 0.799013 -0.023177 -0.164346
v 0.809373 -0.049512 -0.160878
v 0.799852 -0.034345 -0.151998
v 0.792495 -0.040541 -0.135493
v 0.810691 -0.032983 -0.142630
v 0.817215 -0.034356 -0.121673
v 0.847494 -0.037735 -0.144761
v 0.833492 -0.032532 -0.123830
v 0.879725 -0.059234 -0.082058
v 0.838969 -0.032795 -0.136027
v 0.941303 -0.073068 -0.042554
v 0.925496 -0.076734 -0.045306
v 0.955168 -0.075923 -0.052298
v 0.934270 -0.079698 -0.029606
v 0.952137 -0.077107 0.005203
v 0.942178 -0.080172 0.004894
v 0.970556 -0.081634 0.005916
v 0.968951 -0.083352 -0.058939
v 0.987390 -0.090378 0.006631
v 0.953230 -0.087433 -0.079210
v 0.862449 -0.050568 -0.141826
v 0.988307 -0.100778 -0.017335
v 0.992853 -0.099250 0.006948
v 0.953677 -0.042544 0.076422
v 0.944080 -0.039161 0.104976
v 0.942975 -0.036839 0.069646
v 0.954405 -0.039908 0.091228
v 0.950243 -0.034916 0.081433
v 0.937402 -0.029484 0.103998
v 0.939093 -0.028340 0.090493
v 0.939594 -0.029427 0.076785
v 0.927282 -0.029589 0.075602
v 0.919998 -0.023150 0.089900
v 0.926707 -0.024127 0.099424
v 0.929240 -0.031392 0.110034
v 0.919667 -0.025505 0.103116
v 0.934193 0.021409 -0.102238
v 0.923114 0.021846 -0.100941
v 0.941338 0.016031 -0.107950
v 0.937293 0.022892 -0.109766
v 0.940945 0.016471 -0.118947
v 0.927923 0.027295 -0.108255
v 0.936521 0.023698 -0.117406
v 0.917431 0.027628 -0.108400
v 0.920953 0.028943 -0.115807
v 0.931961 0.020511 -0.125764
v 0.922930 0.026833 -0.123758
v 0.913439 0.026261 -0.118559
v 0.995448 -0.004613 0.041294
v 0.999793 -0.000927 0.049078
v 0.991619 0.003457 0.043891
v 0.996506 0.003344 0.055428
v 0.998827 -0.003264 0.058874
v 0.988352 0.007000 0.050015
v 0.991878 0.000370 0.065840
v 0.990802 0.006225 0.060211
v 0.983227 0.003785 0.064442
v 0.981406 0.006981 0.055426
v 0.974257 -0.049828 0.005471
v 0.988971 -0.055445 0.029429
v 0.963083 -0.045509 0.011037
v 0.985347 -0.050688 0.014194
v 0.975941 -0.044875 0.013241
v 0.984465 -0.047992 0.036771
v 0.983816 -0.052893 0.045257
v 0.972842 -0.049672 0.050952
v 0.958044 -0.043820 0.027795
v 0.964025 -0.042910 0.043105
v 0.974862 -0.044487 0.043458
v 0.966321 -0.041224 0.019898
v 0.975849 -0.043494 0.028345
v 0.989520 0.004942 -0.005646
v 0.981061 0.001456 -0.011540
v 0.984315 0.000148 0.000514
v 0.993872 -0.002955 0.005080
v 0.992949 0.003882 -0.019960
v 0.996794 0.003718 -0.005009
v 1.003094 -0.000168 -0.005096
v 1.002781 -0.000776 -0.018884
v 0.995073 -0.003291 -0.027668
v 0.984989 0.000179 -0.023399
v 1.007554 -0.008518 -0.010467
v 1.003400 -0.007037 0.001287
v 0.902424 0.042674 0.121231
v 0.901893 0.045805 0.134799
v 0.893638 0.046376 0.144667
v 0.891968 0.051872 0.134617
v 0.894958 0.049993 0.116196
v 0.880639 0.051277 0.141307
v 0.885436 0.054046 0.114056
v 0.893498 0.045243 0.107705
v 0.881592 0.055503 0.130141
v 0.880791 0.049259 0.103996
v 0.873929 0.055099 0.112630
v 0.871502 0.054229 0.126743
v 0.894264 -0.017016 -0.113016
v 0.895415 -0.015048 -0.130965
v 0.885034 -0.012555 -0.147048
v 0.890154 -0.009211 -0.118600
v 0.884034 -0.007042 -0.141950
v 0.878029 -0.002168 -0.129851
v 0.882349 -0.007989 -0.106048
v 0.872025 -0.002208 -0.148889
v 0.868974 -0.005107 -0.153901
v 0.865742 -0.002018 -0.111778
v 0.864716 0.003024 -0.123586
v 0.864581 0.002411 -0.140925
v 0.856965 0.001059 -0.145485
v 0.854959 0.002547 -0.128280
v 1.028017 0.417428 -0.216097
v 1.073696 0.397482 -0.166882
v 1.086622 0.441472 -0.059330
v 1.122147 0.384525 -0.056166
v 1.132445 0.380685 0.005206
v 0.916317 -0.028191 -0.120489
v 0.901954 -0.019619 -0.124649
v 0.891751 -0.014134 -0.117817
v 0.890955 -0.013101 -0.104276
v 0.900191 -0.018628 -0.090613
v 0.898966 -0.012628 -0.114353
v 0.909907 -0.018286 -0.119451
v 0.899897 -0.012350 -0.100876
v 0.911633 -0.016914 -0.105906
v 0.926796 -0.028762 -0.107178
v 0.916300 -0.022545 -0.087737
v 0.923021 -0.023682 -0.097315
v 0.926677 -0.031558 -0.092609
v 0.958197 0.008060 0.101529
v 0.956897 0.013275 0.109313
v 0.953609 0.014625 0.101012
v 0.948190 0.017505 0.103784
v 0.943630 0.012011 0.097785
v 0.952836 0.010177 0.116020
v 0.938256 0.014646 0.112554
v 0.940638 0.016892 0.104731
v 0.945567 0.017455 0.112581
v 0.973610 -0.050927 0.044894
v 0.976531 -0.052246 0.073526
v 0.980079 -0.050601 0.057588
v 0.961924 -0.044933 0.044282
v 0.972509 -0.043146 0.053806
v 0.970704 -0.043247 0.076829
v 0.965941 -0.046180 0.084944
v 0.959867 -0.037900 0.078033
v 0.962022 -0.039141 0.052823
v 0.954204 -0.041232 0.084722
v 0.950404 -0.035808 0.072771
v 0.950927 -0.039517 0.056727
v 0.937976 -0.071754 0.051935
v 0.931918 -0.078759 0.038595
v 0.921947 -0.075344 0.053712
v 0.873820 -0.056740 0.086667
v 0.952137 -0.077107 0.005203
v 0.942178 -0.080172 0.004894
v 0.970556 -0.081634 0.005916
v 0.825450 -0.029243 0.124352
v 0.808498 -0.030595 0.121275
v 0.950910 -0.074238 0.062784
v 0.964502 -0.081602 0.070313
v 0.802171 -0.029019 0.140358
v 0.782326 -0.036520 0.133677
v 0.789191 -0.030146 0.150030
v 0.774310 -0.021318 0.148509
v 0.787496 -0.018640 0.161973
v 0.831347 -0.030011 0.141706
v 0.821227 -0.033591 0.149780
v 0.851951 -0.039062 0.140345
v 0.947251 -0.085159 0.089738
v 0.986419 -0.100130 0.031338
v 0.987390 -0.090378 0.006631
v 0.992853 -0.099250 0.006948
v 0.857057 -0.001282 0.156548
v 0.847437 0.007336 0.129654
v 0.874532 -0.008419 0.150495
v 0.846656 0.005120 0.146578
v 0.854575 0.006353 0.142531
v 0.865155 0.001182 0.150038
v 0.868767 0.001480 0.132563
v 0.885990 -0.011206 0.135466
v 0.871225 -0.000411 0.114781
v 0.857785 0.001118 0.113673
v 0.874325 -0.007198 0.107555
v 0.881647 -0.005860 0.122396
v 0.885945 -0.013839 0.116905
v 0.976548 -0.051998 -0.033593
v 0.959796 -0.043165 -0.074787
v 0.954566 -0.041036 -0.047280
v 0.953735 -0.038849 -0.063722
v 0.972066 -0.047900 -0.073452
v 0.965020 -0.039930 -0.067960
v 0.959429 -0.037248 -0.056772
v 0.966136 -0.043472 -0.036344
v 0.975710 -0.044318 -0.042927
v 0.976121 -0.045489 -0.065632
v 0.983660 -0.052125 -0.045646
v 0.624717 0.567630 -0.206535
v 0.586142 0.511122 -0.224251
v 0.542764 0.530654 -0.167843
v 0.582182 0.581169 -0.151168
v 0.519111 0.474705 -0.176607
v 0.653215 0.596771 -0.186636
v 0.510022 0.539130 -0.099370
v 0.614992 0.608115 -0.134088
v 0.565753 0.434124 -0.242145
v 0.553415 0.590242 -0.087013
v 0.476151 0.467558 -0.102401
v 0.534989 0.588946 -0.019220
v 0.588207 0.616143 -0.076812
v 0.576824 0.619730 -0.017733
v 0.624153 0.638582 -0.016324
v 0.583540 0.617974 0.042059
v 0.547875 0.592412 0.050490
v 0.605836 0.611706 0.101267
v 0.504031 0.542921 0.060027
v 0.571468 0.585368 0.116717
v 0.640043 0.601941 0.156665
v 0.528269 0.533187 0.130872
v 0.474382 0.510389 -0.020160
v 0.469193 0.472318 0.062633
v 0.609630 0.573544 0.175285
v 0.568592 0.519063 0.190643
v 0.499579 0.462367 0.141436
v 0.550854 0.463315 0.205915
v 0.540593 0.395509 0.209405
v 0.494533 0.371886 0.137480
v 0.738359 -0.039442 -0.217734
v 0.736668 -0.030431 -0.223361
v 0.723221 -0.011318 -0.214796
v 0.721869 0.078807 -0.236101
v 0.713792 0.084673 -0.225030
v 0.718632 0.140062 -0.240775
v 0.731005 0.141475 -0.256574
v 0.734422 0.179017 -0.248674
v 0.742687 0.173269 -0.260569
v 0.723353 -0.033879 0.211812
v 0.721562 -0.026167 0.216584
v 0.708675 -0.006344 0.206461
v 0.747517 0.200044 0.233184
v 0.724294 0.180661 0.247996
v 0.717318 0.185754 0.235893
v 0.712579 0.146917 0.244163
v 0.702087 0.146580 0.227983
v 0.705581 0.085207 0.225250
v 0.697736 0.084926 0.211643
v 0.911579 0.027592 0.131521
v 0.904927 0.029601 0.123032
v 0.906296 0.028142 0.112345
v 0.891502 0.002244 0.115591
v 0.888918 0.002243 0.128435
v 0.889062 -0.007766 0.118092
v 0.897785 0.001495 0.138144
v 0.887535 -0.006801 0.129484
v 0.876983 -0.055211 0.106392
v 0.882796 -0.050778 0.093538
v 0.893645 -0.015954 0.095480
v 0.885074 -0.008835 0.108682
v 0.883291 -0.010802 0.121864
v 0.879653 -0.018919 0.121240
v 0.879023 -0.019524 0.106796
v 0.874905 -0.048688 0.114315
v 0.874540 -0.047253 0.102622
v 0.551101 0.235481 0.166375
v 0.545014 0.292709 0.192972
v 0.516438 0.273130 0.126372
v 0.520894 0.240770 0.092377
v 0.484175 0.301479 0.057015
v 0.501468 0.246014 0.028536
v 0.495609 0.249364 -0.015654
v 0.463902 0.385537 0.060855
v 0.460785 0.353701 -0.017986
v 0.453431 0.433365 -0.019599
v 0.470783 0.382696 -0.097060
v 0.491103 0.297288 -0.089878
v 0.504568 0.245785 -0.057523
v 0.532792 0.240156 -0.134772
v 0.512873 0.325648 -0.162841
v 0.567053 0.229204 -0.192173
v 0.507472 0.410791 -0.176266
v 0.563637 0.268555 -0.212869
v 0.559082 0.339314 -0.233054
v 0.956101 -0.082992 -0.020242
v 0.954925 -0.083151 -0.006833
v 0.954345 -0.077555 -0.024157
v 0.953869 -0.077129 -0.000916
v 0.950670 -0.076050 -0.012620
v 0.959688 -0.055443 -0.000180
v 0.961677 -0.053983 -0.032667
v 0.959621 -0.044526 -0.017810
v 0.965574 -0.045345 -0.033280
v 0.967673 -0.041767 -0.025176
v 0.965610 -0.043381 -0.002846
v 0.890490 0.047408 -0.139086
v 0.873882 0.019619 -0.147742
v 0.860406 0.021134 -0.132175
v 0.868816 0.005616 -0.147700
v 0.856807 0.011173 -0.133800
v 0.856088 0.010645 -0.116034
v 0.860055 0.022357 -0.113395
v 0.880369 0.050743 -0.125274
v 0.878811 0.050108 -0.109596
v 0.950261 0.009485 -0.090233
v 0.950153 0.015185 -0.099627
v 0.928754 -0.020114 -0.111419
v 0.928396 -0.023345 -0.101909
v 0.936080 -0.022734 -0.091573
v 0.931202 -0.011896 -0.100431
v 0.944630 0.011473 -0.097162
v 0.945921 0.011623 -0.105357
v 0.963480 0.006603 -0.073685
v 0.968531 0.007553 -0.082222
v 0.962061 -0.000395 -0.086765
v 0.969730 0.004937 -0.064890
v 0.963388 -0.003996 -0.064354
v 0.951603 -0.014508 -0.079730
v 0.953034 -0.034068 -0.073309
v 0.950350 -0.027394 -0.092172
v 0.947770 -0.030134 -0.082949
v 0.918365 -0.069887 -0.079016
v 0.917534 -0.064011 -0.087710
v 0.921714 -0.064793 -0.065722
v 0.915133 -0.062039 -0.076348
v 0.920014 -0.035608 -0.081505
v 0.925401 -0.029228 -0.096668
v 0.924523 -0.026753 -0.082815
v 0.932329 -0.031668 -0.068043
v 0.991146 0.003559 -0.033917
v 0.982585 0.000820 -0.036337
v 0.989209 -0.002686 -0.029036
v 0.988709 0.006401 -0.045915
v 0.981369 0.002945 -0.046626
v 0.987376 0.002153 -0.053926
v 0.967014 -0.022781 -0.056799
v 0.965214 -0.034707 -0.044650
v 0.974345 -0.039980 -0.033385
v 0.970356 -0.043321 -0.041840
v 0.963595 -0.035722 -0.059416
v 0.969880 -0.032997 -0.068684
v 0.959440 -0.000522 0.072276
v 0.958070 0.009013 0.082724
v 0.965324 0.008250 0.074580
v 0.960470 0.008268 0.092862
v 0.946018 -0.011725 0.085098
v 0.942883 -0.025146 0.096452
v 0.948597 -0.028584 0.075690
v 0.941370 -0.026061 0.086218
v 0.945438 -0.031885 0.092889
v 0.944925 -0.031673 0.083052
v 0.979836 0.001849 0.021668
v 0.986453 0.003993 0.031657
v 0.991730 0.004296 0.013545
v 0.983697 -0.000014 0.009969
v 0.968010 -0.036121 0.009898
v 0.963111 -0.033686 0.027161
v 0.969023 -0.042159 0.014419
v 0.977985 -0.007657 0.037003
v 0.966877 -0.042167 0.035104
v 0.967237 -0.035933 0.043775
v 0.735013 -0.021702 -0.178553
v 0.784072 -0.080381 -0.138625
v 0.721015 0.092142 -0.207063
v 0.720086 0.010344 -0.199249
v 0.728178 -0.029489 -0.194194
v 0.906177 -0.194393 -0.055484
v 0.903585 -0.176453 -0.040287
v 0.921269 -0.202333 -0.008785
v 0.910143 -0.178991 0.005137
v 0.913404 -0.198437 0.046848
v 0.900428 -0.175309 0.049882
v 0.894943 -0.187948 0.071071
v 0.715626 -0.025397 0.184286
v 0.723353 -0.033879 0.211812
v 0.738359 -0.039442 -0.217734
v 0.728178 -0.029489 -0.194194
v 0.723221 -0.011318 -0.214796
v 0.720086 0.010344 -0.199249
v 0.713792 0.084673 -0.225030
v 0.721015 0.092142 -0.207063
v 0.718632 0.140062 -0.240775
v 0.730967 0.164120 -0.235081
v 0.734422 0.179017 -0.248674
v 0.753776 0.175423 -0.229678
v 0.764368 0.193407 -0.244243
v 0.941303 -0.073068 -0.042554
v 0.934270 -0.079698 -0.029606
v 0.952137 -0.077107 0.005203
v 0.912422 -0.067477 0.086621
v 0.916806 -0.062778 0.073435
v 0.927282 -0.029589 0.075602
v 0.919998 -0.023150 0.089900
v 0.919667 -0.025505 0.103116
v 0.916110 -0.033226 0.102558
v 0.914023 -0.033247 0.088245
v 0.911084 -0.061470 0.095001
v 0.909517 -0.059624 0.083475
v 0.917431 0.027628 -0.108400
v 0.913439 0.026261 -0.118559
v 0.917160 0.017999 -0.128781
v 0.909894 0.019135 -0.108300
v 0.897845 -0.001446 -0.124407
v 0.899399 -0.001237 -0.111482
v 0.897310 -0.010976 -0.113682
v 0.896447 -0.010382 -0.125435
v 0.907451 -0.002118 -0.133345
v 0.986548 -0.002034 0.039849
v 0.988352 0.007000 0.050015
v 0.983227 0.003785 0.064442
v 0.981406 0.006981 0.055426
v 0.979631 0.001876 0.046552
v 0.971904 -0.003862 0.059847
v 0.964573 -0.030629 0.078803
v 0.961544 -0.033351 0.054991
v 0.958733 -0.030801 0.069394
v 0.961050 -0.038042 0.064325
v 0.971418 -0.039059 0.044445
v 0.903585 -0.176453 -0.040287
v 0.917234 -0.138225 0.004821
v 0.911658 -0.132636 -0.038365
v 0.910143 -0.178991 0.005137
v 0.911869 -0.134835 0.037044
v 0.900428 -0.175309 0.049882
v 0.938035 -0.087831 0.004855
v 0.934270 -0.079698 -0.029606
v 0.942178 -0.080172 0.004894
v 0.925496 -0.076734 -0.045306
v 0.931918 -0.078759 0.038595
v 0.942178 -0.080172 0.004894
v 0.921947 -0.075344 0.053712
v 0.954067 -0.082825 0.017590
v 0.949421 -0.075481 0.022865
v 0.953496 -0.076792 0.011367
v 0.963083 -0.045509 0.011037
v 0.952278 -0.076557 0.034681
v 0.959007 -0.052931 0.042995
v 0.958044 -0.043820 0.027795
v 0.964025 -0.042910 0.043105
v 0.966321 -0.041224 0.019898
v 0.989520 0.004942 -0.005646
v 0.981061 0.001456 -0.011540
v 0.984315 0.000148 0.000514
v 0.984989 0.000179 -0.023399
v 0.973171 -0.026928 -0.031970
v 0.968424 -0.035994 0.000763
v 0.964659 -0.034176 -0.016723
v 0.969665 -0.042411 -0.003767
v 0.968700 -0.042812 -0.024214
v 0.969749 -0.037802 -0.032532
v 0.880639 0.051277 0.141307
v 0.873929 0.055099 0.112630
v 0.871502 0.054229 0.126743
v 0.864576 0.045283 0.110729
v 0.851163 0.025284 0.132766
v 0.847352 0.014849 0.116743
v 0.863313 0.023644 0.149520
v 0.847331 0.014905 0.134635
v 0.858439 0.009615 0.149528
v 0.847929 -0.036521 -0.135290
v 0.846805 -0.039049 -0.120803
v 0.853345 -0.037660 -0.107881
v 0.846084 -0.027423 -0.121661
v 0.860021 -0.014138 -0.108676
v 0.853269 -0.006621 -0.144649
v 0.865742 -0.002018 -0.111778
v 0.856965 0.001059 -0.145485
v 0.854959 0.002547 -0.128280
v 0.850222 -0.006663 -0.126505
v 0.884425 -0.058217 -0.101583
v 0.882813 -0.051803 -0.109873
v 0.889217 -0.053394 -0.088499
v 0.881600 -0.050246 -0.098255
v 0.886422 -0.022440 -0.102850
v 0.888172 -0.021873 -0.117145
v 0.891751 -0.014134 -0.117817
v 0.890955 -0.013101 -0.104276
v 0.900191 -0.018628 -0.090613
v 0.943630 0.012011 0.097785
v 0.929084 -0.020111 0.099236
v 0.924883 -0.023860 0.106451
v 0.920593 -0.016665 0.118110
v 0.920426 -0.017771 0.108504
v 0.932405 0.006591 0.104782
v 0.938256 0.014646 0.112554
v 0.940638 0.016892 0.104731
v 0.941142 -0.077116 0.066334
v 0.945105 -0.079109 0.052654
v 0.939957 -0.070639 0.054076
v 0.948041 -0.074536 0.045829
v 0.961924 -0.044933 0.044282
v 0.954204 -0.041232 0.084722
v 0.950404 -0.035808 0.072771
v 0.950927 -0.039517 0.056727
v 0.944274 -0.045220 0.072236
v 0.937667 -0.069390 0.066007
v 0.943442 -0.072755 0.074901
v 0.937976 -0.071754 0.051935
v 0.931918 -0.078759 0.038595
v 0.952137 -0.077107 0.005203
v 0.747517 0.200044 0.233184
v 0.739117 0.182181 0.217929
v 0.717318 0.185754 0.235893
v 0.715084 0.171869 0.222685
v 0.702087 0.146580 0.227983
v 0.708233 0.090498 0.192702
v 0.697736 0.084926 0.211643
v 0.719315 0.014265 0.177292
v 0.707371 0.012640 0.190123
v 0.708675 -0.006344 0.206461
v 0.721531 -0.018079 0.172909
v 0.900803 -0.132560 0.054032
v 0.845666 -0.034547 0.109893
v 0.852284 -0.011092 0.110513
v 0.840291 -0.039284 0.126339
v 0.837064 -0.030883 0.121857
v 0.838328 -0.032749 0.136758
v 0.841261 -0.003132 0.127392
v 0.842915 -0.002971 0.145797
v 0.847437 0.007336 0.129654
v 0.846656 0.005120 0.146578
v 0.857785 0.001118 0.113673
v 0.948399 -0.074708 -0.065066
v 0.944261 -0.077461 -0.054916
v 0.948473 -0.080424 -0.042527
v 0.941977 -0.071277 -0.056654
v 0.950813 -0.075817 -0.035726
v 0.943434 -0.072087 -0.044557
v 0.959866 -0.055361 -0.033627
v 0.949050 -0.047102 -0.063076
v 0.959796 -0.043165 -0.074787
v 0.954566 -0.041036 -0.047280
v 0.953735 -0.038849 -0.063722
v 0.959429 -0.037248 -0.056772
v 0.624717 0.567630 -0.206535
v 0.676161 0.549067 -0.244922
v 0.586142 0.511122 -0.224251
v 0.653215 0.596771 -0.186636
v 0.565753 0.434124 -0.242145
v 0.699000 0.582377 -0.223963
v 0.755872 0.563486 -0.238490
v 0.742448 0.529514 -0.257956
v 0.715322 0.442788 -0.279564
v 0.894500 0.470799 -0.252176
v 0.949563 0.491132 -0.226710
v 0.974285 0.441387 -0.239640
v 1.010543 0.469353 -0.194560
v 0.946077 -0.158441 -0.060056
v 0.953230 -0.087433 -0.079210
v 0.875170 -0.111660 -0.123730
v 0.862449 -0.050568 -0.141826
v 0.885288 -0.161810 -0.096803
v 0.928440 -0.190614 -0.055560
v 0.830014 -0.121473 -0.138661
v 0.810622 -0.082279 -0.160245
v 0.793971 -0.091683 -0.164643
v 0.809373 -0.049512 -0.160878
v 0.847494 -0.037735 -0.144761
v 0.800580 -0.033638 -0.180179
v 0.774433 -0.050299 -0.196943
v 0.738359 -0.039442 -0.217734
v 0.810549 0.031089 -0.205069
v 0.736668 -0.030431 -0.223361
v 0.723221 -0.011318 -0.214796
v 0.797483 0.052029 -0.220610
v 0.764122 0.009265 -0.219880
v 0.839004 0.104853 -0.236200
v 0.751336 0.084350 -0.237538
v 0.721869 0.078807 -0.236101
v 0.786940 0.124344 -0.244877
v 0.845268 0.136164 -0.240755
v 0.731005 0.141475 -0.256574
v 0.742687 0.173269 -0.260569
v 0.764368 0.193407 -0.244243
v 0.800404 0.169582 -0.252171
v 0.835981 0.166452 -0.231109
v 0.802685 0.186940 -0.237685
v 0.933483 0.019073 0.114698
v 0.926654 0.024387 0.108350
v 0.914195 0.031254 0.113175
v 0.925820 0.013354 0.106060
v 0.916405 0.025750 0.106994
v 0.906296 0.028142 0.112345
v 0.912444 0.016615 0.105273
v 0.920608 -0.008802 0.107469
v 0.891502 0.002244 0.115591
v 0.901993 -0.011480 0.108952
v 0.916740 -0.018054 0.110092
v 0.889062 -0.007766 0.118092
v 0.887648 -0.059770 0.096767
v 0.901462 -0.060652 0.098674
v 0.882796 -0.050778 0.093538
v 0.894211 -0.056031 0.091393
v 0.919744 -0.028925 0.099573
v 0.909827 -0.023446 0.091491
v 0.905813 -0.015539 0.097928
v 0.893645 -0.015954 0.095480
v 0.879023 -0.019524 0.106796
v 0.567053 0.229204 -0.192173
v 0.563637 0.268555 -0.212869
v 0.614157 0.251466 -0.244583
v 0.614974 0.196007 -0.215967
v 0.559082 0.339314 -0.233054
v 0.678125 0.171063 -0.211366
v 0.620816 0.346721 -0.271829
v 0.701124 0.299451 -0.253890
v 0.752161 0.230809 -0.220775
v 0.735791 0.160605 -0.204479
v 0.887478 0.117688 -0.217876
v 0.901080 0.275163 -0.263326
v 0.806208 0.364741 -0.274336
v 0.698396 0.407759 -0.283214
v 0.631717 0.438491 -0.276016
v 0.973253 -0.084674 -0.023391
v 0.963849 -0.081462 -0.028246
v 0.983884 -0.062344 -0.031768
v 0.954345 -0.077555 -0.024157
v 0.961677 -0.053983 -0.032667
v 0.975918 -0.050630 -0.039668
v 0.965574 -0.045345 -0.033280
v 0.986699 -0.053298 -0.032424
v 0.911975 0.032230 -0.135602
v 0.903762 0.042381 -0.141399
v 0.893884 0.016884 -0.149923
v 0.890490 0.047408 -0.139086
v 0.906161 0.011065 -0.139728
v 0.873882 0.019619 -0.147742
v 0.886781 0.001357 -0.151078
v 0.897833 -0.005029 -0.141079
v 0.868816 0.005616 -0.147700
v 1.027629 0.036685 0.039153
v 0.976010 0.056118 0.037062
v 1.029398 0.063628 0.048051
v 0.956275 0.078453 0.030256
v 0.983315 0.076345 0.044683
v 1.035554 0.088413 0.045827
v 0.969526 0.114111 0.031803
v 0.992536 0.103784 0.044035
v 1.019835 0.167159 0.004196
v 1.073711 0.124889 0.019834
v 1.098316 0.137600 0.007634
v 0.987473 0.157777 0.002974
v 0.953597 0.011938 -0.108930
v 0.960762 0.007133 -0.107638
v 0.961150 -0.017497 -0.102484
v 0.940430 -0.013968 -0.115724
v 0.949010 -0.025635 -0.113005
v 0.954676 -0.031029 -0.103409
v 0.944079 -0.030977 -0.107958
v 0.936419 -0.025153 -0.115217
v 0.928754 -0.020114 -0.111419
v 0.945921 0.011623 -0.105357
v 1.114377 0.215509 -0.044591
v 0.977912 0.264774 -0.045885
v 0.941954 0.167986 -0.057716
v 1.046340 0.128781 -0.053360
v 0.950035 0.193917 -0.031587
v 1.079484 0.149656 -0.024897
v 0.966893 0.237883 -0.023785
v 1.110880 0.183630 -0.017896
v 1.023071 0.238181 0.201948
v 0.966492 0.260745 0.198446
v 0.955994 0.234626 0.204503
v 0.972943 0.207441 0.205339
v 0.935944 0.253924 0.175046
v 0.939850 0.190412 0.202469
v 0.963864 0.165901 0.197706
v 0.933239 0.171739 0.192147
v 0.968531 0.007553 -0.082222
v 0.962061 -0.000395 -0.086765
v 0.973553 -0.000617 -0.089999
v 0.977113 0.006250 -0.084577
v 0.984848 0.001830 -0.081418
v 0.983356 -0.007602 -0.085736
v 0.965160 -0.017023 -0.094371
v 0.950350 -0.027394 -0.092172
v 0.952360 -0.033096 -0.089131
v 0.958469 -0.032329 -0.094649
v 0.967483 -0.037046 -0.089121
v 0.937455 -0.073460 -0.088471
v 0.951442 -0.042192 -0.095670
v 0.926800 -0.068461 -0.093208
v 0.917534 -0.064011 -0.087710
v 0.933717 -0.043150 -0.101309
v 0.925401 -0.029228 -0.096668
v 0.937559 -0.033930 -0.101654
v 0.944900 -0.032549 -0.095677
v 0.987376 0.002153 -0.053926
v 0.996160 -0.001109 -0.054530
v 1.002584 -0.004660 -0.047028
v 0.980291 -0.036398 -0.069027
v 0.989819 -0.041452 -0.057805
v 0.980774 -0.043929 -0.062213
v 0.970409 -0.039971 -0.063899
v 0.969880 -0.032997 -0.068684
v 0.959440 -0.000522 0.072276
v 0.965324 0.008250 0.074580
v 0.975753 0.006700 0.072882
v 0.971503 -0.002876 0.067873
v 0.981604 0.002479 0.075156
v 0.980986 -0.006009 0.073170
v 0.968650 -0.035163 0.074478
v 0.958933 -0.033979 0.070937
v 0.948597 -0.028584 0.075690
v 0.991730 0.004296 0.013545
v 0.993739 -0.003025 0.006141
v 0.983697 -0.000014 0.009969
v 1.002989 -0.007109 0.010708
v 0.980021 -0.040264 0.003890
v 0.968010 -0.036121 0.009898
v 0.991174 -0.044553 0.010572
v 0.977351 -0.046094 0.011989
v 0.969023 -0.042159 0.014419
v 0.778211 -0.080089 0.133585
v 0.715626 -0.025397 0.184286
v 0.928440 -0.190614 -0.055560
v 0.906177 -0.194393 -0.055484
v 0.885288 -0.161810 -0.096803
v 0.809373 -0.049512 -0.160878
v 0.810691 -0.032983 -0.142630
v 0.847494 -0.037735 -0.144761
v 0.922041 -0.071625 0.075798
v 0.916806 -0.062778 0.073435
v 0.935930 -0.072696 0.076191
v 0.927957 -0.067869 0.069894
v 0.953677 -0.042544 0.076422
v 0.942975 -0.036839 0.069646
v 0.939594 -0.029427 0.076785
v 0.927282 -0.029589 0.075602
v 0.940945 0.016471 -0.118947
v 0.931961 0.020511 -0.125764
v 0.922930 0.026833 -0.123758
v 0.913439 0.026261 -0.118559
v 0.917160 0.017999 -0.128781
v 0.923823 -0.005994 -0.132330
v 0.897845 -0.001446 -0.124407
v 0.896447 -0.010382 -0.125435
v 0.905023 -0.013361 -0.133606
v 0.907451 -0.002118 -0.133345
v 0.918626 -0.018855 -0.132160
v 0.930407 -0.022776 -0.124238
v 0.935744 -0.012749 -0.122942
v 0.995448 -0.004613 0.041294
v 0.991619 0.003457 0.043891
v 0.986548 -0.002034 0.039849
v 0.982266 -0.042702 0.045286
v 0.988352 0.007000 0.050015
v 0.979631 0.001876 0.046552
v 0.961544 -0.033351 0.054991
v 0.971418 -0.039059 0.044445
v 0.900428 -0.175309 0.049882
v 0.921947 -0.075344 0.053712
v 0.964467 -0.086869 0.015230
v 0.972062 -0.083633 0.012147
v 0.962703 -0.080813 0.007733
v 0.982110 -0.062835 0.011558
v 0.953496 -0.076792 0.011367
v 0.974257 -0.049828 0.005471
v 0.963083 -0.045509 0.011037
v 0.985347 -0.050688 0.014194
v 0.992949 0.003882 -0.019960
v 1.002781 -0.000776 -0.018884
v 0.995073 -0.003291 -0.027668
v 0.984989 0.000179 -0.023399
v 0.973171 -0.026928 -0.031970
v 1.004610 -0.007208 -0.022603
v 0.996221 -0.035607 -0.031036
v 0.991665 -0.046052 -0.031644
v 0.969749 -0.037802 -0.032532
v 0.981487 -0.040618 -0.039182
v 0.893498 0.045243 0.107705
v 0.880791 0.049259 0.103996
v 0.884173 0.015483 0.108492
v 0.873929 0.055099 0.112630
v 0.864576 0.045283 0.110729
v 0.867125 0.023524 0.104224
v 0.847352 0.014849 0.116743
v 0.878861 0.002375 0.111733
v 0.861309 0.008478 0.108037
v 0.870324 -0.046932 -0.138885
v 0.856917 -0.044459 -0.139937
v 0.859814 -0.034921 -0.146762
v 0.847929 -0.036521 -0.135290
v 0.880574 -0.025313 -0.146236
v 0.864958 -0.014688 -0.153436
v 0.885034 -0.012555 -0.147048
v 0.853269 -0.006621 -0.144649
v 0.872025 -0.002208 -0.148889
v 0.868974 -0.005107 -0.153901
v 0.856965 0.001059 -0.145485
v 0.897583 0.379934 -0.268270
v 1.028017 0.417428 -0.216097
v 0.998755 0.313408 -0.258975
v 1.059944 0.318834 -0.228292
v 0.973639 0.281775 -0.266242
v 1.057086 0.272794 -0.239135
v 1.096386 0.309479 -0.191944
v 1.073696 0.397482 -0.166882
v 1.080395 0.258115 -0.209519
v 0.997778 0.214331 -0.258265
v 0.965130 0.148477 -0.238432
v 0.983464 0.117275 -0.196758
v 0.942911 0.218053 -0.261312
v 0.924401 0.160234 -0.243038
v 0.946281 0.095345 -0.203915
v 0.994397 0.132658 -0.117465
v 0.976610 0.083667 -0.175359
v 1.002040 0.107232 -0.110684
v 1.023448 0.124040 -0.083803
v 0.999971 0.062919 -0.125474
v 1.004885 -0.005701 -0.066651
v 1.011881 0.009715 -0.080087
v 0.963203 0.012254 -0.117107
v 0.996289 0.019041 -0.105472
v 0.965402 0.028862 -0.134755
v 0.932287 0.024222 -0.131520
v 0.925849 0.044565 -0.162078
v 0.869373 0.089365 -0.187034
v 0.788816 0.120537 -0.192931
v 0.735791 0.160605 -0.204479
v 0.685453 0.145328 -0.189724
v 0.678125 0.171063 -0.211366
v 0.902488 -0.061266 -0.113087
v 0.922838 -0.043298 -0.105927
v 0.916317 -0.028191 -0.120489
v 0.891437 -0.056078 -0.116474
v 0.882813 -0.051803 -0.109873
v 0.897983 -0.029296 -0.124266
v 0.888172 -0.021873 -0.117145
v 0.901954 -0.019619 -0.124649
v 0.891751 -0.014134 -0.117817
v 0.909907 -0.018286 -0.119451
v 0.958197 0.008060 0.101529
v 0.953609 0.014625 0.101012
v 0.952046 0.009218 0.096242
v 0.948190 0.017505 0.103784
v 0.949496 -0.026122 0.102121
v 0.943630 0.012011 0.097785
v 0.941533 -0.024250 0.096303
v 0.941236 -0.028998 0.101679
v 0.929084 -0.020111 0.099236
v 0.932405 0.006591 0.104782
v 0.939957 -0.070639 0.054076
v 0.957215 -0.079725 0.047261
v 0.948041 -0.074536 0.045829
v 0.973610 -0.050927 0.044894
v 0.961924 -0.044933 0.044282
v 0.937976 -0.071754 0.051935
v 0.921947 -0.075344 0.053712
v 0.873820 -0.056740 0.086667
v 0.825450 -0.029243 0.124352
v 0.774310 -0.021318 0.148509
v 0.787496 -0.018640 0.161973
v 0.783565 0.019325 0.167339
v 0.793590 0.014722 0.178561
v 0.825413 0.135834 0.211917
v 0.836312 0.136469 0.223655
v 0.808511 0.158511 0.210412
v 0.819851 0.172806 0.225885
v 0.786194 0.193436 0.229526
v 0.774843 0.171670 0.209585
v 0.747517 0.200044 0.233184
v 0.773329 0.059317 0.174244
v 0.783565 0.019325 0.167339
v 0.747227 0.076710 0.179982
v 0.774310 -0.021318 0.148509
v 0.739117 0.182181 0.217929
v 0.715084 0.171869 0.222685
v 0.708233 0.090498 0.192702
v 0.719315 0.014265 0.177292
v 0.758971 -0.042816 0.146694
v 0.782326 -0.036520 0.133677
v 0.721531 -0.018079 0.172909
v 0.782063 -0.058356 0.125966
v 0.808498 -0.030595 0.121275
v 0.828251 -0.125649 0.105522
v 0.852043 -0.106127 0.089190
v 0.873820 -0.056740 0.086667
v 0.900803 -0.132560 0.054032
v 0.867116 -0.045233 0.115269
v 0.856994 -0.041604 0.108049
v 0.861488 -0.033499 0.104997
v 0.845666 -0.034547 0.109893
v 0.851525 -0.044105 0.113876
v 0.852284 -0.011092 0.110513
v 0.857785 0.001118 0.113673
v 0.874325 -0.007198 0.107555
v 0.885945 -0.013839 0.116905
v 0.965570 -0.083019 -0.056306
v 0.952240 -0.082220 -0.059999
v 0.981451 -0.054309 -0.061549
v 0.958382 -0.079378 -0.065362
v 0.968320 -0.056616 -0.073305
v 0.948399 -0.074708 -0.065066
v 0.959796 -0.043165 -0.074787
v 0.972066 -0.047900 -0.073452
v 0.901993 -0.011480 0.108952
v 0.916740 -0.018054 0.110092
v 0.889062 -0.007766 0.118092
v 0.902153 -0.015123 0.116847
v 0.923999 -0.020435 0.119432
v 0.923899 -0.018130 0.131089
v 0.914041 -0.018498 0.132855
v 0.910497 -0.013066 0.139877
v 0.895670 -0.009772 0.138627
v 0.887535 -0.006801 0.129484
v 0.894402 -0.058001 0.119205
v 0.882354 -0.056284 0.118515
v 0.886998 -0.061766 0.110644
v 0.876983 -0.055211 0.106392
v 0.894578 -0.063861 0.105803
v 0.887648 -0.059770 0.096767
v 0.901462 -0.060652 0.098674
v 0.882796 -0.050778 0.093538
v 0.902591 -0.061092 0.110047
v 0.894211 -0.056031 0.091393
v 0.874905 -0.048688 0.114315
v 0.874540 -0.047253 0.102622
v 0.651420 0.183649 0.195596
v 0.670335 0.152008 0.174921
v 0.611490 0.167010 0.148082
v 0.596438 0.203395 0.194201
v 0.555347 0.208264 0.129436
v 0.551101 0.235481 0.166375
v 0.516438 0.273130 0.126372
v 0.520894 0.240770 0.092377
v 0.967903 -0.088038 -0.006306
v 0.976181 -0.085654 -0.011586
v 0.972242 -0.084046 -0.000171
v 0.961002 -0.086636 -0.006071
v 0.965707 -0.087402 -0.020434
v 0.973253 -0.084674 -0.023391
v 0.963849 -0.081462 -0.028246
v 0.962760 -0.080939 0.003461
v 0.956101 -0.082992 -0.020242
v 0.954925 -0.083151 -0.006833
v 0.954345 -0.077555 -0.024157
v 0.953869 -0.077129 -0.000916
v 0.950670 -0.076050 -0.012620
v 0.900133 -0.003727 -0.123524
v 0.886781 0.001357 -0.151078
v 0.897833 -0.005029 -0.141079
v 0.868816 0.005616 -0.147700
v 0.882721 -0.002259 -0.145055
v 0.891258 -0.006308 -0.125637
v 0.876050 -0.002236 -0.129539
v 0.883675 -0.003498 -0.113203
v 0.861661 0.004628 -0.132991
v 0.887001 -0.000375 -0.107926
v 0.856807 0.011173 -0.133800
v 0.859379 0.005508 -0.119293
v 0.870194 0.000590 -0.113549
v 0.856088 0.010645 -0.116034
v 0.868868 0.005501 -0.106115
v 0.956180 -0.028982 -0.092855
v 0.954676 -0.031029 -0.103409
v 0.948258 -0.026655 -0.087736
v 0.950540 -0.032046 -0.096200
v 0.944079 -0.030977 -0.107958
v 0.936419 -0.025153 -0.115217
v 0.941679 -0.029684 -0.092531
v 0.931749 -0.026163 -0.108691
v 0.928754 -0.020114 -0.111419
v 0.928396 -0.023345 -0.101909
v 0.936080 -0.022734 -0.091573
v 1.063580 0.238569 -0.126052
v 0.982482 0.267134 -0.151725
v 1.047227 0.238005 -0.169785
v 1.037272 0.232233 -0.194901
v 0.981460 0.270589 -0.079409
v 1.114377 0.215509 -0.044591
v 0.980410 0.255263 -0.195854
v 0.977912 0.264774 -0.045885
v 0.948280 0.249064 -0.174483
v 0.950760 0.258648 -0.141017
v 0.948228 0.259405 -0.075300
v 1.053739 0.242030 0.135895
v 1.036233 0.242897 0.175502
v 0.971681 0.271388 0.154262
v 1.023071 0.238181 0.201948
v 1.092315 0.230078 0.095278
v 0.966492 0.260745 0.198446
v 0.935944 0.253924 0.175046
v 0.975763 0.272834 0.081985
v 0.940785 0.262576 0.141582
v 0.942893 0.261506 0.075856
v 1.111815 0.214443 0.053959
v 0.974582 0.266086 0.048469
v 0.972972 -0.038438 -0.068455
v 0.953034 -0.034068 -0.073309
v 0.962774 -0.037563 -0.066911
v 0.968231 -0.040707 -0.072682
v 0.950350 -0.027394 -0.092172
v 0.947770 -0.030134 -0.082949
v 0.959866 -0.038143 -0.081062
v 0.952360 -0.033096 -0.089131
v 0.958469 -0.032329 -0.094649
v 0.967483 -0.037046 -0.089121
v 0.974207 -0.039847 -0.078716
v 0.935124 -0.078020 -0.079017
v 0.937455 -0.073460 -0.088471
v 0.943792 -0.076081 -0.077682
v 0.940848 -0.074734 -0.066834
v 0.925237 -0.072740 -0.087439
v 0.930935 -0.077030 -0.072853
v 0.926800 -0.068461 -0.093208
v 0.932456 -0.069841 -0.061297
v 0.927114 -0.073610 -0.067442
v 0.918365 -0.069887 -0.079016
v 0.917534 -0.064011 -0.087710
v 0.921714 -0.064793 -0.065722
v 0.915133 -0.062039 -0.076348
v 0.965214 -0.034707 -0.044650
v 0.991939 -0.044744 -0.042753
v 0.984699 -0.043910 -0.033531
v 0.974345 -0.039980 -0.033385
v 0.980736 -0.047226 -0.040085
v 0.986695 -0.047774 -0.045638
v 0.970356 -0.043321 -0.041840
v 0.975085 -0.044972 -0.052193
v 0.980774 -0.043929 -0.062213
v 0.963595 -0.035722 -0.059416
v 0.970409 -0.039971 -0.063899
v 0.969880 -0.032997 -0.068684
v 0.968650 -0.035163 0.074478
v 0.970083 -0.036113 0.084439
v 0.958933 -0.033979 0.070937
v 0.962767 -0.033773 0.094957
v 0.942883 -0.025146 0.096452
v 0.951023 -0.031826 0.099170
v 0.963723 -0.038249 0.087603
v 0.948597 -0.028584 0.075690
v 0.941370 -0.026061 0.086218
v 0.945438 -0.031885 0.092889
v 0.944925 -0.031673 0.083052
v 0.953869 -0.036159 0.085306
v 0.963178 -0.037935 0.077753
v 0.980021 -0.040264 0.003890
v 0.968010 -0.036121 0.009898
v 0.991174 -0.044553 0.010572
v 0.977351 -0.046094 0.011989
v 0.963111 -0.033686 0.027161
v 0.969023 -0.042159 0.014419
v 0.966877 -0.042167 0.035104
v 0.976272 -0.047308 0.027345
v 0.986809 -0.049611 0.019536
v 0.995169 -0.045738 0.028085
v 0.985133 -0.048162 0.040282
v 0.976283 -0.045626 0.042710
v 0.967237 -0.035933 0.043775
v 0.977806 -0.040842 0.049566
v 0.988999 -0.045002 0.043868
v 0.784072 -0.080381 -0.138625
v 0.728178 -0.029489 -0.194194
v 0.743801 -0.050690 -0.191806
v 0.819972 -0.126301 -0.126993
v 0.835583 -0.128537 -0.102212
v 0.906177 -0.194393 -0.055484
v 0.903585 -0.176453 -0.040287
v 0.921269 -0.202333 -0.008785
v 0.910143 -0.178991 0.005137
v 0.913404 -0.198437 0.046848
v 0.900428 -0.175309 0.049882
v 0.894943 -0.187948 0.071071
v 0.828251 -0.125649 0.105522
v 0.812552 -0.123477 0.127518
v 0.778211 -0.080089 0.133585
v 0.731150 -0.046557 0.186835
v 0.715626 -0.025397 0.184286
v 0.723353 -0.033879 0.211812
v 0.785960 -0.089954 0.160502
v 0.812552 -0.123477 0.127518
v 0.860144 -0.146615 0.117515
v 0.894943 -0.187948 0.071071
v 0.924170 -0.188884 0.067229
v 0.913404 -0.198437 0.046848
v 0.939217 -0.193700 0.042486
v 0.921269 -0.202333 -0.008785
v 0.943045 -0.197284 -0.008184
v 0.928440 -0.190614 -0.055560
v 0.906177 -0.194393 -0.055484
v 0.885288 -0.161810 -0.096803
v 0.819972 -0.126301 -0.126993
v 0.830014 -0.121473 -0.138661
v 0.793971 -0.091683 -0.164643
v 0.743801 -0.050690 -0.191806
v 0.738359 -0.039442 -0.217734
v 0.728178 -0.029489 -0.194194
v 0.931002 -0.070843 0.097452
v 0.918978 -0.068994 0.098137
v 0.922849 -0.074061 0.089593
v 0.912422 -0.067477 0.086621
v 0.929858 -0.075981 0.083881
v 0.922041 -0.071625 0.075798
v 0.938229 -0.073550 0.087366
v 0.916806 -0.062778 0.073435
v 0.935930 -0.072696 0.076191
v 0.927957 -0.067869 0.069894
v 0.911084 -0.061470 0.095001
v 0.909517 -0.059624 0.083475
v 0.909531 -0.013798 -0.102943
v 0.897310 -0.010976 -0.113682
v 0.924387 -0.021029 -0.103616
v 0.910787 -0.018483 -0.110824
v 0.896447 -0.010382 -0.125435
v 0.905023 -0.013361 -0.133606
v 0.918626 -0.018855 -0.132160
v 0.930407 -0.022776 -0.124238
v 0.932145 -0.023671 -0.112240
v 0.982266 -0.042702 0.045286
v 0.987759 -0.043922 0.055226
v 0.985268 -0.039760 0.069732
v 0.964573 -0.030629 0.078803
v 0.961544 -0.033351 0.054991
v 0.958733 -0.030801 0.069394
v 0.973905 -0.038029 0.078623
v 0.965529 -0.038049 0.074365
v 0.961050 -0.038042 0.064325
v 0.971418 -0.039059 0.044445
v 0.970311 -0.042900 0.049400
v 0.971013 -0.043369 0.063160
v 0.977501 -0.045952 0.051547
v 0.982064 -0.046115 0.061448
v 0.974980 -0.085104 0.023797
v 0.968261 -0.086256 0.033216
v 0.964367 -0.087999 0.023999
v 0.956102 -0.083700 0.031813
v 0.964467 -0.086869 0.015230
v 0.954067 -0.082825 0.017590
v 0.972062 -0.083633 0.012147
v 0.949421 -0.075481 0.022865
v 0.962703 -0.080813 0.007733
v 0.953496 -0.076792 0.011367
v 0.961427 -0.080511 0.039475
v 0.952278 -0.076557 0.034681
v 0.979722 -0.040280 0.007505
v 0.991488 -0.044676 0.001698
v 0.996745 -0.046255 -0.015423
v 0.968424 -0.035994 0.000763
v 0.977797 -0.046270 -0.000647
v 0.986653 -0.048806 -0.003078
v 0.991665 -0.046052 -0.031644
v 0.964659 -0.034176 -0.016723
v 0.969665 -0.042411 -0.003767
v 0.977802 -0.047911 -0.016002
v 0.968700 -0.042812 -0.024214
v 0.969749 -0.037802 -0.032532
v 0.988561 -0.050288 -0.023409
v 0.978898 -0.046655 -0.031368
v 0.981487 -0.040618 -0.039182
v 0.876004 0.005603 0.154249
v 0.847352 0.014849 0.116743
v 0.847331 0.014905 0.134635
v 0.858439 0.009615 0.149528
v 0.872375 0.001817 0.148058
v 0.852225 0.008345 0.134352
v 0.866815 0.001402 0.132115
v 0.887908 -0.001140 0.145115
v 0.850915 0.008843 0.120508
v 0.878742 -0.002064 0.121583
v 0.891240 -0.000289 0.127879
v 0.862103 0.003777 0.115680
v 0.878861 0.002375 0.111733
v 0.861309 0.008478 0.108037
v 0.868034 -0.051880 -0.126823
v 0.870324 -0.046932 -0.138885
v 0.877787 -0.050003 -0.125989
v 0.866820 -0.050897 -0.116278
v 0.856917 -0.044459 -0.139937
v 0.853267 -0.046231 -0.127479
v 0.847929 -0.036521 -0.135290
v 0.859494 -0.047222 -0.111131
v 0.846805 -0.039049 -0.120803
v 0.865303 -0.043391 -0.103817
v 0.875020 -0.048383 -0.111322
v 0.853345 -0.037660 -0.107881
v 0.965402 0.028862 -0.134755
v 0.932287 0.024222 -0.131520
v 0.925849 0.044565 -0.162078
v 0.897360 0.052912 -0.153041
v 0.869373 0.089365 -0.187034
v 0.809902 0.099153 -0.117777
v 0.788816 0.120537 -0.192931
v 0.685453 0.145328 -0.189724
v 0.678125 0.171063 -0.211366
v 0.870456 0.061654 0.013285
v 0.932287 0.024222 -0.131520
v 0.625908 0.161211 -0.167993
v 0.614974 0.196007 -0.215967
v 0.668497 0.142235 -0.099383
v 0.749578 0.120020 -0.004676
v 0.609700 0.165368 -0.091290
v 0.568137 0.203243 -0.154347
v 0.567053 0.229204 -0.192173
v 0.532792 0.240156 -0.134772
v 0.553852 0.203014 -0.071724
v 0.504568 0.245785 -0.057523
v 0.495609 0.249364 -0.015654
v 0.501468 0.246014 0.028536
v 0.611157 0.166323 -0.007396
v 0.555326 0.200615 0.065757
v 0.520894 0.240770 0.092377
v 0.555347 0.208264 0.129436
v 0.614155 0.161829 0.079438
v 0.611490 0.167010 0.148082
v 0.670335 0.152008 0.174921
v 0.727432 0.128477 0.144695
v 0.694719 0.154238 0.184007
v 0.823990 0.108128 0.187582
v 0.800385 0.102936 0.112965
v 0.881776 0.061411 0.157862
v 0.917811 0.043572 0.158750
v 0.926770 0.025106 0.133659
v 0.962717 0.012492 0.118890
v 0.971011 0.001802 0.072487
v 1.001036 -0.004288 0.075017
v 1.013216 -0.010794 0.006447
v 0.969448 0.002739 -0.072139
v 1.004885 -0.005701 -0.066651
v 0.963203 0.012254 -0.117107
v 0.901058 -0.066386 -0.103648
v 0.902488 -0.061266 -0.113087
v 0.909865 -0.064310 -0.103138
v 0.908064 -0.063354 -0.092005
v 0.890396 -0.060745 -0.110762
v 0.897484 -0.065658 -0.097055
v 0.891437 -0.056078 -0.116474
v 0.900314 -0.058640 -0.085434
v 0.894298 -0.062376 -0.091110
v 0.884425 -0.058217 -0.101583
v 0.882813 -0.051803 -0.109873
v 0.889217 -0.053394 -0.088499
v 0.881600 -0.050246 -0.098255
v 0.949496 -0.026122 0.102121
v 0.941533 -0.024250 0.096303
v 0.941236 -0.028998 0.101679
v 0.929084 -0.020111 0.099236
v 0.949314 -0.026224 0.112066
v 0.942410 -0.028536 0.114453
v 0.928185 -0.021949 0.122823
v 0.933266 -0.027376 0.110489
v 0.924883 -0.023860 0.106451
v 0.923820 -0.023040 0.115919
v 0.920593 -0.016665 0.118110
v 0.920426 -0.017771 0.108504
v 0.961284 -0.081258 0.067591
v 0.951228 -0.080016 0.073269
v 0.951084 -0.083387 0.063690
v 0.941142 -0.077116 0.066334
v 0.954854 -0.084126 0.055737
v 0.945105 -0.079109 0.052654
v 0.963513 -0.082086 0.055713
v 0.939957 -0.070639 0.054076
v 0.957215 -0.079725 0.047261
v 0.948041 -0.074536 0.045829
v 0.943442 -0.072755 0.074901
v 0.867116 -0.045233 0.115269
v 0.856994 -0.041604 0.108049
v 0.845666 -0.034547 0.109893
v 0.851525 -0.044105 0.113876
v 0.840291 -0.039284 0.126339
v 0.849571 -0.045087 0.125657
v 0.837064 -0.030883 0.121857
v 0.859910 -0.048718 0.125026
v 0.848988 -0.043944 0.137407
v 0.838328 -0.032749 0.136758
v 0.847347 -0.038462 0.144189
v 0.860526 -0.042998 0.142249
v 0.869024 -0.046192 0.130208
v 0.959737 -0.085983 -0.048506
v 0.965570 -0.083019 -0.056306
v 0.966756 -0.083687 -0.044189
v 0.960045 -0.080933 -0.036338
v 0.952240 -0.082220 -0.059999
v 0.953759 -0.084292 -0.045087
v 0.958382 -0.079378 -0.065362
v 0.948399 -0.074708 -0.065066
v 0.944261 -0.077461 -0.054916
v 0.948473 -0.080424 -0.042527
v 0.950813 -0.075817 -0.035726
v 0.943434 -0.072087 -0.044557
v 1.077377 0.399739 0.143521
v 1.117870 0.386209 0.065573
v 0.976472 -0.096563 -0.051376
v 0.946077 -0.158441 -0.060056
v 0.953230 -0.087433 -0.079210
v 0.961760 -0.161557 -0.024265
v 0.988307 -0.100778 -0.017335
v 0.928440 -0.190614 -0.055560
v 0.943045 -0.197284 -0.008184
v 0.810622 -0.082279 -0.160245
v 0.809373 -0.049512 -0.160878
v 0.800580 -0.033638 -0.180179
v 0.774433 -0.050299 -0.196943
v 0.810549 0.031089 -0.205069
v 0.990915 -0.107740 0.006997
v 0.992853 -0.099250 0.006948
v 0.964682 -0.161589 0.006820
v 0.939217 -0.193700 0.042486
v 0.986419 -0.100130 0.031338
v 0.992853 -0.099250 0.006948
v 0.941403 -0.157056 0.071883
v 0.924170 -0.188884 0.067229
v 0.972407 -0.094960 0.063872
v 0.947251 -0.085159 0.089738
v 0.784170 -0.066586 0.172052
v 0.794639 -0.042236 0.162847
v 0.789191 -0.030146 0.150030
v 0.787496 -0.018640 0.161973
v 0.787931 -0.028656 0.178161
v 0.793590 0.014722 0.178561
v 0.761316 -0.044786 0.193480
v 0.796185 0.036747 0.201885
v 0.836312 0.136469 0.223655
v 0.822446 0.111376 0.232886
v 0.828004 0.142747 0.236922
v 0.819851 0.172806 0.225885
v 0.933483 0.019073 0.114698
v 0.932321 0.019715 0.125564
v 0.928561 -0.011947 0.117560
v 0.925820 0.013354 0.106060
v 0.920608 -0.008802 0.107469
v 0.916740 -0.018054 0.110092
v 0.923999 -0.020435 0.119432
v 0.923899 -0.018130 0.131089
v 0.894402 -0.058001 0.119205
v 0.901462 -0.060652 0.098674
v 0.902591 -0.061092 0.110047
v 0.919744 -0.028925 0.099573
v 0.919752 -0.029379 0.114004
v 0.915919 -0.020885 0.103891
v 0.907287 -0.024498 0.126816
v 0.917087 -0.022766 0.113505
v 1.051411 0.399929 0.189522
v 0.964593 0.201894 0.261573
v 0.944504 0.132364 0.229108
v 0.967903 -0.088038 -0.006306
v 0.976181 -0.085654 -0.011586
v 0.972242 -0.084046 -0.000171
v 0.973253 -0.084674 -0.023391
v 0.983884 -0.062344 -0.031768
v 0.982111 -0.063889 0.000729
v 0.990601 -0.056189 -0.016553
v 0.986699 -0.053298 -0.032424
v 0.986907 -0.049008 -0.024396
v 0.985808 -0.050984 -0.002027
v 0.911276 0.042175 -0.131151
v 0.910840 0.039406 -0.117305
v 0.911975 0.032230 -0.135602
v 0.903762 0.042381 -0.141399
v 0.906161 0.011065 -0.139728
v 0.900133 -0.003727 -0.123524
v 0.897833 -0.005029 -0.141079
v 0.887001 -0.000375 -0.107926
v 0.898921 0.033946 -0.103334
v 0.901143 0.043316 -0.105493
v 0.955255 0.072518 -0.015880
v 0.957708 0.078780 0.003232
v 0.954890 0.072652 0.015818
v 0.949869 0.113528 0.002472
v 0.956275 0.078453 0.030256
v 0.969526 0.114111 0.031803
v 0.987473 0.157777 0.002974
v 0.968316 0.105180 -0.028036
v 0.965094 0.005401 -0.092850
v 0.962958 0.011407 -0.101038
v 0.966116 0.005495 -0.100656
v 0.960762 0.007133 -0.107638
v 0.961150 -0.017497 -0.102484
v 0.956180 -0.028982 -0.092855
v 0.949010 -0.025635 -0.113005
v 0.954676 -0.031029 -0.103409
v 0.950540 -0.032046 -0.096200
v 0.977912 0.264774 -0.045885
v 0.970340 0.228975 -0.201909
v 0.948280 0.249064 -0.174483
v 0.950760 0.258648 -0.141017
v 0.948228 0.259405 -0.075300
v 0.913617 0.229580 -0.121115
v 0.927318 0.192991 -0.171468
v 0.954049 0.184819 -0.199789
v 0.946708 0.166433 -0.189445
v 0.939997 0.153102 -0.149082
v 0.921809 0.181997 -0.140631
v 0.920967 0.185784 -0.089756
v 0.941954 0.167986 -0.057716
v 0.928769 0.208964 -0.061002
v 0.950035 0.193917 -0.031587
v 0.940098 0.238864 -0.055434
v 0.966893 0.237883 -0.023785
v 0.955994 0.234626 0.204503
v 0.935944 0.253924 0.175046
v 0.939850 0.190412 0.202469
v 0.915190 0.197768 0.172117
v 0.933239 0.171739 0.192147
v 0.929376 0.157285 0.151797
v 0.911858 0.185916 0.141285
v 0.905109 0.232931 0.119928
v 0.914608 0.188288 0.090392
v 0.937784 0.169629 0.060419
v 0.924440 0.210669 0.061627
v 0.947712 0.194832 0.034215
v 0.940785 0.262576 0.141582
v 0.942893 0.261506 0.075856
v 0.936164 0.240413 0.056044
v 0.965122 0.238582 0.026402
v 0.974582 0.266086 0.048469
v 0.984848 0.001830 -0.081418
v 0.983356 -0.007602 -0.085736
v 0.989002 -0.011194 -0.074137
v 0.988166 0.001632 -0.073307
v 0.985997 -0.000844 -0.064113
v 0.985310 -0.009825 -0.063236
v 0.972972 -0.038438 -0.068455
v 0.967483 -0.037046 -0.089121
v 0.974207 -0.039847 -0.078716
v 0.937455 -0.073460 -0.088471
v 0.943792 -0.076081 -0.077682
v 0.940848 -0.074734 -0.066834
v 0.956608 -0.056209 -0.079918
v 0.951442 -0.042192 -0.095670
v 0.958884 -0.044503 -0.066739
v 0.960498 -0.042426 -0.081289
v 1.001482 0.000725 -0.039463
v 1.002584 -0.004660 -0.047028
v 1.003562 -0.006352 -0.036871
v 0.998037 -0.005562 -0.029791
v 0.991939 -0.044744 -0.042753
v 0.984699 -0.043910 -0.033531
v 0.989819 -0.041452 -0.057805
v 0.986695 -0.047774 -0.045638
v 0.980774 -0.043929 -0.062213
v 0.982859 0.003958 0.084140
v 0.981604 0.002479 0.075156
v 0.978413 0.003447 0.092381
v 0.980986 -0.006009 0.073170
v 0.983403 -0.009033 0.084488
v 0.976264 -0.006636 0.095641
v 0.968650 -0.035163 0.074478
v 0.970083 -0.036113 0.084439
v 0.962767 -0.033773 0.094957
v 0.963723 -0.038249 0.087603
v 0.963178 -0.037935 0.077753
v 1.002324 0.000144 0.016941
v 1.006369 -0.008141 0.022859
v 1.002989 -0.007109 0.010708
v 0.991174 -0.044553 0.010572
v 0.986809 -0.049611 0.019536
v 0.995169 -0.045738 0.028085
v 0.985133 -0.048162 0.040282
v 0.988999 -0.045002 0.043868
v 0.993598 -0.034573 0.043293
v 1.002570 -0.006636 0.034726
v 0.852321 0.130563 -0.226882
v 0.845268 0.136164 -0.240755
v 0.835981 0.166452 -0.231109
v 0.839004 0.104853 -0.236200
v 0.810549 0.031089 -0.205069
v 0.806295 0.009717 -0.181382
v 0.800580 -0.033638 -0.180179
v 0.799013 -0.023177 -0.164346
v 0.809373 -0.049512 -0.160878
v 0.799852 -0.034345 -0.151998
v 0.968951 -0.083352 -0.058939
v 0.953230 -0.087433 -0.079210
v 0.976472 -0.096563 -0.051376
v 0.988307 -0.100778 -0.017335
v 0.931002 -0.070843 0.097452
v 0.938229 -0.073550 0.087366
v 0.935930 -0.072696 0.076191
v 0.950999 -0.052892 0.089987
v 0.953677 -0.042544 0.076422
v 0.944080 -0.039161 0.104976
v 0.954405 -0.039908 0.091228
v 0.933083 0.010493 -0.099731
v 0.941338 0.016031 -0.107950
v 0.936604 -0.015115 -0.110301
v 0.940945 0.016471 -0.118947
v 0.927963 -0.011699 -0.100889
v 0.924387 -0.021029 -0.103616
v 0.930407 -0.022776 -0.124238
v 0.935744 -0.012749 -0.122942
v 0.932145 -0.023671 -0.112240
v 0.999158 -0.013683 0.049960
v 0.995448 -0.004613 0.041294
v 0.999793 -0.000927 0.049078
v 0.996506 0.003344 0.055428
v 0.982266 -0.042702 0.045286
v 0.998827 -0.003264 0.058874
v 0.987759 -0.043922 0.055226
v 0.985268 -0.039760 0.069732
v 0.979516 -0.025603 0.077301
v 0.982064 -0.046115 0.061448
v 0.974980 -0.085104 0.023797
v 0.968261 -0.086256 0.033216
v 0.972062 -0.083633 0.012147
v 0.982110 -0.062835 0.011558
v 0.988971 -0.055445 0.029429
v 0.985347 -0.050688 0.014194
v 0.975295 -0.076682 0.038575
v 0.984465 -0.047992 0.036771
v 0.983816 -0.052893 0.045257
v 1.003094 -0.000168 -0.005096
v 1.002781 -0.000776 -0.018884
v 1.004610 -0.007208 -0.022603
v 1.007554 -0.008518 -0.010467
v 1.003400 -0.007037 0.001287
v 0.991488 -0.044676 0.001698
v 0.996221 -0.035607 -0.031036
v 0.996745 -0.046255 -0.015423
v 0.986653 -0.048806 -0.003078
v 0.991665 -0.046052 -0.031644
v 0.988561 -0.050288 -0.023409
v 0.902424 0.042674 0.121231
v 0.901893 0.045805 0.134799
v 0.902256 0.036058 0.139736
v 0.893638 0.046376 0.144667
v 0.896146 0.015012 0.144029
v 0.893498 0.045243 0.107705
v 0.884173 0.015483 0.108492
v 0.887908 -0.001140 0.145115
v 0.891240 -0.000289 0.127879
v 0.878861 0.002375 0.111733
v 0.870324 -0.046932 -0.138885
v 0.877787 -0.050003 -0.125989
v 0.875020 -0.048383 -0.111322
v 0.891402 -0.029365 -0.129398
v 0.880574 -0.025313 -0.146236
v 0.894264 -0.017016 -0.113016
v 0.895415 -0.015048 -0.130965
v 0.885034 -0.012555 -0.147048
v 1.057086 0.272794 -0.239135
v 1.096386 0.309479 -0.191944
v 1.073696 0.397482 -0.166882
v 1.122147 0.384525 -0.056166
v 1.110158 0.340720 -0.139965
v 1.132445 0.380685 0.005206
v 1.080395 0.258115 -0.209519
v 1.139285 0.334277 -0.056781
v 1.147985 0.331040 0.006466
v 1.150372 0.284916 0.007240
v 1.134878 0.336013 0.068857
v 1.139092 0.289934 -0.066818
v 1.110345 0.299900 -0.159640
v 1.090537 0.260239 -0.169113
v 1.099244 0.256961 -0.121661
v 1.063580 0.238569 -0.126052
v 1.127029 0.246473 -0.060565
v 1.047227 0.238005 -0.169785
v 1.114377 0.215509 -0.044591
v 1.037272 0.232233 -0.194901
v 1.143905 0.240124 0.007680
v 0.997462 0.197788 -0.230920
v 0.987059 0.200724 -0.200765
v 0.997778 0.214331 -0.258265
v 0.983251 0.158096 -0.219142
v 0.977448 0.160707 -0.192741
v 0.965130 0.148477 -0.238432
v 0.983464 0.117275 -0.196758
v 0.982852 0.140414 -0.159054
v 0.989915 0.113826 -0.158447
v 0.994397 0.132658 -0.117465
v 0.976610 0.083667 -0.175359
v 1.002040 0.107232 -0.110684
v 1.023448 0.124040 -0.083803
v 0.999971 0.062919 -0.125474
v 1.032504 0.092884 -0.054056
v 1.046340 0.128781 -0.053360
v 1.038300 0.087305 -0.034029
v 1.074465 0.124498 -0.006443
v 1.079484 0.149656 -0.024897
v 1.031746 0.059399 -0.034966
v 1.098316 0.137600 0.007634
v 1.110880 0.183630 -0.017896
v 1.131714 0.195234 0.007883
v 1.109221 0.184288 0.032184
v 1.079542 0.151454 0.037316
v 1.073711 0.124889 0.019834
v 1.111815 0.214443 0.053959
v 1.042367 0.130345 0.064533
v 1.035554 0.088413 0.045827
v 1.122277 0.248345 0.074496
v 1.092315 0.230078 0.095278
v 1.028360 0.094516 0.065292
v 1.017389 0.126430 0.093404
v 1.029398 0.063628 0.048051
v 0.987312 0.134982 0.125788
v 1.090250 0.260504 0.133390
v 1.053739 0.242030 0.135895
v 1.036233 0.242897 0.175502
v 1.003132 0.069897 0.109831
v 1.069528 0.268599 0.216052
v 1.023071 0.238181 0.201948
v 1.136878 0.290041 0.071880
v 1.105462 0.307815 0.152432
v 1.095456 0.347919 0.156208
v 1.025597 0.235897 0.231302
v 0.972943 0.207441 0.205339
v 1.079908 0.311583 0.204724
v 1.040225 0.279442 0.246897
v 0.980630 0.204412 0.236676
v 1.007481 0.242737 0.258418
v 0.967191 0.164416 0.224677
v 0.963864 0.165901 0.197706
v 0.969596 0.119361 0.197678
v 0.972025 0.144384 0.164093
v 0.975592 0.088497 0.169139
v 0.930567 0.101520 0.208487
v 1.007120 0.009449 0.086261
v 0.963057 0.090220 0.184047
v 0.977525 0.022284 0.122258
v 0.962717 0.012492 0.118890
v 1.001036 -0.004288 0.075017
v 1.020272 0.003333 0.054839
v 1.027629 0.036685 0.039153
v 1.013216 -0.010794 0.006447
v 1.029491 0.030598 0.023551
v 1.028106 -0.000388 0.005850
v 1.033772 0.038751 0.006473
v 1.030698 0.030123 -0.010630
v 1.024038 0.002091 -0.041376
v 1.029945 0.035773 -0.026488
v 1.004885 -0.005701 -0.066651
v 1.011881 0.009715 -0.080087
v 0.963203 0.012254 -0.117107
v 0.996289 0.019041 -0.105472
v 0.965402 0.028862 -0.134755
v 0.902488 -0.061266 -0.113087
v 0.909865 -0.064310 -0.103138
v 0.908064 -0.063354 -0.092005
v 0.922838 -0.043298 -0.105927
v 0.916317 -0.028191 -0.120489
v 0.926796 -0.028762 -0.107178
v 0.926677 -0.031558 -0.092609
v 0.957818 0.000943 0.110478
v 0.958197 0.008060 0.101529
v 0.956897 0.013275 0.109313
v 0.949496 -0.026122 0.102121
v 0.949314 -0.026224 0.112066
v 0.940688 -0.022450 0.121434
v 0.942410 -0.028536 0.114453
v 0.952836 0.010177 0.116020
v 0.961284 -0.081258 0.067591
v 0.963513 -0.082086 0.055713
v 0.957215 -0.079725 0.047261
v 0.976233 -0.062698 0.055939
v 0.973610 -0.050927 0.044894
v 0.976531 -0.052246 0.073526
v 0.980079 -0.050601 0.057588
v 0.970704 -0.043247 0.076829
v 0.957029 -0.070064 0.079423
v 0.965941 -0.046180 0.084944
v 0.964502 -0.081602 0.070313
v 0.947251 -0.085159 0.089738
v 0.972407 -0.094960 0.063872
v 0.986419 -0.100130 0.031338
v 0.867116 -0.045233 0.115269
v 0.860526 -0.042998 0.142249
v 0.869024 -0.046192 0.130208
v 0.882497 -0.024717 0.134030
v 0.870078 -0.021077 0.149746
v 0.874532 -0.008419 0.150495
v 0.885990 -0.011206 0.135466
v 0.885945 -0.013839 0.116905
v 0.965570 -0.083019 -0.056306
v 0.966756 -0.083687 -0.044189
v 0.960045 -0.080933 -0.036338
v 0.979326 -0.064969 -0.043956
v 0.981451 -0.054309 -0.061549
v 0.968320 -0.056616 -0.073305
v 0.976548 -0.051998 -0.033593
v 0.972066 -0.047900 -0.073452
v 0.976121 -0.045489 -0.065632
v 0.983660 -0.052125 -0.045646
v 0.967007 0.242881 0.209764
v 1.002165 0.259216 0.204972
v 0.970665 0.259196 0.198629
v 0.954795 0.211277 0.210257
v 0.939449 0.190583 0.202463
v 0.944951 0.181631 0.208288
v 0.948298 0.214292 0.204351
v 0.954795 0.211277 0.210257
v 0.967007 0.242881 0.209764
v 0.957994 0.239993 0.203882
v 0.948298 0.214292 0.204351
v 0.944951 0.181631 0.208288
v 0.932838 0.171909 0.192143
v 0.942608 0.156413 0.197502
v 0.939449 0.190583 0.202463
v 0.948298 0.214292 0.204351
v 0.918607 0.207883 0.175565
v 0.924615 0.223978 0.176845
v 0.948298 0.214292 0.204351
v 0.931196 0.241426 0.176529
v 0.924615 0.223978 0.176845
v 0.957994 0.239993 0.203882
v 0.957994 0.239993 0.203882
v 0.936693 0.255631 0.172836
v 0.970665 0.259196 0.198629
v 1.061470 0.171609 0.026669
v 1.079119 0.249473 0.083251
v 1.097274 0.195452 0.025163
v 0.954795 0.211277 0.210257
v 1.026925 0.262740 0.169590
v 0.967007 0.242881 0.209764
v 1.076471 0.203262 -0.012907
v 0.977512 0.264946 -0.045889
v 0.966492 0.238055 -0.023789
v 1.099496 0.232880 -0.036128
v 1.026200 0.124397 -0.049926
v 0.948121 0.187930 -0.036118
v 0.941553 0.168158 -0.057720
v 1.046713 0.144109 -0.026356
v 1.046713 0.144109 -0.026356
v 0.956594 0.211520 -0.026052
v 0.948121 0.187930 -0.036118
v 1.062954 0.171025 -0.015374
v 1.062954 0.171025 -0.015374
v 0.966492 0.238055 -0.023789
v 0.956594 0.211520 -0.026052
v 1.076471 0.203262 -0.012907
v 0.980009 0.255435 -0.195857
v 0.948874 0.250834 -0.172249
v 0.982254 0.265041 -0.162015
v 0.950397 0.257355 -0.149275
v 1.038659 0.258119 -0.162850
v 0.982388 0.269712 -0.121908
v 1.061855 0.255202 -0.119085
v 0.982254 0.265041 -0.162015
v 0.982254 0.265041 -0.162015
v 1.038659 0.258119 -0.162850
v 0.994336 0.261914 -0.200674
v 0.936693 0.255631 0.172836
v 0.970665 0.259196 0.198629
v 0.992842 0.261257 0.165486
v 0.939839 0.261515 0.149854
v 0.982254 0.265041 -0.162015
v 0.950397 0.257355 -0.149275
v 0.982388 0.269712 -0.121908
v 0.950488 0.260525 -0.122047
v 0.939839 0.261515 0.149854
v 0.992842 0.261257 0.165486
v 0.995807 0.264812 0.125374
v 0.941851 0.263928 0.122623
v 1.061855 0.255202 -0.119085
v 0.981060 0.270762 -0.079413
v 1.084624 0.247304 -0.072712
v 0.982388 0.269712 -0.121908
v 1.002165 0.259216 0.204972
v 0.992842 0.261257 0.165486
v 0.970665 0.259196 0.198629
v 1.026925 0.262740 0.169590
v 1.026925 0.262740 0.169590
v 1.053146 0.258632 0.127666
v 0.995807 0.264812 0.125374
v 0.992842 0.261257 0.165486
v 0.982388 0.269712 -0.121908
v 0.949587 0.261238 -0.093199
v 0.981060 0.270762 -0.079413
v 0.950488 0.260525 -0.122047
v 0.995807 0.264812 0.125374
v 0.942988 0.263838 0.093774
v 0.941851 0.263928 0.122623
v 0.997479 0.264680 0.082878
v 1.053146 0.258632 0.127666
v 1.079119 0.249473 0.083251
v 0.997479 0.264680 0.082878
v 0.995807 0.264812 0.125374
v 1.084624 0.247304 -0.072712
v 0.977512 0.264946 -0.045889
v 1.099496 0.232880 -0.036128
v 0.981060 0.270762 -0.079413
v 0.981060 0.270762 -0.079413
v 0.947178 0.257289 -0.070440
v 0.977512 0.264946 -0.045889
v 0.949587 0.261238 -0.093199
v 1.096519 0.234053 0.048223
v 0.996297 0.257932 0.049361
v 1.079119 0.249473 0.083251
v 0.997479 0.264680 0.082878
v 0.942184 0.259257 0.071020
v 0.997479 0.264680 0.082878
v 0.996297 0.257932 0.049361
v 0.942988 0.263838 0.093774
v 0.935763 0.240585 0.056040
v 0.996297 0.257932 0.049361
v 0.964720 0.238752 0.026398
v 0.967007 0.242881 0.209764
v 0.970665 0.259196 0.198629
v 0.957994 0.239993 0.203882
v 0.946307 0.166604 -0.189449
v 0.959537 0.175886 -0.204962
v 0.953648 0.184990 -0.199792
v 0.944951 0.181631 0.208288
v 0.932838 0.171909 0.192143
v 0.939449 0.190583 0.202463
v 0.957994 0.239993 0.203882
v 0.936693 0.255631 0.172836
v 0.931196 0.241426 0.176529
v 0.972294 0.234360 -0.201271
v 0.948874 0.250834 -0.172249
v 0.980009 0.255435 -0.195857
v 0.943637 0.236526 -0.175924
v 0.953648 0.184990 -0.199792
v 0.946307 0.166604 -0.189449
v 0.925995 0.190530 -0.167898
v 0.930978 0.203010 -0.174921
v 0.939449 0.190583 0.202463
v 0.914119 0.195207 0.168559
v 0.932838 0.171909 0.192143
v 0.918607 0.207883 0.175565
v 0.943637 0.236526 -0.175924
v 0.937076 0.219070 -0.176221
v 0.913216 0.229751 -0.121119
v 0.937076 0.219070 -0.176221
v 0.930978 0.203010 -0.174921
v 0.913216 0.229751 -0.121119
v 0.931196 0.241426 0.176529
v 0.904708 0.233102 0.119924
v 0.924615 0.223978 0.176845
v 0.924615 0.223978 0.176845
v 0.904708 0.233102 0.119924
v 0.918607 0.207883 0.175565
v 0.948874 0.250834 -0.172249
v 0.943637 0.236526 -0.175924
v 0.913216 0.229751 -0.121119
v 0.936693 0.255631 0.172836
v 0.904708 0.233102 0.119924
v 0.931196 0.241426 0.176529
v 0.930978 0.203010 -0.174921
v 0.925995 0.190530 -0.167898
v 0.913216 0.229751 -0.121119
v 0.918607 0.207883 0.175565
v 0.904708 0.233102 0.119924
v 0.914119 0.195207 0.168559
v 0.925995 0.190530 -0.167898
v 0.922179 0.182771 -0.145814
v 0.913216 0.229751 -0.121119
v 0.914119 0.195207 0.168559
v 0.904708 0.233102 0.119924
v 0.911862 0.186835 0.146484
v 0.982254 0.265041 -0.162015
v 0.994336 0.261914 -0.200674
v 0.980009 0.255435 -0.195857
v 0.950397 0.257355 -0.149275
v 0.948874 0.250834 -0.172249
v 0.913216 0.229751 -0.121119
v 0.939839 0.261515 0.149854
v 0.904708 0.233102 0.119924
v 0.936693 0.255631 0.172836
v 0.950488 0.260525 -0.122047
v 0.950397 0.257355 -0.149275
v 0.913216 0.229751 -0.121119
v 0.941851 0.263928 0.122623
v 0.904708 0.233102 0.119924
v 0.939839 0.261515 0.149854
v 0.922179 0.182771 -0.145814
v 0.920807 0.181673 -0.122164
v 0.913216 0.229751 -0.121119
v 0.911862 0.186835 0.146484
v 0.904708 0.233102 0.119924
v 0.912159 0.185080 0.122836
v 0.949587 0.261238 -0.093199
v 0.950488 0.260525 -0.122047
v 0.913216 0.229751 -0.121119
v 0.942988 0.263838 0.093774
v 0.904708 0.233102 0.119924
v 0.941851 0.263928 0.122623
v 0.920807 0.181673 -0.122164
v 0.920509 0.183429 -0.098516
v 0.913216 0.229751 -0.121119
v 0.912159 0.185080 0.122836
v 0.904708 0.233102 0.119924
v 0.913531 0.186177 0.099186
v 0.947178 0.257289 -0.070440
v 0.949587 0.261238 -0.093199
v 0.913216 0.229751 -0.121119
v 0.942184 0.259257 0.071020
v 0.904708 0.233102 0.119924
v 0.942988 0.263838 0.093774
v 0.920509 0.183429 -0.098516
v 0.922767 0.191584 -0.078472
v 0.913216 0.229751 -0.121119
v 0.913531 0.186177 0.099186
v 0.904708 0.233102 0.119924
v 0.917204 0.193775 0.079132
v 0.939697 0.239035 -0.055437
v 0.947178 0.257289 -0.070440
v 0.913216 0.229751 -0.121119
v 0.935763 0.240585 0.056040
v 0.904708 0.233102 0.119924
v 0.942184 0.259257 0.071020
v 0.922767 0.191584 -0.078472
v 0.927226 0.205006 -0.063807
v 0.913216 0.229751 -0.121119
v 0.917204 0.193775 0.079132
v 0.904708 0.233102 0.119924
v 0.922698 0.206789 0.064452
v 0.927226 0.205006 -0.063807
v 0.932977 0.221020 -0.056973
v 0.913216 0.229751 -0.121119
v 0.922698 0.206789 0.064452
v 0.904708 0.233102 0.119924
v 0.928933 0.222614 0.057598
v 0.932977 0.221020 -0.056973
v 0.939697 0.239035 -0.055437
v 0.913216 0.229751 -0.121119
v 0.928933 0.222614 0.057598
v 0.904708 0.233102 0.119924
v 0.935763 0.240585 0.056040
v 0.977512 0.264946 -0.045889
v 0.939697 0.239035 -0.055437
v 0.966492 0.238055 -0.023789
v 0.947178 0.257289 -0.070440
v 0.941553 0.168158 -0.057720
v 0.948121 0.187930 -0.036118
v 0.927226 0.205006 -0.063807
v 0.922767 0.191584 -0.078472
v 0.937383 0.169800 0.060415
v 0.922698 0.206789 0.064452
v 0.945477 0.188971 0.038790
v 0.917204 0.193775 0.079132
v 0.927226 0.205006 -0.063807
v 0.948121 0.187930 -0.036118
v 0.932977 0.221020 -0.056973
v 0.956594 0.211520 -0.026052
v 0.928933 0.222614 0.057598
v 0.945477 0.188971 0.038790
v 0.922698 0.206789 0.064452
v 0.954661 0.212281 0.028694
v 0.932977 0.221020 -0.056973
v 0.956594 0.211520 -0.026052
v 0.939697 0.239035 -0.055437
v 0.966492 0.238055 -0.023789
v 0.935763 0.240585 0.056040
v 0.954661 0.212281 0.028694
v 0.928933 0.222614 0.057598
v 0.964720 0.238752 0.026398
v 0.969526 0.205475 -0.207053
v 0.953648 0.184990 -0.199792
v 0.962631 0.208646 -0.201708
v 0.959537 0.175886 -0.204962
v 0.981703 0.237092 -0.206580
v 0.969526 0.205475 -0.207053
v 0.972294 0.234360 -0.201271
v 0.962631 0.208646 -0.201708
v 0.994336 0.261914 -0.200674
v 0.981703 0.237092 -0.206580
v 0.980009 0.255435 -0.195857
v 0.972294 0.234360 -0.201271
v 0.946307 0.166604 -0.189449
v 0.959537 0.175886 -0.204962
v 0.956416 0.150974 -0.193674
v 0.953648 0.184990 -0.199792
v 0.930978 0.203010 -0.174921
v 0.962631 0.208646 -0.201708
v 0.937076 0.219070 -0.176221
v 0.962631 0.208646 -0.201708
v 0.943637 0.236526 -0.175924
v 0.972294 0.234360 -0.201271
v 0.937076 0.219070 -0.176221
v 0.969526 0.205475 -0.207053
v 1.038659 0.258119 -0.162850
v 0.981703 0.237092 -0.206580
v 0.994336 0.261914 -0.200674
v 0.935763 0.240585 0.056040
v 0.996297 0.257932 0.049361
v 0.942184 0.259257 0.071020
v 1.097274 0.195452 0.025163
v 0.996297 0.257932 0.049361
v 1.096519 0.234053 0.048223
v 0.964720 0.238752 0.026398
v 1.022326 0.125923 0.059827
v 0.945477 0.188971 0.038790
v 1.044469 0.144993 0.037222
v 0.937383 0.169800 0.060415
v 1.044469 0.144993 0.037222
v 0.954661 0.212281 0.028694
v 1.061470 0.171609 0.026669
v 0.945477 0.188971 0.038790
v 1.061470 0.171609 0.026669
v 0.964720 0.238752 0.026398
v 1.097274 0.195452 0.025163
v 0.954661 0.212281 0.028694
v 0.940685 0.155175 -0.156917
v 0.925995 0.190530 -0.167898
v 0.946307 0.166604 -0.189449
v 0.922179 0.182771 -0.145814
v 0.914119 0.195207 0.168559
v 0.929513 0.159576 0.159626
v 0.932838 0.171909 0.192143
v 0.911862 0.186835 0.146484
v 0.956416 0.150974 -0.193674
v 0.940685 0.155175 -0.156917
v 0.946307 0.166604 -0.189449
v 0.968160 0.129842 -0.158173
v 0.942608 0.156413 0.197502
v 0.929513 0.159576 0.159626
v 0.956805 0.134315 0.163519
v 0.932838 0.171909 0.192143
v 0.938665 0.153559 -0.122079
v 0.922179 0.182771 -0.145814
v 0.940685 0.155175 -0.156917
v 0.920807 0.181673 -0.122164
v 0.929952 0.156991 0.124792
v 0.911862 0.186835 0.146484
v 0.912159 0.185080 0.122836
v 0.929513 0.159576 0.159626
v 0.968160 0.129842 -0.158173
v 0.938665 0.153559 -0.122079
v 0.940685 0.155175 -0.156917
v 0.985674 0.120313 -0.120157
v 0.956805 0.134315 0.163519
v 0.929952 0.156991 0.124792
v 0.976946 0.123750 0.127112
v 0.929513 0.159576 0.159626
v 0.985674 0.120313 -0.120157
v 0.938227 0.156144 -0.087245
v 0.938665 0.153559 -0.122079
v 1.005137 0.115968 -0.082146
v 0.938227 0.156144 -0.087245
v 0.920509 0.183429 -0.098516
v 0.938665 0.153559 -0.122079
v 0.920807 0.181673 -0.122164
v 0.976946 0.123750 0.127112
v 0.931972 0.158607 0.089955
v 0.999036 0.118370 0.090701
v 0.929952 0.156991 0.124792
v 0.931972 0.158607 0.089955
v 0.929952 0.156991 0.124792
v 0.913531 0.186177 0.099186
v 0.912159 0.185080 0.122836
v 0.941553 0.168158 -0.057720
v 0.922767 0.191584 -0.078472
v 0.938227 0.156144 -0.087245
v 0.920509 0.183429 -0.098516
v 0.917204 0.193775 0.079132
v 0.937383 0.169800 0.060415
v 0.931972 0.158607 0.089955
v 0.913531 0.186177 0.099186
v 1.005137 0.115968 -0.082146
v 0.941553 0.168158 -0.057720
v 0.938227 0.156144 -0.087245
v 1.026200 0.124397 -0.049926
v 0.999036 0.118370 0.090701
v 0.937383 0.169800 0.060415
v 1.022326 0.125923 0.059827
v 0.931972 0.158607 0.089955
v 1.061470 0.171609 0.026669
v 1.053146 0.258632 0.127666
v 1.044469 0.144993 0.037222
v 1.022326 0.125923 0.059827
v 0.999036 0.118370 0.090701
v 0.976946 0.123750 0.127112
v 1.079119 0.249473 0.083251
v 1.097274 0.195452 0.025163
v 1.096519 0.234053 0.048223
v 0.954795 0.211277 0.210257
v 0.956805 0.134315 0.163519
v 1.026925 0.262740 0.169590
v 0.944951 0.181631 0.208288
v 0.942608 0.156413 0.197502
v 0.967007 0.242881 0.209764
v 1.002165 0.259216 0.204972
v 1.061855 0.255202 -0.119085
v 0.969526 0.205475 -0.207053
v 1.038659 0.258119 -0.162850
v 0.985674 0.120313 -0.120157
v 0.968160 0.129842 -0.158173
v 0.959537 0.175886 -0.204962
v 0.956416 0.150974 -0.193674
v 1.005137 0.115968 -0.082146
v 1.026200 0.124397 -0.049926
v 1.046713 0.144109 -0.026356
v 1.062954 0.171025 -0.015374
v 1.084624 0.247304 -0.072712
v 1.076471 0.203262 -0.012907
v 1.099496 0.232880 -0.036128
v -1.410084 -0.379432 0.012168
v -1.291849 -0.179572 -0.005462
v -1.410104 -0.379436 -0.005245
v -1.291831 -0.179569 0.011950
v -1.039123 0.101518 0.011455
v -1.039141 0.101514 -0.005957
v -0.644435 -0.084759 -0.006864
v -0.624885 -0.260491 0.010468
v -0.644417 -0.084756 0.010548
v -0.624904 -0.260495 -0.006946
v -0.651465 -0.021927 0.010577
v -0.651484 -0.021931 -0.006836
v -0.757737 0.010394 0.010817
v -0.757755 0.010391 -0.006595
v -0.777962 0.055293 0.010872
v -0.777980 0.055289 -0.006542
v -0.183280 0.047801 -0.007850
v -0.111752 -0.201462 0.009352
v -0.183262 0.047804 0.009562
v -0.111771 -0.201466 -0.008060
v -0.252653 0.068038 0.009720
v -0.252672 0.068034 -0.007694
v -0.266818 0.153476 0.009769
v -0.266838 0.153472 -0.007644
v 0.173988 0.064571 0.008781
v 0.173970 0.064568 -0.008631
v 0.180924 0.046041 -0.008651
v 0.180942 0.046045 0.008762
v 0.832023 0.207034 -0.007879
v 0.830419 0.149290 0.005189
v 0.832037 0.207036 0.005198
v 0.830404 0.149287 -0.007888
v 0.403359 -0.120108 0.008238
v 0.251692 0.047871 0.008607
v 0.251674 0.047868 -0.008806
v 0.403340 -0.120111 -0.009175
v 0.889254 0.083885 -0.008031
v 0.889268 0.083887 0.005046
v 0.882104 0.106731 -0.008011
v 0.882118 0.106734 0.005066
v 0.830404 0.149287 -0.007888
v 0.843960 0.101139 0.005149
v 0.830419 0.149290 0.005189
v 0.843946 0.101137 -0.007929
v -1.039123 0.101518 0.011455
v -1.039141 0.101514 -0.005957
v -0.764433 0.299263 0.010894
v -0.764451 0.299260 -0.006520
v 0.575550 0.402714 -0.009442
v 0.783665 0.259831 0.007484
v 0.783646 0.259828 -0.009930
v 0.575569 0.402718 0.007971
v -0.764433 0.299263 0.010894
v -0.476258 0.430310 -0.007124
v -0.764451 0.299260 -0.006520
v -0.476239 0.430314 0.010288
v -0.134513 0.510457 0.009555
v -0.134532 0.510453 -0.007859
v 0.273869 0.562456 -0.008745
v 0.273888 0.562460 0.008668
v 0.479989 0.573311 0.008217
v 0.479970 0.573308 -0.009196
v -0.134532 0.510453 -0.007859
v 0.131542 0.062496 -0.008539
v 0.015792 0.056277 -0.008286
v 0.103641 0.043277 -0.008481
v -0.055258 0.019949 -0.008137
v -0.183280 0.047801 -0.007850
v -0.111771 -0.201466 -0.008060
v -0.266838 0.153472 -0.007644
v -0.252672 0.068034 -0.007694
v -0.476258 0.430310 -0.007124
v 0.273869 0.562456 -0.008745
v -0.312071 0.099263 -0.007556
v 0.173970 0.064568 -0.008631
v -0.364227 0.074033 -0.007447
v 0.251674 0.047868 -0.008806
v 0.180924 0.046041 -0.008651
v 0.444150 0.006395 -0.009237
v 0.403340 -0.120111 -0.009175
v 0.517275 0.472539 -0.009299
v 0.479970 0.573308 -0.009196
v 0.534329 0.111317 -0.009413
v 0.575550 0.402714 -0.009442
v 0.658401 0.141852 -0.009679
v 0.664054 0.124807 -0.009696
v 0.783646 0.259828 -0.009930
v 0.744906 0.126322 -0.009873
v -0.423429 0.023098 -0.007328
v -0.364159 0.058717 -0.007450
v -0.496959 -0.071123 -0.007186
v -0.651484 -0.021931 -0.006836
v -0.581199 -0.168841 -0.007022
v -0.644435 -0.084759 -0.006864
v -0.624904 -0.260495 -0.006946
v -0.764451 0.299260 -0.006520
v -0.688653 -0.000084 -0.006749
v -0.777980 0.055289 -0.006542
v -0.757755 0.010391 -0.006595
v -0.899020 -0.025539 -0.006293
v -1.039141 0.101514 -0.005957
v -0.938877 -0.025289 -0.006205
v -0.964107 -0.083272 -0.006162
v -1.010505 -0.120175 -0.006068
v -1.082150 -0.116858 -0.005910
v -1.291849 -0.179572 -0.005462
v -1.110001 -0.174730 -0.005861
v -1.410104 -0.379436 -0.005245
v 0.517275 0.472539 -0.009299
v 0.575569 0.402718 0.007971
v 0.575550 0.402714 -0.009442
v 0.517295 0.472542 0.008114
v 0.658401 0.141852 -0.009679
v 0.658419 0.141855 0.007733
v 0.664072 0.124811 0.007717
v 0.664054 0.124807 -0.009696
v 0.479989 0.573311 0.008217
v 0.517295 0.472542 0.008114
v 0.479970 0.573308 -0.009196
v 0.517275 0.472539 -0.009299
v 0.744906 0.126322 -0.009873
v 0.744924 0.126326 0.007540
v 0.783646 0.259828 -0.009930
v 0.783665 0.259831 0.007484
v 0.444169 0.006399 0.008175
v 0.403340 -0.120111 -0.009175
v 0.444150 0.006395 -0.009237
v 0.403359 -0.120108 0.008238
v 0.444150 0.006395 -0.009237
v 0.534329 0.111317 -0.009413
v 0.444169 0.006399 0.008175
v 0.534347 0.111321 0.007999
v -0.055240 0.019953 0.009275
v -0.055258 0.019949 -0.008137
v -0.111752 -0.201462 0.009352
v -0.111771 -0.201466 -0.008060
v -0.312053 0.099267 0.009857
v -0.266838 0.153472 -0.007644
v -0.266818 0.153476 0.009769
v -0.312071 0.099263 -0.007556
v -0.364208 0.074037 0.009967
v -0.364227 0.074033 -0.007447
v -0.364141 0.058721 0.009962
v -0.364159 0.058717 -0.007450
v -0.423411 0.023101 0.010086
v -0.423429 0.023098 -0.007328
v -0.496940 -0.071119 0.010227
v -0.496959 -0.071123 -0.007186
v -0.581181 -0.168838 0.010391
v -0.581199 -0.168841 -0.007022
v -0.624885 -0.260491 0.010468
v -0.624904 -0.260495 -0.006946
v -0.938857 -0.025286 0.011208
v -0.938877 -0.025289 -0.006205
v -0.964088 -0.083269 0.011251
v -0.964107 -0.083272 -0.006162
v -1.082132 -0.116855 0.011504
v -1.082150 -0.116858 -0.005910
v -1.109982 -0.174727 0.011552
v -1.110001 -0.174730 -0.005861
v -0.651465 -0.021927 0.010577
v -0.651484 -0.021931 -0.006836
v -0.688635 -0.000080 0.010663
v -0.688653 -0.000084 -0.006749
v -0.757737 0.010394 0.010817
v -0.757755 0.010391 -0.006595
v -0.252653 0.068038 0.009720
v -0.183280 0.047801 -0.007850
v -0.183262 0.047804 0.009562
v -0.252672 0.068034 -0.007694
v 0.658401 0.141852 -0.009679
v 0.744906 0.126322 -0.009873
v 0.658419 0.141855 0.007733
v 0.744924 0.126326 0.007540
v 0.534329 0.111317 -0.009413
v 0.534347 0.111321 0.007999
v 0.664054 0.124807 -0.009696
v 0.664072 0.124811 0.007717
v 0.180942 0.046045 0.008762
v 0.251674 0.047868 -0.008806
v 0.251692 0.047871 0.008607
v 0.180924 0.046041 -0.008651
v 0.131560 0.062500 0.008874
v 0.173970 0.064568 -0.008631
v 0.173988 0.064571 0.008781
v 0.131542 0.062496 -0.008539
v 0.103659 0.043281 0.008931
v 0.103641 0.043277 -0.008481
v 0.015811 0.056282 0.009128
v 0.015792 0.056277 -0.008286
v -0.055240 0.019953 0.009275
v -0.055258 0.019949 -0.008137
v -0.312053 0.099267 0.009857
v -0.312071 0.099263 -0.007556
v -0.364208 0.074037 0.009967
v -0.364227 0.074033 -0.007447
v -0.364141 0.058721 0.009962
v -0.364159 0.058717 -0.007450
v -0.423411 0.023101 0.010086
v -0.423429 0.023098 -0.007328
v 0.882104 0.106731 -0.008011
v 0.882118 0.106734 0.005066
v 0.843960 0.101139 0.005149
v 0.843946 0.101137 -0.007929
v -0.899001 -0.025535 0.011121
v -0.777980 0.055289 -0.006542
v -0.777962 0.055293 0.010872
v -0.899020 -0.025539 -0.006293
v -0.938857 -0.025286 0.011208
v -0.938877 -0.025289 -0.006205
v -0.964088 -0.083269 0.011251
v -0.964107 -0.083272 -0.006162
v -1.010485 -0.120171 0.011345
v -1.010505 -0.120175 -0.006068
v -1.082132 -0.116855 0.011504
v -1.082150 -0.116858 -0.005910
v -1.109982 -0.174727 0.011552
v -1.110001 -0.174730 -0.005861
v -1.410084 -0.379432 0.012168
v -1.410104 -0.379436 -0.005245
v 0.575569 0.402718 0.007971
v 0.534347 0.111321 0.007999
v 0.658419 0.141855 0.007733
v 0.664072 0.124811 0.007717
v 0.783665 0.259831 0.007484
v 0.744924 0.126326 0.007540
v 0.517295 0.472542 0.008114
v 0.444169 0.006399 0.008175
v 0.273888 0.562460 0.008668
v 0.479989 0.573311 0.008217
v 0.251692 0.047871 0.008607
v 0.403359 -0.120108 0.008238
v 0.173988 0.064571 0.008781
v 0.180942 0.046045 0.008762
v 0.131560 0.062500 0.008874
v -0.134513 0.510457 0.009555
v 0.015811 0.056282 0.009128
v 0.103659 0.043281 0.008931
v -0.055240 0.019953 0.009275
v -0.183262 0.047804 0.009562
v -0.111752 -0.201462 0.009352
v -0.266818 0.153476 0.009769
v -0.252653 0.068038 0.009720
v -0.476239 0.430314 0.010288
v -0.312053 0.099267 0.009857
v -0.364208 0.074037 0.009967
v -0.423411 0.023101 0.010086
v -0.364141 0.058721 0.009962
v -0.496940 -0.071119 0.010227
v -0.651465 -0.021927 0.010577
v -0.581181 -0.168838 0.010391
v -0.644417 -0.084756 0.010548
v -0.624885 -0.260491 0.010468
v -0.764433 0.299263 0.010894
v -0.688635 -0.000080 0.010663
v -0.777962 0.055293 0.010872
v -0.757737 0.010394 0.010817
v -0.899001 -0.025535 0.011121
v -1.039123 0.101518 0.011455
v -0.938857 -0.025286 0.011208
v -0.964088 -0.083269 0.011251
v -1.010485 -0.120171 0.011345
v -1.082132 -0.116855 0.011504
v -1.291831 -0.179569 0.011950
v -1.109982 -0.174727 0.011552
v -1.410084 -0.379432 0.012168
v 0.070377 -3.045831 -0.000889
v 0.112141 -3.007018 -0.032222
v 0.093326 -3.043026 -0.059179
v 0.183283 -3.198271 -0.001170
v 0.099828 -3.008519 -0.000945
v 0.112208 -3.007004 0.030278
v 0.093451 -3.043002 0.057302
v 0.183283 -3.198271 -0.001170
v -1.467755 -0.438882 0.003047
v -1.461172 -0.442192 0.010540
v -1.457559 -0.422773 0.010421
v -1.467755 -0.438882 0.003047
v -1.461188 -0.442197 -0.004476
v -1.457575 -0.422776 -0.004365
v -1.351446 -0.208101 0.002841
v -1.419261 -0.337799 0.002962
v -1.342775 -0.212078 0.029102
v -1.413475 -0.338562 0.018300
v -1.457559 -0.422773 0.010421
v -1.467755 -0.438882 0.003047
v -1.419261 -0.337799 0.002962
v -1.457575 -0.422776 -0.004365
v -1.342831 -0.212089 -0.023460
v -1.413507 -0.338568 -0.012401
v -1.271574 -0.102088 -0.030962
v -1.351446 -0.208101 0.002841
v -1.282545 -0.097523 0.002713
v -1.342831 -0.212089 -0.023460
v -1.351446 -0.208101 0.002841
v -1.271501 -0.102074 0.036338
v -1.342775 -0.212078 0.029102
v -1.210727 -0.007855 0.002575
v -1.282545 -0.097523 0.002713
v -1.199233 -0.012804 0.038572
v -1.271501 -0.102074 0.036338
v -1.199309 -0.012820 -0.033477
v -1.282545 -0.097523 0.002713
v -1.271574 -0.102088 -0.030962
v -1.118584 0.065859 0.036482
v -1.128682 0.071916 0.002411
v -1.210727 -0.007855 0.002575
v -1.199233 -0.012804 0.038572
v -1.118658 0.065844 -0.031707
v -1.210727 -0.007855 0.002575
v -1.199309 -0.012820 -0.033477
v -0.633537 -0.320953 0.001240
v -0.636645 -0.299168 0.001251
v -0.630688 -0.300299 -0.004948
v -0.635209 -0.289342 -0.004837
v -0.636645 -0.299168 0.001251
v -0.630675 -0.300297 0.007423
v -0.635196 -0.289339 0.007336
v -0.631997 -0.170442 -0.018999
v -0.634599 -0.239885 -0.011208
v -0.639265 -0.168791 0.001284
v -0.638982 -0.240009 0.001268
v -0.623612 -0.115043 -0.022726
v -0.632078 -0.112579 0.001280
v -0.634573 -0.239880 0.013726
v -0.639265 -0.168791 0.001284
v -0.623561 -0.115033 0.025248
v -0.631954 -0.170434 0.021534
v -0.595808 -0.049438 -0.024744
v -0.623612 -0.115043 -0.022726
v -0.538617 0.052130 -0.028284
v -0.632078 -0.112579 0.001280
v -0.595808 -0.049438 -0.024744
v -0.604691 -0.045946 0.001235
v -0.604691 -0.045946 0.001235
v -0.538617 0.052130 -0.028284
v -0.548241 0.057009 0.001132
v -0.632078 -0.112579 0.001280
v -0.595753 -0.049428 0.027173
v -0.623561 -0.115033 0.025248
v -0.604691 -0.045946 0.001235
v -0.538554 0.052143 0.030505
v -0.595753 -0.049428 0.027173
v -0.634599 -0.239885 -0.011208
v -0.635209 -0.289342 -0.004837
v -0.638982 -0.240009 0.001268
v -0.636645 -0.299168 0.001251
v -0.635196 -0.289339 0.007336
v -0.638982 -0.240009 0.001268
v -0.634573 -0.239880 0.013726
v 0.744430 0.330527 -0.001651
v 0.808914 0.279675 -0.047919
v 0.790586 0.283327 -0.001762
v 0.809013 0.279694 0.044312
v 0.777979 0.323839 -0.086137
v 0.910035 0.622110 -0.001952
v 0.778161 0.323875 0.082685
v 0.910035 0.622110 -0.001952
v -0.326619 0.330642 0.000704
v -0.404174 0.258274 0.000858
v -0.316857 0.322624 0.035269
v -0.393952 0.250937 0.035187
v -0.316931 0.322610 -0.033909
v -0.404174 0.258274 0.000858
v -0.394027 0.250922 -0.033519
v -0.466275 0.162614 -0.031870
v -0.548241 0.057009 0.001132
v -0.466275 0.162614 -0.031870
v -0.476521 0.168901 0.000999
v -0.476521 0.168901 0.000999
v -0.394027 0.250922 -0.033519
v -0.404174 0.258274 0.000858
v -0.548241 0.057009 0.001132
v -0.466204 0.162629 0.033819
v -0.538554 0.052143 0.030505
v -0.476521 0.168901 0.000999
v -0.393952 0.250937 0.035187
v -0.466204 0.162629 0.033819
v -0.112777 -0.241702 0.000111
v -0.120167 -0.209604 0.000135
v -0.113052 -0.210593 -0.007284
v -0.120208 -0.194796 -0.007080
v -0.113036 -0.210590 0.007522
v -0.120167 -0.209604 0.000135
v -0.120192 -0.194793 0.007356
v -0.057325 0.188056 -0.037900
v -0.104488 0.129473 -0.039175
v -0.117668 0.135051 0.000203
v -0.057325 0.188056 -0.037900
v -0.069232 0.194941 0.000109
v -0.057245 0.188070 0.038063
v -0.117668 0.135051 0.000203
v -0.104404 0.129490 0.039520
v 0.007487 0.247249 -0.035075
v -0.002604 0.254972 -0.000025
v -0.069232 0.194941 0.000109
v -0.069232 0.194941 0.000109
v 0.007561 0.247266 0.034978
v -0.057245 0.188070 0.038063
v 0.748076 -0.041406 0.035698
v 0.736191 -0.010178 0.053767
v 0.633841 -0.207399 0.116814
v 0.587005 -0.195744 -0.001416
v 0.658073 -0.343303 0.055385
v 0.631530 -0.438994 0.055423
v 0.566863 -0.490116 0.095448
v 0.584052 -0.548649 0.052769
v 0.568552 -0.598229 0.052792
v -0.127732 -0.120725 -0.014921
v -0.120208 -0.194796 -0.007080
v -0.132893 -0.121382 0.000181
v -0.120167 -0.209604 0.000135
v -0.120192 -0.194793 0.007356
v -0.132893 -0.121382 0.000181
v -0.127699 -0.120719 0.015260
v -0.128913 0.067214 -0.035186
v -0.134320 -0.014862 -0.026303
v -0.143802 -0.012878 0.000229
v -0.128913 0.067214 -0.035186
v -0.141258 0.070969 0.000241
v -0.141258 0.070969 0.000241
v -0.104488 0.129473 -0.039175
v -0.117668 0.135051 0.000203
v -0.143802 -0.012878 0.000229
v -0.128837 0.067229 0.035612
v -0.134263 -0.014851 0.026717
v -0.141258 0.070969 0.000241
v -0.104404 0.129490 0.039520
v -0.128837 0.067229 0.035612
v -0.143802 -0.012878 0.000229
v -0.127699 -0.120719 0.015260
v -0.134263 -0.014851 0.026717
v -0.132893 -0.121382 0.000181
v -0.143802 -0.012878 0.000229
v -0.127732 -0.120725 -0.014921
v -0.134320 -0.014862 -0.026303
v 0.419208 0.193606 0.030780
v 0.477210 0.280293 0.032787
v 0.409216 0.199285 -0.000942
v 0.467439 0.287761 -0.001051
v 0.409216 0.199285 -0.000942
v 0.477210 0.280293 0.032787
v 0.477138 0.280279 -0.034935
v 0.409216 0.199285 -0.000942
v 0.419139 0.193593 -0.032710
v 0.372287 0.082567 -0.000885
v 0.419208 0.193606 0.030780
v 0.381095 0.079031 0.024992
v 0.419139 0.193593 -0.032710
v 0.372287 0.082567 -0.000885
v 0.381040 0.079019 -0.026803
v 0.416823 -0.177836 -0.001039
v 0.404117 -0.142896 -0.001003
v 0.411388 -0.145096 -0.008871
v 0.401623 -0.127325 -0.008548
v 0.404117 -0.142896 -0.001003
v 0.411405 -0.145092 0.006831
v 0.401640 -0.127322 0.006560
v 0.372287 0.082567 -0.000885
v 0.379827 -0.046238 -0.000930
v 0.381095 0.079031 0.024992
v 0.384776 -0.046377 0.014622
v 0.401640 -0.127322 0.006560
v 0.404117 -0.142896 -0.001003
v 0.379827 -0.046238 -0.000930
v 0.401623 -0.127325 -0.008548
v 0.381040 0.079019 -0.026803
v 0.384742 -0.046383 -0.016502
v 0.527451 0.335970 0.033445
v 0.467439 0.287761 -0.001051
v 0.477210 0.280293 0.032787
v 0.517990 0.344314 -0.001150
v 0.570307 0.374077 0.033624
v 0.527451 0.335970 0.033445
v 0.561065 0.382722 -0.001237
v 0.570232 0.374062 -0.036140
v 0.527378 0.335957 -0.035790
v 0.527378 0.335957 -0.035790
v 0.467439 0.287761 -0.001051
v 0.477138 0.280279 -0.034935
v 0.548775 -0.696934 -0.044843
v 0.532001 -0.691473 -0.001402
v 0.548868 -0.696916 0.041964
v 0.475126 -0.620512 -0.001262
v 0.512868 -0.632797 -0.099004
v 0.568435 -0.598252 -0.055716
v 0.547467 -0.591425 -0.001414
v 0.583936 -0.548671 -0.055739
v 0.513078 -0.632756 0.096311
v 0.562968 -0.541847 -0.001438
v 0.529214 -0.477969 -0.001350
v 0.566654 -0.490156 -0.098318
v 0.631407 -0.439018 -0.058555
v 0.609223 -0.432389 -0.001515
v 0.657951 -0.343326 -0.058594
v 0.635672 -0.337042 -0.001553
v 0.633588 -0.207449 -0.119857
v 0.747996 -0.041422 -0.039174
v 0.733192 -0.038033 -0.001704
v 0.736072 -0.010201 -0.057177
v 0.760215 0.013383 -0.037738
v 0.714138 -0.005184 -0.001656
v 0.745983 0.016638 -0.001721
v 0.737045 0.106938 -0.082348
v 0.782063 0.266964 -0.072811
v 0.705013 0.113498 -0.001610
v 0.753820 0.272596 -0.001684
v 0.782216 0.266994 0.069318
v 0.737218 0.106972 0.078984
v 0.760292 0.013399 0.034233
v 0.497250 0.408840 -0.001090
v 0.456317 0.467722 -0.000988
v 0.508103 0.416313 -0.048467
v 0.470355 0.473579 -0.048569
v 0.508206 0.416331 0.046241
v 0.456317 0.467722 -0.000988
v 0.470457 0.473600 0.046535
v 0.508206 0.416331 0.046241
v 0.497250 0.408840 -0.001090
v 0.561752 0.360913 0.046485
v 0.552189 0.350866 -0.001223
v 0.561649 0.360893 -0.048970
v 0.497250 0.408840 -0.001090
v 0.508103 0.416313 -0.048467
v 0.098586 -2.942709 0.030322
v 0.081338 -2.977799 0.055603
v 0.058951 -2.980542 -0.000850
v 0.086205 -2.944227 -0.000901
v 0.098519 -2.942723 -0.032179
v 0.081217 -2.977823 -0.057399
v 0.149035 -3.036199 0.081306
v 0.142033 -3.003351 0.043158
v 0.171830 -2.999705 0.030149
v 0.204566 -3.029402 0.057061
v 0.184145 -2.998200 -0.001128
v 0.227517 -3.026598 -0.001230
v 0.204441 -3.029427 -0.059420
v 0.171763 -2.999718 -0.032352
v 0.148858 -3.036234 -0.083425
v 0.141938 -3.003371 -0.045232
v -1.029327 0.153464 0.002210
v -1.118584 0.065859 0.036482
v -1.020981 0.146023 0.033706
v -1.128682 0.071916 0.002411
v -1.118658 0.065844 -0.031707
v -1.029327 0.153464 0.002210
v -1.021049 0.146009 -0.029326
v -0.903428 0.234514 -0.029596
v -1.021049 0.146009 -0.029326
v -0.911004 0.243021 0.001970
v -1.029327 0.153464 0.002210
v -1.020981 0.146023 0.033706
v -0.911004 0.243021 0.001970
v -0.903360 0.234527 0.033497
v -0.793465 0.324312 0.001729
v -0.903360 0.234527 0.033497
v -0.785930 0.315142 0.034591
v -0.911004 0.243021 0.001970
v -0.793465 0.324312 0.001729
v -0.903428 0.234514 -0.029596
v -0.786002 0.315127 -0.031172
v -0.688367 0.371525 -0.032131
v -0.786002 0.315127 -0.031172
v -0.695558 0.381125 0.001525
v -0.793465 0.324312 0.001729
v -0.785930 0.315142 0.034591
v -0.695558 0.381125 0.001525
v -0.688294 0.371539 0.035145
v -0.611068 0.420034 0.001348
v -0.688294 0.371539 0.035145
v -0.604367 0.409968 0.035522
v -0.695558 0.381125 0.001525
v -0.611068 0.420034 0.001348
v -0.688367 0.371525 -0.032131
v -0.604440 0.409954 -0.032860
v -0.520709 0.441583 -0.034206
v -0.604440 0.409954 -0.032860
v -0.526550 0.452478 0.001169
v -0.611068 0.420034 0.001348
v -0.604367 0.409968 0.035522
v -0.526550 0.452478 0.001169
v -0.520634 0.441599 0.036513
v -0.424631 0.486646 0.000952
v -0.520634 0.441599 0.036513
v -0.419635 0.474617 0.038432
v -0.526550 0.452478 0.001169
v -0.424631 0.486646 0.000952
v -0.520709 0.441583 -0.034206
v -0.419717 0.474600 -0.036554
v 0.549952 0.598191 0.034010
v 0.493665 0.623781 -0.001037
v 0.491407 0.612320 0.040352
v 0.551974 0.607491 -0.001168
v 0.549876 0.598177 -0.036342
v 0.493665 0.623781 -0.001037
v 0.491317 0.612303 -0.042420
v 0.551974 0.607491 -0.001168
v 0.605847 0.568154 -0.022904
v 0.549876 0.598177 -0.036342
v 0.607852 0.573113 -0.001298
v 0.551974 0.607491 -0.001168
v 0.605894 0.568163 0.020314
v 0.549952 0.598191 0.034010
v 0.376313 0.620259 -0.000780
v 0.491317 0.612303 -0.042420
v 0.374719 0.607660 -0.043377
v 0.493665 0.623781 -0.001037
v 0.376313 0.620259 -0.000780
v 0.491407 0.612320 0.040352
v 0.374811 0.607677 0.041820
v 0.643600 0.544463 0.009169
v 0.607852 0.573113 -0.001298
v 0.605894 0.568163 0.020314
v 0.651557 0.541205 -0.001402
v 0.643576 0.544458 -0.011935
v 0.607852 0.573113 -0.001298
v 0.605847 0.568154 -0.022904
v -0.282724 0.513862 0.041115
v -0.092971 0.567802 0.000240
v -0.286697 0.527183 0.000657
v -0.282812 0.513844 -0.039823
v -0.419635 0.474617 0.038432
v -0.424631 0.486646 0.000952
v -0.419717 0.474600 -0.036554
v -0.090478 0.553772 0.043026
v 0.155891 0.600369 -0.000299
v 0.156267 0.586772 0.042880
v -0.090570 0.553754 -0.042561
v 0.156174 0.586754 -0.043485
v 0.374719 0.607660 -0.043377
v 0.156174 0.586754 -0.043485
v 0.376313 0.620259 -0.000780
v 0.374811 0.607677 0.041820
v 0.156267 0.586772 0.042880
v -0.092971 0.567802 0.000240
v -0.282724 0.513862 0.041115
v -0.090478 0.553772 0.043026
v -0.286697 0.527183 0.000657
v -0.419635 0.474617 0.038432
v -0.090570 0.553754 -0.042561
v -0.282812 0.513844 -0.039823
v -0.092971 0.567802 0.000240
v -0.419717 0.474600 -0.036554
v -0.286697 0.527183 0.000657
v -0.238393 0.397627 0.000524
v -0.316857 0.322624 0.035269
v -0.228966 0.389256 0.035165
v 0.687259 0.379032 -0.001514
v 0.768624 0.311666 -0.052475
v 0.678950 0.367466 -0.050608
v 0.777432 0.323626 -0.001724
v 0.687259 0.379032 -0.001514
v 0.768730 0.311689 0.049059
v 0.679056 0.367487 0.047611
v 0.566363 0.456239 0.047243
v 0.612472 0.414417 0.047244
v 0.612472 0.414417 0.047244
v 0.577214 0.463712 -0.001255
v 0.621930 0.424442 -0.001362
v 0.679056 0.367487 0.047611
v 0.621930 0.424442 -0.001362
v 0.687259 0.379032 -0.001514
v 0.768730 0.311689 0.049059
v 0.678950 0.367466 -0.050608
v 0.621930 0.424442 -0.001362
v 0.612368 0.414397 -0.049928
v 0.871521 0.250548 0.051189
v 0.777432 0.323626 -0.001724
v 0.881882 0.262241 -0.001966
v 0.871407 0.250526 -0.055082
v 0.777432 0.323626 -0.001724
v 0.768624 0.311666 -0.052475
v 0.566258 0.456219 -0.049707
v 0.577214 0.463712 -0.001255
v 0.612368 0.414397 -0.049928
v -0.326619 0.330642 0.000704
v -0.140541 0.449695 0.035120
v -0.062348 0.501240 0.035160
v -0.071542 0.509811 0.000181
v -0.149798 0.458211 0.000342
v -0.140615 0.449680 -0.034480
v -0.062423 0.501225 -0.034842
v 0.161691 0.364168 -0.034903
v 0.082755 0.307314 -0.034335
v 0.153058 0.373055 -0.000342
v 0.073566 0.315617 -0.000179
v 0.082827 0.307328 0.033932
v 0.153058 0.373055 -0.000342
v 0.161766 0.364182 0.034178
v 0.082755 0.307314 -0.034335
v 0.007487 0.247249 -0.035075
v 0.073566 0.315617 -0.000179
v -0.002604 0.254972 -0.000025
v 0.007561 0.247266 0.034978
v 0.073566 0.315617 -0.000179
v 0.082827 0.307328 0.033932
v 0.736191 -0.010178 0.053767
v 0.631530 -0.438994 0.055423
v 0.566863 -0.490116 0.095448
v 0.568552 -0.598229 0.052792
v 0.619336 -0.614672 0.075151
v 0.604490 -0.662357 0.136555
v 0.864254 0.231375 -0.031300
v 0.812014 0.232277 -0.031386
v 0.811093 0.240917 -0.001816
v 0.768984 0.229401 -0.031320
v 0.766766 0.238013 -0.001719
v 0.812014 0.232277 -0.031386
v 0.864049 0.239988 -0.001932
v 0.811093 0.240917 -0.001816
v 0.769047 0.229413 0.027869
v 0.811093 0.240917 -0.001816
v 0.812077 0.232290 0.027745
v 0.812077 0.232290 0.027745
v 0.864049 0.239988 -0.001932
v 0.864318 0.231387 0.027431
v 0.314857 0.457178 0.034016
v 0.390442 0.496163 0.033806
v 0.384212 0.506771 -0.000822
v 0.308131 0.467471 -0.000663
v 0.314782 0.457163 -0.035374
v 0.390368 0.496148 -0.035480
v 0.390442 0.496163 0.033806
v 0.459976 0.543664 -0.000980
v 0.466047 0.532968 0.033622
v 0.390368 0.496148 -0.035480
v 0.465972 0.532954 -0.035612
v 0.666564 0.526828 -0.001437
v 0.651557 0.541205 -0.001402
v 0.649897 0.533871 0.009749
v 0.651557 0.541205 -0.001402
v 0.649873 0.533867 -0.012548
v 0.314782 0.457163 -0.035374
v 0.238981 0.413847 -0.035267
v 0.231326 0.423488 -0.000503
v 0.239056 0.413861 0.034223
v 0.308131 0.467471 -0.000663
v 0.314857 0.457178 0.034016
v 0.153058 0.373055 -0.000342
v 0.161691 0.364168 -0.034903
v 0.238981 0.413847 -0.035267
v 0.161766 0.364182 0.034178
v 0.231326 0.423488 -0.000503
v 0.239056 0.413861 0.034223
v 0.493454 -0.713616 -0.001321
v 0.518615 -0.721806 -0.066484
v 0.548775 -0.696934 -0.044843
v 0.532001 -0.691473 -0.001402
v 0.518755 -0.721779 0.063726
v 0.548868 -0.696916 0.041964
v 0.475126 -0.620512 -0.001262
v 0.512868 -0.632797 -0.099004
v 0.604194 -0.662415 -0.139663
v 0.568435 -0.598252 -0.055716
v 0.619172 -0.614705 -0.078303
v 0.547467 -0.591425 -0.001414
v 0.513078 -0.632756 0.096311
v 0.529214 -0.477969 -0.001350
v 0.566654 -0.490156 -0.098318
v 0.631407 -0.439018 -0.058555
v 0.609223 -0.432389 -0.001515
v 0.736072 -0.010201 -0.057177
v 0.760215 0.013383 -0.037738
v 0.714138 -0.005184 -0.001656
v 0.745983 0.016638 -0.001721
v 0.782063 0.266964 -0.072811
v 0.850402 0.253401 -0.102401
v 0.808914 0.279675 -0.047919
v 0.853261 0.270872 -0.067120
v 0.790586 0.283327 -0.001762
v 0.753820 0.272596 -0.001684
v 0.782216 0.266994 0.069318
v 0.809013 0.279694 0.044312
v 0.760292 0.013399 0.034233
v 0.850618 0.253444 0.098601
v 0.853401 0.270899 0.063315
v 0.918959 0.239880 0.069012
v 0.897748 0.262099 0.044114
v 0.947202 0.234252 -0.002116
v 0.916078 0.258445 -0.002043
v 0.897649 0.262080 -0.048117
v 0.918806 0.239850 -0.073118
v 0.853261 0.270872 -0.067120
v 0.850402 0.253401 -0.102401
v -0.062348 0.501240 0.035160
v -0.000216 0.556134 0.000035
v 0.008962 0.547536 0.035248
v -0.062423 0.501225 -0.034842
v 0.008886 0.547521 -0.035223
v -0.140615 0.449680 -0.034480
v -0.229041 0.389241 -0.034162
v -0.238393 0.397627 0.000524
v -0.229041 0.389241 -0.034162
v -0.316931 0.322610 -0.033909
v -0.316857 0.322624 0.035269
v -0.228966 0.389256 0.035165
v -0.149798 0.458211 0.000342
v -0.140541 0.449695 0.035120
v 0.135261 -2.971197 0.078889
v 0.189133 -2.964603 0.055368
v 0.211396 -2.961884 -0.001181
v 0.170523 -2.933909 -0.001085
v 0.158208 -2.935412 0.030192
v 0.128412 -2.939056 0.043202
v 0.189011 -2.964627 -0.057632
v 0.158141 -2.935426 -0.032309
v 0.135089 -2.971231 -0.080919
v 0.128317 -2.939075 -0.045188
v 0.112141 -3.007018 -0.032222
v 0.093326 -3.043026 -0.059179
v 0.148858 -3.036234 -0.083425
v 0.183283 -3.198271 -0.001170
v 0.141938 -3.003371 -0.045232
v 0.204441 -3.029427 -0.059420
v 0.148858 -3.036234 -0.083425
v 0.183283 -3.198271 -0.001170
v -1.482377 -0.476094 0.003071
v -1.467755 -0.438882 0.003047
v -1.461188 -0.442197 -0.004476
v -0.631997 -0.170442 -0.018999
v -0.578314 -0.128153 -0.023151
v -0.600971 -0.121600 -0.031994
v -0.593135 -0.179218 -0.019251
v -0.612574 -0.174832 -0.026755
v -0.572062 -0.058737 -0.034844
v -0.548292 -0.068033 -0.025305
v -0.595808 -0.049438 -0.024744
v -0.623612 -0.115043 -0.022726
v -0.538617 0.052130 -0.028284
v -0.634599 -0.239885 -0.011208
v -0.622712 -0.243227 -0.015696
v -0.635209 -0.289342 -0.004837
v -0.630688 -0.300299 -0.004948
v -0.623446 -0.291576 -0.004892
v 0.491317 0.612303 -0.042420
v 0.544440 0.571994 -0.052998
v 0.549876 0.598177 -0.036342
v 0.486346 0.579720 -0.062401
v 0.777979 0.323839 -0.086137
v 0.859154 0.307729 -0.121283
v 0.910035 0.622110 -0.001952
v 0.940405 0.291631 -0.086500
v 0.859154 0.307729 -0.121283
v 0.910035 0.622110 -0.001952
v 0.612368 0.414397 -0.049928
v 0.768624 0.311666 -0.052475
v 0.745251 0.279804 -0.071373
v 0.678950 0.367466 -0.050608
v 0.656921 0.336651 -0.068673
v 0.678950 0.367466 -0.050608
v 0.586988 0.387640 -0.067509
v 0.566258 0.456219 -0.049707
v 0.537161 0.436262 -0.067056
v -0.394027 0.250922 -0.033519
v -0.366878 0.231329 -0.046757
v -0.438862 0.145864 -0.044556
v -0.411427 0.129120 -0.032441
v -0.466275 0.162614 -0.031870
v -0.487110 0.026150 -0.028877
v -0.512875 0.039139 -0.039692
v -1.401042 -0.346822 -0.017911
v -1.457575 -0.422776 -0.004365
v -1.413507 -0.338568 -0.012401
v -1.319799 -0.222703 -0.033468
v -1.401042 -0.346822 -0.017911
v -1.342831 -0.212089 -0.023460
v -1.413507 -0.338568 -0.012401
v -0.140615 0.449680 -0.034480
v -0.062423 0.501225 -0.034842
v -0.116037 0.426951 -0.047514
v -0.038019 0.478343 -0.047602
v -0.091428 0.404226 -0.034489
v -0.013588 0.455464 -0.034343
v -1.457575 -0.422776 -0.004365
v -1.401042 -0.346822 -0.017911
v -1.461188 -0.442197 -0.004476
v 0.131952 0.263069 -0.034821
v 0.207940 0.316811 -0.035287
v 0.184802 0.340487 -0.048098
v 0.107338 0.285189 -0.047447
v 0.161691 0.364168 -0.034903
v 0.082755 0.307314 -0.034335
v 0.549876 0.598177 -0.036342
v 0.605847 0.568154 -0.022904
v 0.544440 0.571994 -0.052998
v 0.603227 0.552659 -0.032048
v 0.061504 0.206100 -0.035690
v 0.006405 0.151374 -0.038644
v -0.033972 0.099766 -0.040002
v -0.025476 0.169712 -0.052627
v -0.069246 0.114618 -0.054469
v -0.057325 0.188056 -0.037900
v -0.104488 0.129473 -0.039175
v 0.007487 0.247249 -0.035075
v 0.034480 0.226672 -0.048609
v 0.082755 0.307314 -0.034335
v 0.107338 0.285189 -0.047447
v 0.131952 0.263069 -0.034821
v 0.814550 0.091133 -0.115934
v 0.829106 -0.002298 -0.037893
v 0.794646 0.005541 -0.052722
v 0.789150 -0.022294 -0.080273
v 0.842274 -0.034373 -0.057415
v 0.819665 -0.057733 -0.039335
v 0.783816 -0.049580 -0.054761
v 0.746304 -0.235657 -0.169125
v 0.859128 -0.263846 -0.120365
v 0.765816 -0.373598 -0.058836
v 0.711858 -0.358466 -0.082320
v 0.738819 -0.470971 -0.058799
v 0.685088 -0.455000 -0.082283
v 0.657255 -0.519541 -0.138654
v 0.747943 -0.548904 -0.098728
v 0.669956 -0.631151 -0.055946
v 0.685459 -0.581570 -0.055970
v 0.634673 -0.565126 -0.078328
v 0.619172 -0.614705 -0.078303
v 0.604194 -0.662415 -0.139663
v 0.695605 -0.692018 -0.099419
v 0.605847 0.568154 -0.022904
v 0.643576 0.544458 -0.011935
v 0.603227 0.552659 -0.032048
v 0.649873 0.533867 -0.012548
v -0.127732 -0.120725 -0.014921
v -0.113091 -0.124434 -0.020540
v -0.120208 -0.194796 -0.007080
v -0.113052 -0.210593 -0.007284
v -0.106155 -0.196743 -0.007277
v 0.374719 0.607660 -0.043377
v 0.486346 0.579720 -0.062401
v 0.373357 0.572460 -0.062249
v 0.491317 0.612303 -0.042420
v 0.629991 -0.723253 -0.045027
v 0.589364 -0.710098 -0.062913
v 0.579499 -0.741551 -0.093589
v 0.640441 -0.761285 -0.066760
v 0.600662 -0.777050 -0.032821
v 0.571410 -0.767578 -0.045699
v 0.500502 -1.068509 -0.032663
v 0.470505 -1.067308 -0.045541
v 0.343820 -1.385020 -0.032386
v 0.316345 -1.375126 -0.045268
v 0.211206 -1.676587 -0.032157
v 0.181118 -1.670088 -0.045034
v 0.133532 -1.980592 -0.032051
v 0.103636 -1.973623 -0.044928
v 0.095649 -2.281983 -0.032032
v 0.065403 -2.283018 -0.044910
v 0.101791 -2.601706 -0.032113
v 0.071547 -2.602763 -0.044992
v 0.158141 -2.935426 -0.032309
v 0.128317 -2.939075 -0.045188
v 0.814543 0.209257 -0.042515
v 0.864254 0.231375 -0.031300
v 0.864871 0.208418 -0.042326
v 0.812014 0.232277 -0.031386
v 0.156174 0.586754 -0.043485
v 0.373357 0.572460 -0.062249
v 0.157697 0.550143 -0.060941
v 0.374719 0.607660 -0.043377
v -0.090570 0.553754 -0.042561
v 0.157697 0.550143 -0.060941
v -0.084063 0.516312 -0.059157
v 0.156174 0.586754 -0.043485
v -0.084063 0.516312 -0.059157
v -0.282812 0.513844 -0.039823
v -0.090570 0.553754 -0.042561
v -0.272346 0.478299 -0.055266
v -0.419717 0.474600 -0.036554
v -0.419717 0.474600 -0.036554
v -0.272346 0.478299 -0.055266
v -0.406506 0.442488 -0.050802
v -0.282812 0.513844 -0.039823
v -0.084063 0.516312 -0.059157
v -0.272346 0.478299 -0.055266
v 0.314782 0.457163 -0.035374
v 0.390368 0.496148 -0.035480
v 0.406863 0.467840 -0.048684
v 0.332605 0.429692 -0.048583
v 0.423388 0.439538 -0.035813
v 0.350454 0.402228 -0.035687
v 0.390368 0.496148 -0.035480
v 0.465972 0.532954 -0.035612
v 0.482049 0.504409 -0.048834
v 0.406863 0.467840 -0.048684
v 0.498153 0.475872 -0.035984
v 0.423388 0.439538 -0.035813
v 0.768624 0.311666 -0.052475
v 0.843611 0.219318 -0.075018
v 0.745251 0.279804 -0.071373
v 0.871407 0.250526 -0.055082
v 0.537846 0.497021 -0.049306
v 0.537161 0.436262 -0.067056
v 0.505944 0.485988 -0.066468
v 0.566258 0.456219 -0.049707
v -0.033972 0.099766 -0.040002
v -0.069246 0.114618 -0.054469
v -0.062875 0.047229 -0.036005
v -0.095910 0.057217 -0.048995
v -0.104488 0.129473 -0.039175
v -0.128913 0.067214 -0.035186
v -0.134320 -0.014862 -0.026303
v -0.108972 -0.020133 -0.036688
v -0.083603 -0.025401 -0.026978
v -0.134320 -0.014862 -0.026303
v -0.108972 -0.020133 -0.036688
v -0.127732 -0.120725 -0.014921
v -0.113091 -0.124434 -0.020540
v -0.108972 -0.020133 -0.036688
v -0.098462 -0.125218 -0.015332
v -0.083603 -0.025401 -0.026978
v 0.488477 0.534872 -0.065986
v 0.537846 0.497021 -0.049306
v 0.505944 0.485988 -0.066468
v 0.540015 0.536083 -0.048591
v 0.774982 0.206444 -0.042471
v 0.812014 0.232277 -0.031386
v 0.814543 0.209257 -0.042515
v 0.768984 0.229401 -0.031320
v 0.540015 0.536083 -0.048591
v 0.486346 0.579720 -0.062401
v 0.544440 0.571994 -0.052998
v 0.488477 0.534872 -0.065986
v 0.418675 -0.147290 -0.001036
v 0.411388 -0.145096 -0.008871
v 0.415981 -0.131662 -0.008961
v 0.415981 -0.131662 -0.008961
v 0.414027 -0.055822 -0.017332
v 0.399633 -0.052640 -0.022568
v 0.503084 0.260330 -0.048085
v 0.419139 0.193593 -0.032710
v 0.477138 0.280279 -0.034935
v 0.445676 0.178422 -0.045348
v 0.399633 -0.052640 -0.022568
v 0.427870 0.060130 -0.028012
v 0.414027 -0.055822 -0.017332
v 0.404444 0.069571 -0.037325
v -0.505048 0.412547 -0.047688
v -0.419717 0.474600 -0.036554
v -0.406506 0.442488 -0.050802
v -0.520709 0.441583 -0.034206
v -0.489362 0.383517 -0.034551
v -0.393271 0.410386 -0.036850
v -0.568882 0.356240 -0.033305
v -0.406506 0.442488 -0.050802
v -0.261848 0.442758 -0.040227
v -0.272346 0.478299 -0.055266
v -0.586676 0.383094 -0.045971
v -0.649839 0.320346 -0.032646
v -0.604440 0.409954 -0.032860
v -0.669119 0.345931 -0.045082
v -0.746003 0.266193 -0.031719
v -0.688367 0.371525 -0.032131
v -0.766015 0.290655 -0.043860
v -0.862831 0.189167 -0.030146
v -0.786002 0.315127 -0.031172
v -0.883143 0.211839 -0.041786
v -0.976705 0.106299 -0.029882
v -0.903428 0.234514 -0.029596
v -0.998890 0.126154 -0.041505
v -1.065000 0.033517 -0.032287
v -1.021049 0.146009 -0.029326
v -1.091840 0.049677 -0.044867
v -1.138196 -0.039262 -0.034030
v -1.118658 0.065844 -0.031707
v -1.168769 -0.026043 -0.047341
v -1.212858 -0.126394 -0.031384
v -1.199309 -0.012820 -0.033477
v -1.242229 -0.114244 -0.043845
v -1.296742 -0.233314 -0.023711
v -1.271574 -0.102088 -0.030962
v -1.319799 -0.222703 -0.033468
v -1.342831 -0.212089 -0.023460
v -1.386571 -0.351887 -0.012521
v -1.319799 -0.222703 -0.033468
v -1.401042 -0.346822 -0.017911
v 0.472238 0.163256 -0.033811
v 0.404444 0.069571 -0.037325
v 0.445676 0.178422 -0.045348
v 0.427870 0.060130 -0.028012
v 0.445676 0.178422 -0.045348
v 0.381040 0.079019 -0.026803
v 0.419139 0.193593 -0.032710
v 0.404444 0.069571 -0.037325
v 0.529058 0.240393 -0.035626
v 0.445676 0.178422 -0.045348
v 0.503084 0.260330 -0.048085
v 0.472238 0.163256 -0.033811
v 0.488477 0.534872 -0.065986
v 0.392559 0.524415 -0.052824
v 0.486346 0.579720 -0.062401
v 0.373357 0.572460 -0.062249
v 0.384742 -0.046383 -0.016502
v 0.404444 0.069571 -0.037325
v 0.399633 -0.052640 -0.022568
v 0.381040 0.079019 -0.026803
v 0.350454 0.402228 -0.035687
v 0.280001 0.362469 -0.035595
v 0.332605 0.429692 -0.048583
v 0.259477 0.388155 -0.048503
v 0.259477 0.388155 -0.048503
v 0.314782 0.457163 -0.035374
v 0.238981 0.413847 -0.035267
v 0.238981 0.413847 -0.035267
v 0.259477 0.388155 -0.048503
v 0.184802 0.340487 -0.048098
v 0.161691 0.364168 -0.034903
v 0.544440 0.571994 -0.052998
v 0.599467 0.537093 -0.025760
v 0.540015 0.536083 -0.048591
v 0.603227 0.552659 -0.032048
v 0.384742 -0.046383 -0.016502
v 0.399633 -0.052640 -0.022568
v 0.401623 -0.127325 -0.008548
v 0.411388 -0.145096 -0.008871
v 0.415981 -0.131662 -0.008961
v 0.570232 0.374062 -0.036140
v 0.527378 0.335957 -0.035790
v 0.552491 0.313681 -0.048937
v 0.594767 0.350987 -0.049119
v 0.477138 0.280279 -0.034935
v 0.577634 0.291414 -0.036063
v 0.552491 0.313681 -0.048937
v 0.619329 0.327915 -0.036024
v 0.552491 0.313681 -0.048937
v 0.503084 0.260330 -0.048085
v 0.527378 0.335957 -0.035790
v 0.529058 0.240393 -0.035626
v 0.503084 0.260330 -0.048085
v 0.577634 0.291414 -0.036063
v 0.552491 0.313681 -0.048937
v 0.470355 0.473579 -0.048569
v 0.488477 0.534872 -0.065986
v 0.505944 0.485988 -0.066468
v 0.488477 0.534872 -0.065986
v 0.470355 0.473579 -0.048569
v 0.392559 0.524415 -0.052824
v 0.505944 0.485988 -0.066468
v 0.508103 0.416313 -0.048467
v 0.470355 0.473579 -0.048569
v 0.508103 0.416313 -0.048467
v 0.505944 0.485988 -0.066468
v 0.537161 0.436262 -0.067056
v -0.084063 0.516312 -0.059157
v 0.160412 0.512437 -0.045801
v -0.077519 0.478879 -0.043370
v 0.157697 0.550143 -0.060941
v 0.373357 0.572460 -0.062249
v 0.160412 0.512437 -0.045801
v 0.392559 0.524415 -0.052824
v 0.656921 0.336651 -0.068673
v 0.721919 0.247948 -0.052248
v 0.634930 0.305846 -0.050074
v 0.745251 0.279804 -0.071373
v 0.603227 0.552659 -0.032048
v 0.640276 0.529985 -0.012820
v 0.599467 0.537093 -0.025760
v 0.649873 0.533867 -0.012548
v -0.077519 0.478879 -0.043370
v -0.272346 0.478299 -0.055266
v -0.084063 0.516312 -0.059157
v -0.261848 0.442758 -0.040227
v 0.518615 -0.721806 -0.066484
v 0.579499 -0.741551 -0.093589
v 0.548775 -0.696934 -0.044843
v 0.589364 -0.710098 -0.062913
v 0.568435 -0.598252 -0.055716
v 0.619172 -0.614705 -0.078303
v 0.634673 -0.565126 -0.078328
v 0.583936 -0.548671 -0.055739
v 0.657255 -0.519541 -0.138654
v -0.622712 -0.243227 -0.015696
v -0.612574 -0.174832 -0.026755
v -0.610545 -0.244628 -0.011329
v -0.113091 -0.124434 -0.020540
v -0.098462 -0.125218 -0.015332
v -0.106155 -0.196743 -0.007277
v -1.386571 -0.351887 -0.012521
v -1.444598 -0.429313 -0.004419
v -1.401042 -0.346822 -0.017911
v -1.461188 -0.442197 -0.004476
v 0.566654 -0.490156 -0.098318
v 0.631407 -0.439018 -0.058555
v 0.685088 -0.455000 -0.082283
v 0.657951 -0.343326 -0.058594
v 0.711858 -0.358466 -0.082320
v 0.746304 -0.235657 -0.169125
v 0.633588 -0.207449 -0.119857
v 0.747996 -0.041422 -0.039174
v 0.783816 -0.049580 -0.054761
v 0.789150 -0.022294 -0.080273
v 0.736072 -0.010201 -0.057177
v 0.760215 0.013383 -0.037738
v 0.794646 0.005541 -0.052722
v 0.814550 0.091133 -0.115934
v 0.737045 0.106938 -0.082348
v 0.782063 0.266964 -0.072811
v 0.850402 0.253401 -0.102401
v 0.918806 0.239850 -0.073118
v 0.850402 0.253401 -0.102401
v 0.892128 0.075344 -0.082696
v 0.817097 0.186238 -0.031454
v 0.864871 0.208418 -0.042326
v 0.865507 0.185470 -0.031322
v 0.814543 0.209257 -0.042515
v 0.781000 0.183493 -0.031408
v 0.814543 0.209257 -0.042515
v 0.774982 0.206444 -0.042471
v -0.105921 -0.211581 0.000103
v -0.106155 -0.196743 -0.007277
v -0.113052 -0.210593 -0.007284
v -0.112777 -0.241702 0.000111
v 0.207940 0.316811 -0.035287
v 0.259477 0.388155 -0.048503
v 0.184802 0.340487 -0.048098
v 0.280001 0.362469 -0.035595
v 0.634930 0.305846 -0.050074
v 0.508103 0.416313 -0.048467
v 0.586988 0.387640 -0.067509
v 0.537161 0.436262 -0.067056
v 0.561649 0.360893 -0.048970
v 0.656921 0.336651 -0.068673
v -0.623446 -0.291576 -0.004892
v -0.610545 -0.244628 -0.011329
v -0.622712 -0.243227 -0.015696
v 0.745251 0.279804 -0.071373
v 0.815856 0.188115 -0.055067
v 0.721919 0.247948 -0.052248
v 0.843611 0.219318 -0.075018
v -0.062423 0.501225 -0.034842
v 0.008886 0.547521 -0.035223
v -0.038019 0.478343 -0.047602
v 0.033244 0.524578 -0.047650
v -0.013588 0.455464 -0.034343
v 0.057629 0.501639 -0.034111
v -0.091428 0.404226 -0.034489
v -0.178965 0.344559 -0.034492
v -0.116037 0.426951 -0.047514
v -0.204017 0.366897 -0.047365
v -0.204017 0.366897 -0.047365
v -0.140615 0.449680 -0.034480
v -0.229041 0.389241 -0.034162
v -0.316931 0.322610 -0.033909
v -0.229041 0.389241 -0.034162
v -0.291013 0.301204 -0.047197
v -0.204017 0.366897 -0.047365
v -0.204017 0.366897 -0.047365
v -0.265068 0.279805 -0.034403
v -0.178965 0.344559 -0.034492
v -0.265068 0.279805 -0.034403
v -0.339701 0.211745 -0.034071
v -0.291013 0.301204 -0.047197
v -0.316931 0.322610 -0.033909
v -0.593135 -0.179218 -0.019251
v -0.612574 -0.174832 -0.026755
v -0.610545 -0.244628 -0.011329
v -0.624717 -0.301431 0.001224
v -0.633537 -0.320953 0.001240
v -0.630688 -0.300299 -0.004948
v -0.623446 -0.291576 -0.004892
v -1.482377 -0.476094 0.003071
v -1.461188 -0.442197 -0.004476
v -1.454600 -0.445508 0.003017
v -1.444598 -0.429313 -0.004419
v 0.171763 -2.999718 -0.032352
v 0.189011 -2.964627 -0.057632
v 0.135089 -2.971231 -0.080919
v 0.141938 -3.003371 -0.045232
v 0.098519 -2.942723 -0.032179
v 0.081217 -2.977823 -0.057399
v 0.135089 -2.971231 -0.080919
v 0.128317 -2.939075 -0.045188
v 0.204566 -3.029402 0.057061
v 0.227517 -3.026598 -0.001230
v 0.183283 -3.198271 -0.001170
v 0.204441 -3.029427 -0.059420
v 0.183283 -3.198271 -0.001170
v -0.578262 -0.128143 0.025469
v -0.593090 -0.179210 0.021611
v -0.569795 -0.130605 0.001140
v -0.585826 -0.180860 0.001164
v -0.593135 -0.179218 -0.019251
v -0.569795 -0.130605 0.001140
v -0.578314 -0.128153 -0.023151
v -0.548292 -0.068033 -0.025305
v 0.940587 0.291666 0.082322
v 0.974135 0.284977 -0.002165
v 0.910035 0.622110 -0.001952
v 0.940405 0.291631 -0.086500
v 0.910035 0.622110 -0.001952
v -0.411427 0.129120 -0.032441
v -0.487110 0.026150 -0.028877
v -0.539355 -0.071514 0.001085
v -0.578314 -0.128153 -0.023151
v -0.569795 -0.130605 0.001140
v 0.537846 0.497021 -0.049306
v 0.553629 0.526726 -0.001189
v 0.549452 0.500375 -0.001186
v 0.540015 0.536083 -0.048591
v 0.577214 0.463712 -0.001255
v 0.537846 0.497021 -0.049306
v 0.566258 0.456219 -0.049707
v 0.537950 0.497041 0.046985
v 0.577214 0.463712 -0.001255
v 0.566363 0.456239 0.047243
v 0.553629 0.526726 -0.001189
v 0.537950 0.497041 0.046985
v 0.540116 0.536103 0.046277
v 0.071670 0.198395 -0.000200
v 0.061580 0.206115 0.035338
v 0.006488 0.151390 0.038511
v 0.018395 0.144504 -0.000094
v 0.006405 0.151374 -0.038644
v 0.071670 0.198395 -0.000200
v 0.061504 0.206100 -0.035690
v 0.006488 0.151390 0.038511
v -0.033886 0.099784 0.040024
v 0.018395 0.144504 -0.000094
v -0.020707 0.094203 -0.000019
v -0.033972 0.099766 -0.040002
v 0.018395 0.144504 -0.000094
v 0.006405 0.151374 -0.038644
v 0.829106 -0.002298 -0.037893
v 0.843414 -0.005537 -0.001940
v 0.924335 0.068820 -0.002101
v 0.829184 -0.002283 0.034079
v 0.864329 -0.039366 -0.001992
v 0.842393 -0.034349 0.053529
v 0.842274 -0.034373 -0.057415
v 0.834551 -0.061102 -0.001932
v 0.819665 -0.057733 -0.039335
v 0.819745 -0.057718 0.035538
v 0.859128 -0.263846 -0.120365
v 0.905965 -0.275504 -0.002134
v 0.765816 -0.373598 -0.058836
v 0.859381 -0.263796 0.116306
v 0.738819 -0.470971 -0.058799
v 0.788217 -0.379856 -0.001898
v 0.765939 -0.373574 0.055142
v 0.761127 -0.477576 -0.001859
v 0.738942 -0.470947 0.055180
v 0.785593 -0.561051 -0.001931
v 0.747943 -0.548904 -0.098728
v 0.748152 -0.548863 0.095037
v 0.685575 -0.581547 0.052539
v 0.706540 -0.588373 -0.001763
v 0.670073 -0.631128 0.052562
v 0.695815 -0.691977 0.095897
v 0.630084 -0.723235 0.041780
v 0.691040 -0.637951 -0.001739
v 0.733557 -0.704261 -0.001847
v 0.669956 -0.631151 -0.055946
v 0.685459 -0.581570 -0.055970
v 0.695605 -0.692018 -0.099419
v 0.646859 -0.728696 -0.001662
v 0.629991 -0.723253 -0.045027
v 0.665741 -0.769448 -0.001711
v 0.640441 -0.761285 -0.066760
v 0.640581 -0.761259 0.063450
v -0.020707 0.094203 -0.000019
v -0.062875 0.047229 -0.036005
v -0.033972 0.099766 -0.040002
v -0.050457 0.043489 0.000035
v -0.020707 0.094203 -0.000019
v -0.062797 0.047245 0.036132
v -0.033886 0.099784 0.040024
v -0.062875 0.047229 -0.036005
v -0.083603 -0.025401 -0.026978
v -0.074063 -0.027372 0.000072
v -0.098462 -0.125218 -0.015332
v -0.093242 -0.127477 0.000093
v 0.651557 0.541205 -0.001402
v 0.649897 0.533871 0.009749
v 0.643600 0.544463 0.009169
v 0.651557 0.541205 -0.001402
v 0.649873 0.533867 -0.012548
v 0.643576 0.544458 -0.011935
v 0.436679 0.056593 -0.001033
v 0.414027 -0.055822 -0.017332
v 0.427870 0.060130 -0.028012
v 0.419486 -0.059033 -0.001019
v 0.436679 0.056593 -0.001033
v 0.414061 -0.055815 0.015320
v 0.427929 0.060141 0.025987
v 0.415981 -0.131662 -0.008961
v 0.418675 -0.147290 -0.001036
v 0.415998 -0.131659 0.006907
v 0.411405 -0.145092 0.006831
v 0.416823 -0.177836 -0.001039
v 0.411388 -0.145096 -0.008871
v 0.415998 -0.131659 0.006907
v 0.419486 -0.059033 -0.001019
v 0.414061 -0.055815 0.015320
v 0.419486 -0.059033 -0.001019
v 0.415981 -0.131662 -0.008961
v 0.414027 -0.055822 -0.017332
v 0.427929 0.060141 0.025987
v 0.482230 0.157576 -0.001111
v 0.472309 0.163270 0.031635
v 0.436679 0.056593 -0.001033
v 0.427870 0.060130 -0.028012
v 0.482230 0.157576 -0.001111
v 0.472238 0.163256 -0.033811
v 0.472238 0.163256 -0.033811
v 0.538830 0.232921 -0.001220
v 0.482230 0.157576 -0.001111
v 0.529058 0.240393 -0.035626
v 0.538830 0.232921 -0.001220
v 0.472309 0.163270 0.031635
v 0.529132 0.240407 0.033233
v 0.619329 0.327915 -0.036024
v 0.577634 0.291414 -0.036063
v 0.628572 0.319271 -0.001398
v 0.587093 0.283071 -0.001315
v 0.577708 0.291428 0.033479
v 0.619403 0.327930 0.033272
v 0.529058 0.240393 -0.035626
v 0.577634 0.291414 -0.036063
v 0.538830 0.232921 -0.001220
v 0.529132 0.240407 0.033233
v 0.577708 0.291428 0.033479
v -0.050457 0.043489 0.000035
v -0.083603 -0.025401 -0.026978
v -0.074063 -0.027372 0.000072
v -0.050457 0.043489 0.000035
v -0.083545 -0.025389 0.027166
v -0.062797 0.047245 0.036132
v -0.106139 -0.196740 0.007491
v -0.098429 -0.125211 0.015541
v -0.093242 -0.127477 0.000093
v -0.098462 -0.125218 -0.015332
v -0.106155 -0.196743 -0.007277
v -0.093242 -0.127477 0.000093
v 0.918959 0.239880 0.069012
v 0.892302 0.075378 0.078637
v 0.947202 0.234252 -0.002116
v 0.918806 0.239850 -0.073118
v 0.892128 0.075344 -0.082696
v -0.074063 -0.027372 0.000072
v -0.098429 -0.125211 0.015541
v -0.083545 -0.025389 0.027166
v -0.106155 -0.196743 -0.007277
v -0.105921 -0.211581 0.000103
v -0.106139 -0.196740 0.007491
v -0.487046 0.026163 0.030859
v -0.411355 0.129133 0.034134
v -0.487046 0.026163 0.030859
v -0.401105 0.122845 0.000823
v -0.477422 0.021288 0.000969
v -0.487110 0.026150 -0.028877
v -0.401105 0.122845 0.000823
v -0.548236 -0.068021 0.027516
v -0.548236 -0.068021 0.027516
v -0.477422 0.021288 0.000969
v -0.539355 -0.071514 0.001085
v -0.548292 -0.068033 -0.025305
v -0.477422 0.021288 0.000969
v -0.578262 -0.128143 0.025469
v -0.539355 -0.071514 0.001085
v -0.623433 -0.291573 0.007338
v -0.606402 -0.246438 0.001195
v -0.610519 -0.244623 0.013738
v -0.606402 -0.246438 0.001195
v -0.623446 -0.291576 -0.004892
v -0.610545 -0.244628 -0.011329
v -0.339701 0.211745 -0.034071
v -0.255305 0.271787 0.000534
v -0.329478 0.204404 0.000683
v -0.265068 0.279805 -0.034403
v -0.255305 0.271787 0.000534
v -0.339626 0.211759 0.035484
v -0.264993 0.279820 0.035518
v -0.339701 0.211745 -0.034071
v -0.329478 0.204404 0.000683
v -0.411427 0.129120 -0.032441
v -0.401105 0.122845 0.000823
v -0.329478 0.204404 0.000683
v -0.411355 0.129133 0.034134
v -0.339626 0.211759 0.035484
v -0.585826 -0.180860 0.001164
v -0.610545 -0.244628 -0.011329
v -0.593135 -0.179218 -0.019251
v -0.606402 -0.246438 0.001195
v -0.585826 -0.180860 0.001164
v -0.610519 -0.244623 0.013738
v -0.593090 -0.179210 0.021611
v -0.623446 -0.291576 -0.004892
v -0.624717 -0.301431 0.001224
v -0.623433 -0.291573 0.007338
v -1.054902 0.027461 0.002239
v -1.065000 0.033517 -0.032287
v -1.138196 -0.039262 -0.034030
v -1.126700 -0.044214 0.002382
v -1.054902 0.027461 0.002239
v -1.138118 -0.039246 0.038846
v -1.064926 0.033531 0.036811
v -1.126700 -0.044214 0.002382
v -1.212858 -0.126394 -0.031384
v -1.138196 -0.039262 -0.034030
v -1.201809 -0.130945 0.002528
v -1.126700 -0.044214 0.002382
v -1.212785 -0.126380 0.036491
v -1.138118 -0.039246 0.038846
v -1.296686 -0.233303 0.029141
v -1.201809 -0.130945 0.002528
v -1.212785 -0.126380 0.036491
v -1.288071 -0.237289 0.002696
v -1.296742 -0.233314 -0.023711
v -1.201809 -0.130945 0.002528
v -1.212858 -0.126394 -0.031384
v -1.444582 -0.429309 0.010415
v -1.382776 -0.355837 0.002878
v -1.386538 -0.351879 0.018296
v -1.454600 -0.445508 0.003017
v -1.382776 -0.355837 0.002878
v -1.444598 -0.429313 -0.004419
v -1.386571 -0.351887 -0.012521
v -1.288071 -0.237289 0.002696
v -1.386571 -0.351887 -0.012521
v -1.296742 -0.233314 -0.023711
v -1.382776 -0.355837 0.002878
v -1.288071 -0.237289 0.002696
v -1.386538 -0.351879 0.018296
v -1.296686 -0.233303 0.029141
v 0.171830 -2.999705 0.030149
v 0.189133 -2.964603 0.055368
v 0.211396 -2.961884 -0.001181
v 0.184145 -2.998200 -0.001128
v 0.171763 -2.999718 -0.032352
v 0.189011 -2.964627 -0.057632
v 0.808914 0.279675 -0.047919
v 0.809013 0.279694 0.044312
v 0.777979 0.323839 -0.086137
v 0.853261 0.270872 -0.067120
v 0.859154 0.307729 -0.121283
v 0.778161 0.323875 0.082685
v 0.853401 0.270899 0.063315
v 0.859411 0.307778 0.117468
v 0.897748 0.262099 0.044114
v 0.940587 0.291666 0.082322
v 0.916078 0.258445 -0.002043
v 0.974135 0.284977 -0.002165
v 0.940405 0.291631 -0.086500
v 0.897649 0.262080 -0.048117
v 0.859154 0.307729 -0.121283
v 0.853261 0.270872 -0.067120
v -0.091428 0.404226 -0.034489
v -0.013588 0.455464 -0.034343
v 0.141213 0.254781 -0.000341
v 0.207940 0.316811 -0.035287
v 0.216650 0.307938 -0.000495
v 0.131952 0.263069 -0.034821
v 0.132025 0.263083 0.034184
v 0.071670 0.198395 -0.000200
v 0.132025 0.263083 0.034184
v 0.061580 0.206115 0.035338
v 0.141213 0.254781 -0.000341
v 0.071670 0.198395 -0.000200
v 0.131952 0.263069 -0.034821
v 0.061504 0.206100 -0.035690
v 0.864329 -0.039366 -0.001992
v 0.842393 -0.034349 0.053529
v 0.842274 -0.034373 -0.057415
v 0.834551 -0.061102 -0.001932
v 0.819665 -0.057733 -0.039335
v 0.819745 -0.057718 0.035538
v 0.657255 -0.519541 -0.138654
v 0.785593 -0.561051 -0.001931
v 0.747943 -0.548904 -0.098728
v 0.657551 -0.519483 0.135373
v 0.748152 -0.548863 0.095037
v 0.634838 -0.565094 0.075127
v 0.685575 -0.581547 0.052539
v 0.706540 -0.588373 -0.001763
v 0.604490 -0.662357 0.136555
v 0.695815 -0.691977 0.095897
v 0.630084 -0.723235 0.041780
v 0.733557 -0.704261 -0.001847
v 0.685459 -0.581570 -0.055970
v 0.634673 -0.565126 -0.078328
v 0.604194 -0.662415 -0.139663
v 0.695605 -0.692018 -0.099419
v 0.646859 -0.728696 -0.001662
v 0.629991 -0.723253 -0.045027
v 0.589364 -0.710098 -0.062913
v 0.579499 -0.741551 -0.093589
v 0.665741 -0.769448 -0.001711
v 0.640441 -0.761285 -0.066760
v 0.600662 -0.777050 -0.032821
v 0.571410 -0.767578 -0.045699
v 0.612806 -0.780970 -0.001598
v 0.640581 -0.761259 0.063450
v 0.579697 -0.741513 0.090556
v 0.600729 -0.777037 0.029680
v 0.571505 -0.767560 0.042690
v 0.423388 0.439538 -0.035813
v 0.350454 0.402228 -0.035687
v 0.357180 0.391934 -0.000786
v 0.498153 0.475872 -0.035984
v 0.423388 0.439538 -0.035813
v 0.429618 0.428930 -0.000938
v 0.648211 0.526531 -0.001397
v 0.649873 0.533867 -0.012548
v 0.666564 0.526828 -0.001437
v 0.640276 0.529985 -0.012820
v 0.648211 0.526531 -0.001397
v 0.649897 0.533871 0.009749
v 0.640300 0.529989 0.010062
v 0.504226 0.465179 -0.001093
v 0.498229 0.475887 0.033827
v 0.423463 0.439553 0.033970
v 0.423463 0.439553 0.033970
v 0.350529 0.402243 0.034149
v 0.287730 0.352842 -0.000642
v 0.350454 0.402228 -0.035687
v 0.350529 0.402243 0.034149
v 0.280001 0.362469 -0.035595
v 0.280076 0.362484 0.034348
v 0.542185 -0.758102 -0.032688
v 0.571410 -0.767578 -0.045699
v 0.542253 -0.758089 0.029812
v 0.518615 -0.721806 -0.066484
v 0.579499 -0.741551 -0.093589
v 0.548775 -0.696934 -0.044843
v 0.589364 -0.710098 -0.062913
v 0.518755 -0.721779 0.063726
v 0.548868 -0.696916 0.041964
v 0.512868 -0.632797 -0.099004
v 0.604194 -0.662415 -0.139663
v 0.513078 -0.632756 0.096311
v 0.589495 -0.710072 0.059851
v 0.817160 0.186250 0.027771
v 0.783284 0.174892 -0.001769
v 0.818081 0.177614 -0.001845
v 0.781064 0.183505 0.027884
v 0.783284 0.174892 -0.001769
v 0.817097 0.186238 -0.031454
v 0.781000 0.183493 -0.031408
v 0.817097 0.186238 -0.031454
v 0.865507 0.185470 -0.031322
v 0.818081 0.177614 -0.001845
v 0.865776 0.176870 -0.001949
v 0.865571 0.185483 0.027429
v 0.818081 0.177614 -0.001845
v 0.817160 0.186250 0.027771
v 0.280076 0.362484 0.034348
v 0.208016 0.316825 0.034338
v 0.280001 0.362469 -0.035595
v 0.207940 0.316811 -0.035287
v 0.208016 0.316825 0.034338
v 0.141213 0.254781 -0.000341
v 0.721919 0.247948 -0.052248
v 0.805496 0.176422 -0.001817
v 0.713215 0.236016 -0.001602
v 0.815856 0.188115 -0.055067
v 0.722028 0.247970 0.049010
v 0.805496 0.176422 -0.001817
v 0.815970 0.188137 0.051391
v 0.635035 0.305866 0.047243
v 0.561752 0.360913 0.046485
v 0.626727 0.294300 -0.001399
v 0.552189 0.350866 -0.001223
v 0.561649 0.360893 -0.048970
v 0.626727 0.294300 -0.001399
v 0.634930 0.305846 -0.050074
v 0.721919 0.247948 -0.052248
v 0.713215 0.236016 -0.001602
v 0.634930 0.305846 -0.050074
v 0.626727 0.294300 -0.001399
v 0.635035 0.305866 0.047243
v 0.713215 0.236016 -0.001602
v 0.722028 0.247970 0.049010
v -0.082171 0.395710 0.000180
v 0.057629 0.501639 -0.034111
v -0.004395 0.446889 0.000020
v -0.013588 0.455464 -0.034343
v 0.066806 0.493045 -0.000126
v 0.057703 0.501654 0.033901
v -0.013513 0.455478 0.034427
v -0.013513 0.455478 0.034427
v -0.091353 0.404242 0.034894
v -0.169538 0.336187 0.000359
v -0.091428 0.404226 -0.034489
v -0.091353 0.404242 0.034894
v -0.178965 0.344559 -0.034492
v -0.178890 0.344570 0.035257
v -0.265068 0.279805 -0.034403
v -0.178965 0.344559 -0.034492
v -0.255305 0.271787 0.000534
v -0.178890 0.344570 0.035257
v -0.264993 0.279820 0.035518
v 0.470457 0.473600 0.046535
v 0.392670 0.524437 0.051152
v 0.456317 0.467722 -0.000988
v 0.364001 0.505945 -0.000777
v 0.392559 0.524415 -0.052824
v 0.456317 0.467722 -0.000988
v 0.470355 0.473579 -0.048569
v -0.257874 0.429442 0.000573
v -0.077425 0.478896 0.043746
v -0.261760 0.442778 0.041398
v 0.599520 0.537103 0.023185
v 0.553629 0.526726 -0.001189
v 0.600429 0.531258 -0.001292
v 0.540116 0.536103 0.046277
v 0.553629 0.526726 -0.001189
v 0.599467 0.537093 -0.025760
v 0.540015 0.536083 -0.048591
v -0.075025 0.464848 0.000179
v 0.160412 0.512437 -0.045801
v 0.158960 0.498036 -0.000328
v -0.077519 0.478879 -0.043370
v 0.160510 0.512457 0.045144
v -0.077425 0.478896 0.043746
v 0.364001 0.505945 -0.000777
v 0.160510 0.512457 0.045144
v 0.392670 0.524437 0.051152
v 0.364001 0.505945 -0.000777
v 0.160412 0.512437 -0.045801
v 0.392559 0.524415 -0.052824
v -0.077425 0.478896 0.043746
v -0.257874 0.429442 0.000573
v -0.257874 0.429442 0.000573
v -0.077519 0.478879 -0.043370
v -0.261848 0.442758 -0.040227
v -0.388271 0.398353 0.000854
v -0.261848 0.442758 -0.040227
v -0.393271 0.410386 -0.036850
v -0.261760 0.442778 0.041398
v -0.388271 0.398353 0.000854
v -0.393189 0.410402 0.038583
v -0.483445 0.372638 0.001057
v -0.393271 0.410386 -0.036850
v -0.388271 0.398353 0.000854
v -0.489362 0.383517 -0.034551
v -0.393189 0.410402 0.038583
v -0.483445 0.372638 0.001057
v -0.489286 0.383532 0.036696
v 0.599467 0.537093 -0.025760
v 0.640276 0.529985 -0.012820
v 0.600429 0.531258 -0.001292
v 0.648211 0.526531 -0.001397
v 0.640300 0.529989 0.010062
v 0.600429 0.531258 -0.001292
v 0.599520 0.537103 0.023185
v -0.489286 0.383532 0.036696
v -0.562180 0.346174 0.001225
v -0.483445 0.372638 0.001057
v -0.568808 0.356254 0.035787
v -0.562180 0.346174 0.001225
v -0.489362 0.383517 -0.034551
v -0.568882 0.356240 -0.033305
v -0.642575 0.310757 0.001394
v -0.568882 0.356240 -0.033305
v -0.562180 0.346174 0.001225
v -0.649839 0.320346 -0.032646
v -0.568808 0.356254 0.035787
v -0.642575 0.310757 0.001394
v -0.649766 0.320360 0.035469
v -0.649766 0.320360 0.035469
v -0.738468 0.257025 0.001593
v -0.642575 0.310757 0.001394
v -0.745931 0.266206 0.034941
v -0.738468 0.257025 0.001593
v -0.649839 0.320346 -0.032646
v -0.746003 0.266193 -0.031719
v -0.855187 0.180673 0.001833
v -0.746003 0.266193 -0.031719
v -0.738468 0.257025 0.001593
v -0.862831 0.189167 -0.030146
v -0.745931 0.266206 0.034941
v -0.855187 0.180673 0.001833
v -0.862763 0.189181 0.033850
v -0.968358 0.098863 0.002064
v -0.862763 0.189181 0.033850
v -0.976637 0.106312 0.034051
v -0.855187 0.180673 0.001833
v -0.968358 0.098863 0.002064
v -0.862831 0.189167 -0.030146
v -0.976705 0.106299 -0.029882
v -1.054902 0.027461 0.002239
v -0.976705 0.106299 -0.029882
v -0.968358 0.098863 0.002064
v -1.065000 0.033517 -0.032287
v -1.054902 0.027461 0.002239
v -0.976637 0.106312 0.034051
v -1.064926 0.033531 0.036811
v 0.135261 -2.971197 0.078889
v 0.142033 -3.003351 0.043158
v 0.112208 -3.007004 0.030278
v 0.081338 -2.977799 0.055603
v 0.099826 -3.008519 -0.000945
v 0.058951 -2.980542 -0.000850
v 0.081217 -2.977823 -0.057399
v 0.112141 -3.007018 -0.032222
v 0.135089 -2.971231 -0.080919
v 0.141938 -3.003371 -0.045232
v 0.112208 -3.007004 0.030278
v 0.093451 -3.043002 0.057302
v 0.149035 -3.036199 0.081306
v 0.183283 -3.198271 -0.001170
v 0.142033 -3.003351 0.043158
v 0.204566 -3.029402 0.057061
v 0.183283 -3.198271 -0.001170
v -1.467755 -0.438882 0.003047
v -1.482377 -0.476094 0.003071
v -1.461172 -0.442192 0.010540
v -0.600900 -0.121586 0.034414
v -0.595753 -0.049428 0.027173
v -0.623561 -0.115033 0.025248
v -0.593090 -0.179210 0.021611
v -0.578262 -0.128143 0.025469
v -0.631954 -0.170434 0.021534
v -0.612517 -0.174820 0.029204
v -0.634573 -0.239880 0.013726
v -0.622676 -0.243220 0.018160
v -0.635196 -0.289339 0.007336
v -0.630675 -0.300297 0.007423
v -0.623433 -0.291573 0.007338
v 0.491407 0.612320 0.040352
v 0.486478 0.579745 0.060341
v 0.544552 0.572015 0.050678
v 0.549952 0.598191 0.034010
v 0.778161 0.323875 0.082685
v 0.859411 0.307778 0.117468
v 0.910035 0.622110 -0.001952
v 0.940587 0.291666 0.082322
v 0.910035 0.622110 -0.001952
v 0.566363 0.456239 0.047243
v 0.587130 0.387668 0.064924
v 0.612472 0.414417 0.047244
v 0.537302 0.436289 0.064711
v 0.657065 0.336679 0.065759
v 0.679056 0.367487 0.047611
v 0.745401 0.279833 0.068047
v 0.679056 0.367487 0.047611
v 0.768730 0.311689 0.049059
v 0.184904 0.340507 0.047261
v 0.132025 0.263083 0.034184
v 0.208016 0.316825 0.034338
v 0.107441 0.285209 0.046927
v 0.161766 0.364182 0.034178
v 0.082827 0.307328 0.033932
v 0.184904 0.340507 0.047261
v 0.239056 0.413861 0.034223
v 0.259580 0.388174 0.047358
v 0.605894 0.568163 0.020314
v 0.544552 0.572015 0.050678
v 0.603292 0.552673 0.029463
v 0.549952 0.598191 0.034010
v 0.061580 0.206115 0.035338
v 0.107441 0.285209 0.046927
v 0.132025 0.263083 0.034184
v 0.034584 0.226692 0.048384
v 0.082827 0.307328 0.033932
v 0.006488 0.151390 0.038511
v 0.007561 0.247266 0.034978
v -0.025363 0.169734 0.052641
v -0.057245 0.188070 0.038063
v -0.033886 0.099784 0.040024
v -0.069128 0.114641 0.054653
v -0.104404 0.129490 0.039520
v 0.829184 -0.002283 0.034079
v 0.842393 -0.034349 0.053529
v 0.789319 -0.022261 0.076625
v 0.819745 -0.057718 0.035538
v 0.859381 -0.263796 0.116306
v 0.765939 -0.373574 0.055142
v 0.738942 -0.470947 0.055180
v 0.746664 -0.235587 0.165575
v 0.783930 -0.049557 0.051125
v 0.748076 -0.041406 0.035698
v 0.736191 -0.010178 0.053767
v 0.633841 -0.207399 0.116814
v 0.658073 -0.343303 0.055385
v 0.712031 -0.358432 0.078869
v 0.685261 -0.454966 0.078908
v 0.631530 -0.438994 0.055423
v 0.657551 -0.519483 0.135373
v 0.566863 -0.490116 0.095448
v 0.584052 -0.548649 0.052769
v 0.748152 -0.548863 0.095037
v 0.634838 -0.565094 0.075127
v 0.568552 -0.598229 0.052792
v 0.685575 -0.581547 0.052539
v 0.619336 -0.614672 0.075151
v 0.604490 -0.662357 0.136555
v 0.670073 -0.631128 0.052562
v 0.695815 -0.691977 0.095897
v 0.630084 -0.723235 0.041780
v 0.603292 0.552673 0.029463
v 0.643600 0.544463 0.009169
v 0.605894 0.568163 0.020314
v 0.649897 0.533871 0.009749
v 0.373489 0.572487 0.060682
v 0.486478 0.579745 0.060341
v 0.374811 0.607677 0.041820
v 0.491407 0.612320 0.040352
v 0.640581 -0.761259 0.063450
v 0.579697 -0.741513 0.090556
v 0.812077 0.232290 0.027745
v 0.864318 0.231387 0.027431
v 0.814631 0.209274 0.038854
v 0.864958 0.208435 0.038444
v 0.156267 0.586772 0.042880
v 0.373489 0.572487 0.060682
v 0.374811 0.607677 0.041820
v 0.157827 0.550169 0.060312
v -0.090478 0.553772 0.043026
v 0.157827 0.550169 0.060312
v 0.156267 0.586772 0.042880
v -0.083935 0.516338 0.059577
v -0.406395 0.442510 0.052608
v -0.272226 0.478323 0.056497
v -0.419635 0.474617 0.038432
v -0.282724 0.513862 0.041115
v -0.282724 0.513862 0.041115
v -0.083935 0.516338 0.059577
v -0.090478 0.553772 0.043026
v -0.272226 0.478323 0.056497
v -0.083935 0.516338 0.059577
v -0.282724 0.513862 0.041115
v 0.871521 0.250548 0.051189
v 0.768730 0.311689 0.049059
v 0.843767 0.219349 0.071234
v 0.745401 0.279833 0.068047
v 0.537302 0.436289 0.064711
v 0.537950 0.497041 0.046985
v 0.506084 0.486015 0.064282
v 0.566363 0.456239 0.047243
v -0.033886 0.099784 0.040024
v -0.134263 -0.014851 0.026717
v -0.127699 -0.120719 0.015260
v -0.108893 -0.020117 0.036988
v -0.113047 -0.124426 0.020815
v 0.488617 0.534900 0.063897
v 0.537950 0.497041 0.046985
v 0.540116 0.536103 0.046277
v 0.506084 0.486015 0.064282
v 0.812077 0.232290 0.027745
v 0.775069 0.206461 0.038985
v 0.814631 0.209274 0.038854
v 0.769047 0.229413 0.027869
v -0.127699 -0.120719 0.015260
v -0.120192 -0.194793 0.007356
v -0.113047 -0.124426 0.020815
v -0.113036 -0.210590 0.007522
v -0.106139 -0.196740 0.007491
v 0.552594 0.313700 0.046473
v 0.477210 0.280293 0.032787
v 0.503185 0.260350 0.045815
v 0.527451 0.335970 0.033445
v 0.544552 0.572015 0.050678
v 0.486478 0.579745 0.060341
v 0.540116 0.536103 0.046277
v 0.488617 0.534900 0.063897
v 0.418675 -0.147290 -0.001036
v 0.415998 -0.131659 0.006907
v 0.411405 -0.145092 0.006831
v 0.415998 -0.131659 0.006907
v 0.414061 -0.055815 0.015320
v 0.399680 -0.052631 0.020619
v 0.477210 0.280293 0.032787
v 0.419208 0.193606 0.030780
v 0.503185 0.260350 0.045815
v -0.393189 0.410402 0.038583
v -0.261760 0.442778 0.041398
v -0.406395 0.442510 0.052608
v -0.272226 0.478323 0.056497
v -0.406395 0.442510 0.052608
v -0.489286 0.383532 0.036696
v -0.504944 0.412568 0.049914
v -0.419635 0.474617 0.038432
v -0.568808 0.356254 0.035787
v -0.520634 0.441599 0.036513
v -0.586576 0.383114 0.048542
v -0.649766 0.320360 0.035469
v -0.604367 0.409968 0.035522
v -0.669018 0.345951 0.048001
v -0.745931 0.266206 0.034941
v -0.688294 0.371539 0.035145
v -0.765918 0.290675 0.047181
v -0.862763 0.189181 0.033850
v -0.785930 0.315142 0.034591
v -0.883049 0.211858 0.045588
v -0.976637 0.106312 0.034051
v -0.903360 0.234527 0.033497
v -0.998795 0.126171 0.045781
v -1.064926 0.033531 0.036811
v -1.020981 0.146023 0.033706
v -1.091740 0.049697 0.049517
v -1.138118 -0.039246 0.038846
v -1.118584 0.065859 0.036482
v -1.168662 -0.026022 0.052296
v -1.212785 -0.126380 0.036491
v -1.199233 -0.012804 0.038572
v -1.242129 -0.114224 0.049087
v -1.296686 -0.233303 0.029141
v -1.271501 -0.102074 0.036338
v -1.319721 -0.222688 0.039004
v -1.386538 -0.351879 0.018296
v -1.342775 -0.212078 0.029102
v -1.400998 -0.346813 0.023752
v -1.444582 -0.429309 0.010415
v -1.413475 -0.338562 0.018300
v -1.461172 -0.442192 0.010540
v -1.457559 -0.422773 0.010421
v 0.404523 0.069587 0.035407
v 0.399680 -0.052631 0.020619
v 0.427929 0.060141 0.025987
v 0.414061 -0.055815 0.015320
v 0.503185 0.260350 0.045815
v 0.445771 0.178441 0.043295
v 0.529132 0.240407 0.033233
v 0.472309 0.163270 0.031635
v 0.445771 0.178441 0.043295
v 0.419208 0.193606 0.030780
v 0.419208 0.193606 0.030780
v 0.381095 0.079031 0.024992
v 0.445771 0.178441 0.043295
v 0.404523 0.069587 0.035407
v 0.445771 0.178441 0.043295
v 0.404523 0.069587 0.035407
v 0.472309 0.163270 0.031635
v 0.427929 0.060141 0.025987
v 0.392670 0.524437 0.051152
v 0.486478 0.579745 0.060341
v 0.373489 0.572487 0.060682
v 0.488617 0.534900 0.063897
v 0.384776 -0.046377 0.014622
v 0.401640 -0.127322 0.006560
v 0.399680 -0.052631 0.020619
v 0.411405 -0.145092 0.006831
v 0.415998 -0.131659 0.006907
v 0.381095 0.079031 0.024992
v 0.384776 -0.046377 0.014622
v 0.404523 0.069587 0.035407
v 0.399680 -0.052631 0.020619
v 0.498229 0.475887 0.033827
v 0.423463 0.439553 0.033970
v 0.406965 0.467860 0.046925
v 0.482152 0.504429 0.046760
v 0.390442 0.496163 0.033806
v 0.466047 0.532968 0.033622
v 0.423463 0.439553 0.033970
v 0.350529 0.402243 0.034149
v 0.332707 0.429712 0.047135
v 0.406965 0.467860 0.046925
v 0.314857 0.457178 0.034016
v 0.390442 0.496163 0.033806
v 0.350529 0.402243 0.034149
v 0.280076 0.362484 0.034348
v 0.332707 0.429712 0.047135
v 0.259580 0.388174 0.047358
v 0.314857 0.457178 0.034016
v 0.259580 0.388174 0.047358
v 0.239056 0.413861 0.034223
v 0.603292 0.552673 0.029463
v 0.544552 0.572015 0.050678
v 0.599520 0.537103 0.023185
v 0.540116 0.536103 0.046277
v 0.619403 0.327930 0.033272
v 0.577708 0.291428 0.033479
v 0.594870 0.351007 0.046484
v 0.552594 0.313700 0.046473
v 0.552594 0.313700 0.046473
v 0.570307 0.374077 0.033624
v 0.527451 0.335970 0.033445
v 0.529132 0.240407 0.033233
v 0.577708 0.291428 0.033479
v 0.503185 0.260350 0.045815
v 0.552594 0.313700 0.046473
v 0.488617 0.534900 0.063897
v 0.470457 0.473600 0.046535
v 0.506084 0.486015 0.064282
v 0.470457 0.473600 0.046535
v 0.488617 0.534900 0.063897
v 0.392670 0.524437 0.051152
v -0.098429 -0.125211 0.015541
v -0.108893 -0.020117 0.036988
v -0.113047 -0.124426 0.020815
v 0.508206 0.416331 0.046241
v 0.506084 0.486015 0.064282
v 0.470457 0.473600 0.046535
v 0.506084 0.486015 0.064282
v 0.508206 0.416331 0.046241
v 0.537302 0.436289 0.064711
v 0.160510 0.512457 0.045144
v 0.373489 0.572487 0.060682
v 0.157827 0.550169 0.060312
v 0.392670 0.524437 0.051152
v -0.083935 0.516338 0.059577
v 0.160510 0.512457 0.045144
v -0.077425 0.478896 0.043746
v -0.062797 0.047245 0.036132
v -0.108893 -0.020117 0.036988
v -0.083545 -0.025389 0.027166
v -0.095804 0.057238 0.049272
v -0.134263 -0.014851 0.026717
v -0.128837 0.067229 0.035612
v -0.104404 0.129490 0.039520
v -0.069128 0.114641 0.054653
v 0.745401 0.279833 0.068047
v 0.657065 0.336679 0.065759
v 0.722028 0.247970 0.049010
v 0.635035 0.305866 0.047243
v 0.649897 0.533871 0.009749
v 0.603292 0.552673 0.029463
v 0.640300 0.529989 0.010062
v 0.599520 0.537103 0.023185
v -0.261760 0.442778 0.041398
v -0.077425 0.478896 0.043746
v -0.272226 0.478323 0.056497
v -0.272226 0.478323 0.056497
v -0.077425 0.478896 0.043746
v -0.083935 0.516338 0.059577
v 0.518755 -0.721779 0.063726
v 0.548868 -0.696916 0.041964
v 0.589495 -0.710072 0.059851
v -0.610519 -0.244623 0.013738
v -0.612517 -0.174820 0.029204
v -0.622676 -0.243220 0.018160
v -0.113047 -0.124426 0.020815
v -0.106139 -0.196740 0.007491
v -0.098429 -0.125211 0.015541
v 0.782216 0.266994 0.069318
v 0.737218 0.106972 0.078984
v 0.760292 0.013399 0.034233
v 0.814795 0.091181 0.112223
v 0.850618 0.253444 0.098601
v 0.794755 0.005563 0.049061
v 0.918959 0.239880 0.069012
v 0.892302 0.075378 0.078637
v 0.817160 0.186250 0.027771
v 0.864958 0.208435 0.038444
v 0.865571 0.185483 0.027429
v 0.814631 0.209274 0.038854
v 0.814631 0.209274 0.038854
v 0.781064 0.183505 0.027884
v 0.775069 0.206461 0.038985
v -0.083545 -0.025389 0.027166
v -0.108893 -0.020117 0.036988
v -0.098429 -0.125211 0.015541
v -0.105921 -0.211581 0.000103
v -0.112777 -0.241702 0.000111
v -0.113036 -0.210590 0.007522
v -0.106139 -0.196740 0.007491
v 0.208016 0.316825 0.034338
v 0.259580 0.388174 0.047358
v 0.280076 0.362484 0.034348
v 0.184904 0.340507 0.047261
v -0.438765 0.145884 0.046377
v -0.487046 0.026163 0.030859
v -0.411355 0.129133 0.034134
v -0.466204 0.162629 0.033819
v -0.512788 0.039157 0.041794
v -0.538554 0.052143 0.030505
v -0.548236 -0.068021 0.027516
v -0.571984 -0.058721 0.037164
v 0.508206 0.416331 0.046241
v 0.587130 0.387668 0.064924
v 0.537302 0.436289 0.064711
v 0.561752 0.360913 0.046485
v 0.657065 0.336679 0.065759
v 0.635035 0.305866 0.047243
v -0.623433 -0.291573 0.007338
v -0.610519 -0.244623 0.013738
v -0.622676 -0.243220 0.018160
v 0.722028 0.247970 0.049010
v 0.815970 0.188137 0.051391
v 0.745401 0.279833 0.068047
v 0.843767 0.219349 0.071234
v 0.057703 0.501654 0.033901
v -0.013513 0.455478 0.034427
v -0.091353 0.404242 0.034894
v -0.037918 0.478362 0.047803
v -0.115935 0.426971 0.048036
v -0.062348 0.501240 0.035160
v -0.140541 0.449695 0.035120
v -0.013513 0.455478 0.034427
v 0.033347 0.524598 0.047557
v -0.037918 0.478362 0.047803
v 0.008962 0.547536 0.035248
v -0.062348 0.501240 0.035160
v -0.091353 0.404242 0.034894
v -0.178890 0.344570 0.035257
v -0.115935 0.426971 0.048036
v -0.203914 0.366917 0.048249
v -0.140541 0.449695 0.035120
v -0.203914 0.366917 0.048249
v -0.228966 0.389256 0.035165
v -0.228966 0.389256 0.035165
v -0.290911 0.301223 0.048435
v -0.316857 0.322624 0.035269
v -0.178890 0.344570 0.035257
v -0.264993 0.279820 0.035518
v -0.203914 0.366917 0.048249
v -0.290911 0.301223 0.048435
v -0.264993 0.279820 0.035518
v -0.339626 0.211759 0.035484
v -0.290911 0.301223 0.048435
v -0.366775 0.231349 0.048298
v -0.393952 0.250937 0.035187
v -0.593090 -0.179210 0.021611
v -0.612517 -0.174820 0.029204
v -0.610519 -0.244623 0.013738
v -0.624717 -0.301431 0.001224
v -0.623433 -0.291573 0.007338
v -0.630675 -0.300297 0.007423
v -0.633537 -0.320953 0.001240
v -1.482377 -0.476094 0.003071
v -1.454600 -0.445508 0.003017
v -1.461172 -0.442192 0.010540
v -1.444582 -0.429309 0.010415
v 0.135261 -2.971197 0.078889
v 0.171830 -2.999705 0.030149
v 0.189133 -2.964603 0.055368
v 0.142033 -3.003351 0.043158
v 0.128412 -2.939056 0.043202
v 0.098586 -2.942709 0.030322
v 0.081338 -2.977799 0.055603
v 0.098586 -2.942709 0.030322
v 0.041399 -2.603806 0.030520
v 0.028842 -2.604248 -0.000703
v 0.086205 -2.944227 -0.000901
v 0.098519 -2.942723 -0.032179
v 0.041332 -2.603819 -0.031981
v 0.022696 -2.284464 -0.000621
v 0.035185 -2.284044 -0.031900
v 0.073767 -1.966649 -0.031916
v 0.035252 -2.284032 0.030601
v 0.151091 -1.663584 -0.032022
v 0.061423 -1.963755 -0.000638
v 0.073834 -1.966636 0.030584
v 0.288641 -1.365226 -0.032261
v 0.138667 -1.660884 -0.000744
v 0.151158 -1.663572 0.030479
v 0.288708 -1.365214 0.030240
v 0.276604 -1.361079 -0.000983
v 0.439734 -1.065917 -0.032529
v 0.439801 -1.065904 0.029972
v 0.542185 -0.758102 -0.032688
v 0.426618 -1.065267 -0.001249
v 0.530110 -0.754168 -0.001411
v 0.542253 -0.758089 0.029812
v 0.493454 -0.713616 -0.001321
v 0.518615 -0.721806 -0.066484
v 0.518755 -0.721779 0.063726
v 0.600662 -0.777050 -0.032821
v 0.612806 -0.780970 -0.001598
v 0.500502 -1.068509 -0.032663
v 0.600729 -0.777037 0.029680
v 0.500569 -1.068495 0.029838
v 0.513059 -1.068990 -0.001440
v 0.343820 -1.385020 -0.032386
v 0.343887 -1.385007 0.030115
v 0.355271 -1.389121 -0.001162
v 0.211206 -1.676587 -0.032157
v 0.211273 -1.676573 0.030344
v 0.223729 -1.679277 -0.000935
v 0.133532 -1.980592 -0.032051
v 0.133599 -1.980578 0.030450
v 0.095717 -2.281970 0.030469
v 0.145941 -1.983474 -0.000828
v 0.095649 -2.281983 -0.032032
v 0.108205 -2.281551 -0.000809
v 0.114346 -2.601263 -0.000891
v 0.101858 -2.601692 0.030388
v 0.170523 -2.933909 -0.001085
v 0.101791 -2.601706 -0.032113
v 0.158141 -2.935426 -0.032309
v 0.158208 -2.935412 0.030192
v 0.600729 -0.777037 0.029680
v 0.571505 -0.767560 0.042690
v 0.500569 -1.068495 0.029838
v 0.470600 -1.067289 0.042849
v 0.343887 -1.385007 0.030115
v 0.316440 -1.375108 0.043122
v 0.211273 -1.676573 0.030344
v 0.181213 -1.670070 0.043356
v 0.133599 -1.980578 0.030450
v 0.103731 -1.973604 0.043462
v 0.095717 -2.281970 0.030469
v 0.101858 -2.601692 0.030388
v 0.098586 -2.942709 0.030322
v 0.071642 -2.602744 0.043398
v 0.041399 -2.603806 0.030520
v 0.128412 -2.939056 0.043202
v 0.158208 -2.935412 0.030192
v 0.035252 -2.284032 0.030601
v 0.073834 -1.966636 0.030584
v 0.065498 -2.282999 0.043480
v 0.151158 -1.663572 0.030479
v 0.288708 -1.365214 0.030240
v 0.439801 -1.065904 0.029972
v 0.542253 -0.758089 0.029812
v 0.098519 -2.942723 -0.032179
v 0.071547 -2.602763 -0.044992
v 0.128317 -2.939075 -0.045188
v 0.041332 -2.603819 -0.031981
v 0.035185 -2.284044 -0.031900
v 0.065403 -2.283018 -0.044910
v 0.073767 -1.966649 -0.031916
v 0.103636 -1.973623 -0.044928
v 0.151091 -1.663584 -0.032022
v 0.181118 -1.670088 -0.045034
v 0.288641 -1.365226 -0.032261
v 0.316345 -1.375126 -0.045268
v 0.439734 -1.065917 -0.032529
v 0.470505 -1.067308 -0.045541
v 0.542185 -0.758102 -0.032688
v 0.571410 -0.767578 -0.045699
vn -0.2623 0.5250 0.8097
vn -0.3122 0.8338 0.4553
vn -0.4598 0.6677 0.5854
vn -0.5705 0.4750 0.6700
vn -0.3411 0.2324 0.9108
vn -0.6447 0.2620 0.7181
vn -0.7028 -0.0042 0.7114
vn -0.3379 -0.0974 0.9361
vn -0.1302 0.7442 0.6551
vn -0.0619 0.2119 0.9753
vn -0.0142 0.3967 0.9178
vn -0.0849 -0.0051 0.9964
vn 0.1302 0.3340 0.9335
vn 0.0724 0.1620 0.9841
vn 0.0929 0.6544 0.7505
vn 0.3431 0.5807 0.7383
vn 0.3227 0.3511 0.8790
vn 0.6086 0.5918 0.5285
vn 0.6626 -0.3521 0.6610
vn 0.3772 -0.3296 0.8655
vn 0.5919 -0.4185 0.6889
vn 0.5498 -0.2159 0.8069
vn 0.4015 -0.2350 0.8852
vn 0.3511 -0.0561 0.9346
vn 0.3703 -0.1672 0.9137
vn 0.3255 -0.3645 0.8725
vn 0.2898 0.3785 0.8791
vn 0.0665 0.3661 0.9282
vn 0.1600 0.7314 0.6630
vn 0.4707 -0.2711 0.8396
vn 0.7745 0.2371 0.5864
vn 0.4099 -0.3322 0.8495
vn 0.8630 -0.1196 0.4909
vn 0.0365 -0.5197 0.8536
vn -0.3520 -0.4010 0.8458
vn 0.3013 -0.1884 0.9347
vn 0.7271 -0.3853 0.5682
vn 0.1975 -0.2987 0.9337
vn 0.5349 -0.3697 0.7598
vn 0.0166 -0.2127 0.9770
vn 0.5141 0.4662 0.7200
vn 0.2121 0.2385 0.9477
vn 0.6061 0.1071 0.7881
vn 0.2651 0.5284 0.8065
vn 0.0566 0.6080 0.7919
vn -0.3401 0.3631 0.8675
vn -0.4821 -0.0614 0.8740
vn -0.5428 -0.1478 0.8268
vn -0.8122 -0.1724 0.5573
vn 0.5950 -0.6190 0.5127
vn 0.8646 0.2141 0.4545
vn 0.0887 -0.4053 0.9099
vn -0.1169 -0.9361 0.3317
vn 0.3829 0.4430 0.8106
vn -0.3720 0.2816 0.8845
vn -0.5090 -0.4944 0.7046
vn -0.1483 0.6306 0.7618
vn -0.8888 -0.3796 0.2569
vn 0.5310 0.0625 0.8450
vn -0.3151 -0.2186 0.9235
vn 0.1803 -0.6542 0.7345
vn -0.4801 -0.6344 0.6058
vn 0.4317 0.7421 0.5127
vn -0.0890 0.3803 0.9206
vn -0.5284 0.7287 0.4357
vn -0.8671 0.2147 0.4494
vn -0.9093 -0.2122 0.3579
vn 0.5625 0.3900 0.7290
vn 0.5536 0.2258 0.8016
vn 0.7421 0.4114 0.5292
vn 0.2516 0.2060 0.9456
vn 0.1372 0.0623 0.9886
vn -0.0222 -0.0194 0.9996
vn -0.1724 -0.1966 0.9652
vn -0.1092 -0.2772 0.9546
vn 0.3106 -0.3590 0.8801
vn -0.0197 -0.2637 0.9644
vn -0.1194 -0.2819 0.9520
vn -0.3425 -0.3246 0.8817
vn -0.1522 -0.1867 0.9706
vn 0.2874 -0.4889 0.8236
vn -0.2139 -0.4763 0.8529
vn -0.2622 -0.3796 0.8872
vn -0.2415 -0.5794 0.7784
vn -0.1218 -0.3813 0.9164
vn -0.1627 -0.5412 0.8250
vn -0.2830 -0.6789 0.6775
vn -0.4807 -0.5852 0.6531
vn -0.7501 -0.4651 0.4702
vn -0.7361 -0.2354 0.6346
vn 0.6892 -0.2590 0.6767
vn -0.2032 -0.4459 0.8717
vn 0.4360 -0.6336 0.6391
vn -0.7349 0.2770 0.6190
vn -0.7892 -0.1724 0.5894
vn 0.1205 0.4173 0.9008
vn -0.3572 0.8273 0.4336
vn 0.7817 0.3985 0.4797
vn -0.4108 -0.4615 0.7863
vn -0.8443 0.3368 0.4169
vn -0.9148 -0.2168 0.3408
vn 0.2314 -0.6275 0.7434
vn -0.2781 0.0013 0.9606
vn 0.4981 -0.1212 0.8586
vn -0.5133 0.7573 0.4038
vn -0.0423 0.5328 0.8452
vn 0.5974 0.3939 0.6985
vn 0.0350 0.1763 0.9837
vn 0.4436 0.5848 0.6792
vn 0.2535 0.7405 0.6224
vn 0.2469 0.1049 0.9633
vn 0.8793 0.3917 0.2710
vn -0.1314 -0.2690 0.9541
vn -0.0835 -0.9964 0.0109
vn -0.2077 -0.4823 0.8510
vn -0.3522 -0.9359 -0.0064
vn 0.5281 -0.3021 0.7937
vn 0.0382 -0.3129 0.9490
vn 0.4320 -0.9009 0.0426
vn 0.1992 0.8004 0.5654
vn -0.3708 0.4834 0.7930
vn 0.2771 0.2769 0.9201
vn 0.6381 -0.6096 0.4704
vn 0.8539 0.1641 0.4938
vn 0.0426 -0.4158 0.9085
vn -0.3482 -0.8120 0.4684
vn -0.6065 -0.1694 0.7768
vn -0.8828 0.3698 0.2897
vn 0.0699 -0.7364 0.6729
vn 0.2955 -0.1766 0.9389
vn -0.3027 -0.7393 0.6015
vn -0.0644 0.0720 0.9953
vn 0.6305 -0.6241 0.4615
vn 0.3954 0.0867 0.9144
vn 0.1964 0.6444 0.7391
vn 0.5568 0.5583 0.6150
vn 0.2425 0.7338 0.6346
vn 0.4760 0.2652 0.8385
vn 0.5659 0.6083 0.5566
vn 0.0894 0.3387 0.9366
vn 0.2551 -0.3477 0.9022
vn -0.1326 -0.2490 0.9594
vn -0.3046 -0.7453 0.5930
vn 0.0314 -0.8577 0.5132
vn -0.0371 -0.0137 0.9992
vn 0.7367 0.3146 0.5986
vn 0.1604 0.6381 0.7531
vn -0.3245 0.6964 0.6401
vn 0.7192 -0.1578 0.6767
vn 0.4500 -0.6825 0.5760
vn -0.6510 0.2455 0.7183
vn -0.7262 -0.5155 0.4549
vn -0.3342 -0.6419 0.6901
vn -0.6978 -0.1266 0.7050
vn -0.4637 -0.7395 0.4880
vn -0.1128 -0.4028 0.9083
vn 0.0517 0.0188 0.9985
vn -0.3495 0.6114 0.7100
vn 0.4000 -0.7304 0.5536
vn 0.2921 0.6365 0.7138
vn 0.8302 0.0586 0.5544
vn -0.0388 0.8301 0.5563
vn -0.6624 0.5829 0.4705
vn -0.2057 0.3402 0.9176
vn 0.4302 0.8143 0.3896
vn -0.9320 -0.0450 0.3597
vn 0.5042 0.1358 0.8529
vn 0.2130 -0.6133 0.7606
vn -0.4771 -0.3368 0.8118
vn -0.0353 0.0139 0.9993
vn -0.0353 0.0138 0.9993
vn -0.0352 0.0139 0.9993
vn -0.0352 0.0140 0.9993
vn 0.6167 -0.1006 0.7808
vn 0.6688 0.4334 0.6041
vn 0.1428 0.5143 0.8457
vn -0.0527 0.0582 0.9969
vn -0.4393 0.7311 0.5220
vn 0.3884 -0.5802 0.7159
vn -0.8181 -0.0432 0.5735
vn -0.1981 -0.5948 0.7791
vn -0.3438 -0.8492 0.4009
vn 0.0659 -0.9571 0.2821
vn 0.4723 -0.6290 0.6174
vn -0.7932 -0.0619 0.6058
vn -0.1744 -0.3884 0.9049
vn 0.0166 0.1727 0.9848
vn -0.6326 0.5085 0.5842
vn 0.4723 -0.6291 0.6174
vn 0.7262 -0.1328 0.6745
vn 0.1537 0.5205 0.8399
vn -0.2534 0.8694 0.4242
vn 0.8052 0.2114 0.5541
vn 0.5485 0.7506 0.3685
vn -0.5975 0.1412 0.7893
vn -0.5516 0.3587 0.7530
vn -0.4418 0.3356 0.8320
vn -0.4052 0.2375 0.8829
vn -0.7159 -0.0370 0.6972
vn -0.7742 -0.3494 0.5277
vn -0.2937 0.2897 0.9109
vn -0.2753 0.2738 0.9215
vn 0.1102 -0.8864 0.4496
vn -0.2537 -0.8057 0.5353
vn 0.0235 -0.7903 0.6123
vn -0.8859 0.1844 0.4257
vn -0.3068 0.6469 0.6981
vn -0.6809 0.4712 0.5607
vn 0.0823 0.6485 0.7568
vn -0.1706 0.6904 0.7030
vn -0.3067 0.6469 0.6981
vn 0.0896 0.6464 0.7577
vn 0.3879 0.4575 0.8001
vn 0.3636 0.5253 0.7693
vn 0.9859 0.0780 0.1483
vn 0.5321 0.2083 0.8206
vn 0.2118 0.2584 0.9425
vn 0.9057 -0.0525 0.4207
vn 0.3640 0.2097 0.9075
vn -0.1505 0.3929 0.9072
vn 0.3498 0.5774 0.7378
vn 0.8810 0.2671 0.3906
vn 0.0254 0.9775 0.2092
vn 0.0507 0.9644 0.2594
vn -0.3150 0.6180 0.7203
vn -0.3240 0.7125 0.6224
vn 0.6107 0.0500 0.7903
vn -0.2237 -0.2693 0.9367
vn 0.2389 -0.6887 0.6846
vn -0.4137 -0.6695 0.6169
vn 0.4780 0.7381 0.4761
vn 0.0172 0.3483 0.9372
vn -0.4723 0.7195 0.5091
vn -0.8163 0.1959 0.5434
vn -0.8672 -0.2388 0.4370
vn 0.4471 0.5317 0.7193
vn -0.1636 0.4437 0.8811
vn 0.3659 -0.0339 0.9300
vn 0.9289 0.1719 0.3280
vn -0.3597 0.8348 0.4168
vn -0.7520 0.4141 0.5129
vn -0.4515 -0.4077 0.7937
vn -0.8390 0.2417 0.4875
vn 0.3133 -0.2207 0.9237
vn -0.8465 -0.4318 0.3116
vn 0.0418 -0.7676 0.6396
vn 0.3698 0.1335 0.9195
vn 0.8996 0.1465 0.4115
vn 0.4702 0.4091 0.7820
vn -0.2408 0.7166 0.6546
vn 0.3370 0.8717 0.3558
vn -0.5421 0.0455 0.8391
vn 0.0792 -0.5622 0.8232
vn 0.6675 -0.4928 0.5583
vn -0.5094 -0.7147 0.4794
vn -0.8340 0.2208 0.5056
vn -0.6095 -0.0232 0.7924
vn -0.8835 0.1377 0.4478
vn -0.6970 0.2442 0.6742
vn -0.5717 0.1119 0.8128
vn -0.5168 0.2044 0.8314
vn -0.4737 0.2166 0.8536
vn -0.6186 0.0836 0.7813
vn 0.5677 -0.5194 0.6387
vn -0.2280 -0.5402 0.8101
vn 0.1884 -0.8748 0.4464
vn 0.0827 0.2776 0.9571
vn 0.7436 0.1016 0.6609
vn -0.7739 0.1424 0.6171
vn -0.8370 -0.2409 0.4912
vn -0.3575 0.8103 0.4643
vn -0.1650 -0.3389 0.9262
vn 0.7472 0.1441 0.6488
vn 0.1268 0.4331 0.8924
vn -0.5110 0.6177 0.5977
vn 0.5027 -0.5952 0.6269
vn -0.8130 -0.0999 0.5736
vn 0.5028 -0.5952 0.6269
vn -0.3369 -0.8518 0.4012
vn 0.0755 -0.9540 0.2903
vn -0.8131 -0.0999 0.5735
vn -0.7053 -0.6601 0.2586
vn 0.2085 0.0918 0.9737
vn 0.9041 -0.0251 0.4265
vn 0.3712 0.5464 0.7508
vn -0.1956 0.7400 0.6435
vn 0.8494 -0.2263 0.4767
vn 0.0097 -0.4112 0.9115
vn -0.4602 0.3518 0.8151
vn -0.5995 -0.3819 0.7034
vn 0.4114 -0.7976 0.4411
vn -0.6721 -0.1723 0.7201
vn -0.4209 -0.8042 0.4197
vn -0.0506 -0.4619 0.8855
vn 0.4548 -0.7376 0.4990
vn 0.1513 0.0096 0.9884
vn -0.5299 0.3033 0.7920
vn 0.8811 0.0648 0.4684
vn 0.3535 0.6079 0.7110
vn -0.2199 0.7247 0.6531
vn 0.5295 -0.0859 0.8440
vn 0.4457 -0.3266 0.8335
vn 0.8033 0.1395 0.5790
vn 0.8391 -0.2316 0.4922
vn 0.1161 -0.6198 0.7761
vn 0.4575 -0.5615 0.6895
vn 0.4967 -0.5658 0.6581
vn 0.3693 -0.6424 0.6715
vn 0.1012 -0.6557 0.7482
vn -0.6178 -0.1485 0.7722
vn -0.4144 -0.7517 0.5130
vn -0.0138 -0.4299 0.9028
vn -0.9065 0.3135 0.2827
vn -0.2814 0.5767 0.7669
vn 0.1566 -0.0207 0.9874
vn 0.4583 -0.7463 0.4826
vn 0.3623 0.6076 0.7068
vn 0.8818 0.0380 0.4700
vn 0.9287 -0.1354 0.3452
vn 0.5468 0.2999 0.7817
vn 0.3265 -0.3833 0.8640
vn -0.3148 -0.5091 0.8011
vn 0.1456 -0.9211 0.3612
vn -0.1786 0.2189 0.9593
vn -0.8984 -0.0038 0.4391
vn -0.0165 0.5156 0.8567
vn -0.6090 0.7043 0.3648
vn 0.0601 0.9243 0.3770
vn 0.4786 -0.7785 0.4061
vn 0.1802 -0.4130 0.8927
vn -0.1392 -0.7721 0.6201
vn 0.8836 -0.0543 0.4650
vn 0.4164 0.1967 0.8876
vn -0.2750 0.4755 0.8356
vn -0.6111 -0.3303 0.7193
vn 0.4590 0.5383 0.7068
vn 0.2502 0.9070 0.3388
vn 0.1107 0.8376 0.5349
vn 0.4689 0.7526 0.4623
vn 0.6100 0.4367 0.6612
vn -0.8987 -0.2662 0.3486
vn -0.4700 -0.5740 0.6705
vn -0.3249 -0.2756 0.9047
vn 0.2071 -0.7294 0.6520
vn -0.8640 0.1952 0.4640
vn 0.4503 -0.3379 0.8265
vn -0.0605 0.3876 0.9199
vn 0.6423 0.2035 0.7390
vn -0.5040 0.7459 0.4355
vn 0.4271 0.7882 0.4430
vn 0.1058 -0.6239 0.7743
vn -0.3706 0.1778 0.9116
vn -0.4988 -0.2561 0.8280
vn -0.9263 -0.0206 0.3762
vn 0.5313 0.1888 0.8259
vn -0.5919 0.7006 0.3985
vn -0.0331 0.7372 0.6748
vn -0.0829 0.3321 0.9396
vn 0.1014 0.3259 0.9399
vn -0.2093 0.3327 0.9195
vn -0.3565 0.8562 -0.3740
vn -0.0400 0.8985 -0.4372
vn -0.2816 0.8143 -0.5075
vn -0.4445 0.8677 -0.2225
vn -0.2264 0.9494 -0.2178
vn -0.2777 0.9604 -0.0231
vn -0.0744 0.9972 -0.0094
vn -0.2343 0.9561 0.1759
vn -0.4532 0.8773 0.1583
vn -0.3818 0.8680 0.3175
vn -0.0698 0.9102 0.4082
vn -0.3121 0.8339 0.4552
vn 0.1147 0.9907 -0.0733
vn 0.2850 0.9585 -0.0033
vn 0.2849 0.9389 -0.1931
vn 0.4327 0.8920 -0.1309
vn -0.0679 0.9824 -0.1743
vn 0.0768 0.9543 -0.2888
vn 0.4845 0.8242 -0.2933
vn 0.2771 0.8791 -0.3878
vn 0.2093 0.8128 -0.5437
vn -0.0830 0.7257 -0.6830
vn 0.4051 0.7466 -0.5278
vn 0.1389 0.6356 -0.7594
vn 0.3949 0.5604 -0.7280
vn 0.5896 0.7132 -0.3792
vn 0.6450 0.5775 -0.5005
vn 0.7013 0.6884 -0.1853
vn -0.1302 0.7443 0.6550
vn 0.1713 0.8278 0.5343
vn 0.0929 0.6545 0.7503
vn 0.3431 0.5808 0.7382
vn 0.3676 0.7613 0.5341
vn 0.5620 0.7240 0.3999
vn 0.6087 0.5918 0.5285
vn 0.2508 0.8922 0.3757
vn 0.4558 0.8343 0.3102
vn 0.0638 0.9595 0.2743
vn 0.3048 0.9322 0.1950
vn 0.1491 0.9816 0.1193
vn -0.0689 0.9885 0.1344
vn 0.4227 0.8949 0.1432
vn 0.6077 0.7714 0.1890
vn 0.3987 0.9171 -0.0056
vn 0.5231 0.8494 0.0701
vn 0.7753 0.5793 0.2519
vn 0.7998 0.4613 0.3841
vn 0.8650 0.4283 0.2613
vn 0.7923 0.6098 0.0195
vn 0.6886 0.6946 0.2082
vn 0.6608 0.7505 0.0129
vn 0.5966 0.7904 -0.1394
vn -0.2696 0.3174 -0.9092
vn -0.5791 0.5149 -0.6320
vn 0.1108 0.6015 -0.7912
vn 0.1600 0.7314 0.6629
vn 0.7746 0.2371 0.5864
vn 0.2898 0.3785 0.8790
vn 0.7298 0.5900 0.3454
vn 0.9497 0.1786 -0.2571
vn 0.4907 0.5107 -0.7059
vn 0.5531 0.8199 -0.1478
vn -0.0181 0.9327 -0.3602
vn 0.6038 0.7450 0.2837
vn 0.0380 0.9706 0.2378
vn 0.8646 0.2141 0.4546
vn 0.3829 0.4433 0.8105
vn -0.1482 0.6307 0.7617
vn -0.0247 0.5067 -0.8618
vn -0.6155 0.7690 0.1726
vn -0.5561 0.6601 -0.5050
vn 0.3920 0.3041 -0.8683
vn 0.7152 0.6857 -0.1351
vn 0.9100 0.0255 -0.4139
vn 0.7517 0.6040 0.2648
vn 0.5311 0.0624 0.8450
vn 0.4173 0.9083 0.0303
vn 0.3562 0.8401 -0.4090
vn -0.3790 0.8894 -0.2557
vn -0.2345 0.5753 -0.7836
vn 0.1398 0.9659 0.2181
vn -0.0889 0.3803 0.9206
vn -0.5283 0.7287 0.4358
vn 0.5627 0.3901 0.7289
vn 0.7421 0.4114 0.5291
vn 0.1505 0.2981 -0.9426
vn -0.4413 0.6498 -0.6189
vn 0.3409 0.8664 -0.3649
vn 0.8024 0.1817 -0.5685
vn -0.0741 0.9807 -0.1810
vn -0.7504 0.6601 -0.0357
vn 0.3318 0.9086 0.2535
vn 0.1206 0.4173 0.9007
vn 0.7141 0.6840 -0.1490
vn 0.7818 0.3984 0.4797
vn 0.9994 0.0013 0.0353
vn 0.4303 0.5223 -0.7362
vn 0.2127 0.9490 -0.2328
vn 0.8213 0.5403 -0.1831
vn 0.5380 0.8321 0.1347
vn 0.9160 0.2002 0.3477
vn -0.1643 0.7297 -0.6637
vn -0.5028 0.8189 -0.2768
vn -0.0018 0.9949 0.1005
vn -0.5133 0.7573 0.4037
vn -0.0423 0.5329 0.8451
vn 0.3992 0.8340 0.3809
vn 0.5974 0.3941 0.6984
vn 0.8792 0.3917 0.2712
vn 0.5349 0.8425 -0.0637
vn 0.4436 0.5848 0.6791
vn 0.3540 0.9275 -0.1197
vn 0.5446 0.8382 0.0288
vn 0.3524 0.9359 -0.0006
vn 0.3456 0.9308 0.1187
vn 0.8942 0.4433 0.0623
vn 0.5422 0.8372 0.0711
vn 0.2966 0.7201 -0.6273
vn 0.8653 0.4917 0.0970
vn 0.4892 0.5888 -0.6434
vn 0.8119 0.1531 -0.5634
vn -0.1621 0.9863 0.0311
vn 0.1993 0.8005 0.5653
vn 0.2771 0.2770 0.9200
vn 0.5051 0.8477 0.1622
vn 0.6660 0.7119 -0.2230
vn 0.9678 0.1370 -0.2111
vn 0.0988 0.6811 -0.7255
vn 0.6004 0.2257 -0.7672
vn -0.6889 0.6545 0.3114
vn -0.5816 0.6772 -0.4506
vn 0.2996 0.9237 0.2387
vn 0.1964 0.6444 0.7390
vn 0.6151 0.7688 0.1751
vn 0.3530 0.9354 -0.0216
vn 0.6250 0.7558 -0.1951
vn 0.9326 0.3384 0.1253
vn 0.3469 0.8893 -0.2980
vn 0.9381 0.2857 -0.1960
vn 0.6066 0.5957 -0.5266
vn 0.2885 0.7193 -0.6320
vn 0.2498 0.6274 -0.7376
vn 0.6319 0.7600 -0.1519
vn 0.5994 0.5415 -0.5895
vn 0.3166 0.9170 -0.2425
vn 0.3515 0.9360 0.0204
vn 0.6104 0.7616 0.2177
vn 0.3326 0.8950 0.2972
vn 0.9395 0.3357 -0.0686
vn 0.9222 0.2919 0.2537
vn 0.5660 0.6083 0.5564
vn 0.0344 0.9968 0.0723
vn -0.2617 0.8641 -0.4299
vn -0.6105 0.7747 0.1646
vn 0.3148 0.7776 -0.5443
vn 0.8544 0.5195 -0.0136
vn 0.7312 0.4798 -0.4850
vn 0.4288 0.8776 0.2143
vn 0.1604 0.6381 0.7530
vn -0.3245 0.6965 0.6400
vn -0.5729 0.8110 0.1189
vn 0.1454 0.9533 -0.2647
vn -0.5169 0.6167 -0.5938
vn 0.1377 0.4017 -0.9054
vn 0.0421 0.9784 0.2024
vn -0.3494 0.6115 0.7099
vn 0.5164 0.7163 -0.4693
vn 0.4698 0.8827 -0.0098
vn 0.8302 0.0585 0.5543
vn 0.6513 0.7396 0.1698
vn 0.9434 0.2563 -0.2104
vn 0.6714 0.0179 -0.7409
vn -0.0507 0.9927 -0.1090
vn 0.4303 0.8144 0.3895
vn 0.4921 0.7970 -0.3501
vn -0.1635 0.6854 -0.7096
vn 0.5206 0.4301 -0.7375
vn 0.7731 0.6228 0.1202
vn 0.9251 0.1203 -0.3601
vn 0.5042 0.1358 0.8528
vn 0.9532 0.0268 0.3012
vn -0.2299 0.7401 -0.6320
vn -0.6168 0.7785 -0.1162
vn -0.0146 0.9934 -0.1138
vn -0.4392 0.7311 0.5221
vn 0.3441 0.7228 -0.5993
vn 0.2426 0.9371 0.2508
vn 0.8463 0.5141 0.1397
vn 0.8015 0.3653 -0.4734
vn 0.6689 0.4334 0.6040
vn 0.1428 0.5144 0.8456
vn -0.6936 0.7174 -0.0649
vn -0.2533 0.8695 0.4241
vn 0.0766 0.9970 -0.0111
vn 0.5485 0.7506 0.3684
vn 0.0993 0.9025 -0.4191
vn 0.7131 0.6650 -0.2221
vn 0.1988 0.3867 -0.9005
vn 0.9969 0.0737 0.0264
vn 0.7877 0.1261 -0.6031
vn 0.1536 0.5206 0.8399
vn 0.8810 0.2670 0.3905
vn 0.3499 0.5774 0.7377
vn 0.5387 0.8327 0.1278
vn -0.0592 0.9414 0.3320
vn 0.6146 0.6655 -0.4236
vn -0.0593 0.9746 -0.2160
vn -0.1102 0.9739 0.1986
vn 0.1806 0.9733 -0.1414
vn 0.3424 0.8720 -0.3498
vn 0.3663 0.9303 -0.0211
vn 0.0256 0.9775 0.2093
vn -0.3646 0.9101 0.1968
vn 0.0254 0.9775 0.2093
vn -0.0313 0.9959 0.0849
vn -0.3647 0.9101 0.1967
vn -0.4078 0.9016 0.1439
vn 0.3725 0.9280 -0.0068
vn -0.0312 0.9959 0.0849
vn 0.7151 0.5974 -0.3628
vn 0.7158 0.6865 -0.1280
vn 0.6471 0.4916 -0.5827
vn 0.6106 0.5539 -0.5660
vn 0.8520 0.4881 -0.1895
vn 0.8444 0.5033 -0.1835
vn 0.3076 0.3449 -0.8868
vn 0.6750 0.7190 -0.1658
vn 0.8677 0.0519 -0.4944
vn 0.9249 0.2672 0.2705
vn 0.6106 0.0500 0.7903
vn 0.4362 0.8990 0.0381
vn 0.3097 0.8617 -0.4020
vn -0.4023 0.8972 -0.1823
vn -0.3134 0.6136 -0.7248
vn 0.1740 0.9581 0.2276
vn 0.0174 0.3484 0.9372
vn -0.4723 0.7195 0.5092
vn 0.6674 0.7233 0.1775
vn 0.4471 0.5318 0.7192
vn 0.8938 0.2093 -0.3965
vn 0.2302 0.9298 0.2873
vn -0.1636 0.4438 0.8811
vn 0.6122 0.7558 -0.2322
vn -0.3597 0.8348 0.4169
vn -0.0158 0.9968 -0.0786
vn 0.4460 0.4174 -0.7917
vn 0.0472 0.8268 -0.5604
vn -0.6041 0.7559 -0.2522
vn 0.5635 0.0857 -0.8216
vn 0.2748 0.7494 -0.6024
vn 0.8913 0.3879 -0.2347
vn 0.6921 0.7125 0.1151
vn 0.1068 0.9497 -0.2943
vn 0.4702 0.4092 0.7819
vn 0.8996 0.1465 0.4113
vn 0.3370 0.8717 0.3557
vn -0.4134 0.9104 0.0172
vn 0.1818 0.3856 -0.9046
vn -0.4816 0.6055 -0.6336
vn 0.3358 0.8744 -0.3502
vn 0.8134 0.4115 -0.4112
vn 0.7036 0.6852 0.1882
vn 0.9990 0.0095 0.0428
vn 0.3220 0.8739 0.3642
vn 0.0825 0.2776 0.9571
vn -0.3576 0.8102 0.4644
vn -0.0740 0.9807 -0.1810
vn -0.7456 0.6662 -0.0126
vn 0.3457 0.9384 -0.0009
vn 0.1269 0.4331 0.8924
vn -0.1306 0.9667 0.2202
vn -0.5109 0.6177 0.5979
vn 0.1287 0.9240 -0.3602
vn -0.7008 0.7128 -0.0270
vn 0.3281 0.9017 0.2817
vn 0.7024 0.6679 0.2460
vn 0.6625 0.6912 -0.2887
vn 0.2223 0.4768 -0.8504
vn -0.4542 0.6926 -0.5603
vn 0.9972 0.0552 0.0497
vn 0.7473 0.1441 0.6487
vn 0.3712 0.5464 0.7507
vn 0.8073 0.5515 0.2101
vn 0.3635 0.9070 0.2126
vn 0.5913 0.7606 -0.2680
vn 0.9438 0.1737 -0.2811
vn -0.1955 0.7401 0.6435
vn 0.3009 0.9123 -0.2779
vn 0.6101 0.2573 -0.7494
vn 0.0620 0.9829 0.1734
vn 0.0489 0.4799 -0.8760
vn -0.2995 0.8913 -0.3404
vn -0.5217 0.8285 0.2036
vn 0.6478 0.7486 0.1410
vn 0.8812 0.0648 0.4684
vn 0.9405 0.2526 -0.2272
vn 0.6706 0.1451 -0.7275
vn 0.6068 0.7279 -0.3194
vn 0.4571 0.8894 -0.0099
vn 0.3534 0.6078 0.7111
vn 0.3804 0.8196 -0.4284
vn 0.0842 0.9786 0.1877
vn -0.2198 0.7247 0.6530
vn 0.1572 0.9673 -0.1991
vn 0.0862 0.4224 -0.9023
vn -0.4693 0.7303 -0.4964
vn -0.5674 0.8097 0.1495
vn 0.6182 0.3663 -0.6955
vn 0.8007 0.4301 -0.4170
vn 0.7918 0.5727 -0.2125
vn 0.8817 0.4218 -0.2115
vn 0.9105 0.4127 0.0264
vn 0.0286 0.4256 -0.9045
vn -0.4809 0.7269 -0.4903
vn 0.1331 0.9626 -0.2359
vn -0.5800 0.7890 0.2027
vn 0.4753 0.7273 -0.4951
vn 0.0676 0.9670 0.2458
vn -0.2815 0.5768 0.7668
vn 0.4762 0.8790 -0.0235
vn 0.9195 0.2593 -0.2954
vn 0.5894 0.0395 -0.8069
vn 0.6779 0.7225 0.1355
vn 0.8818 0.0379 0.4700
vn 0.9017 0.1273 -0.4131
vn 0.4787 0.7404 -0.4718
vn 0.7652 0.5927 0.2516
vn 0.1435 0.9473 -0.2865
vn -0.2849 0.4683 -0.8364
vn -0.4413 0.8492 -0.2899
vn 0.0601 0.9243 0.3769
vn 0.5469 0.2999 0.7816
vn 0.5429 0.8002 -0.2548
vn 0.9677 0.2327 -0.0974
vn 0.5883 0.1663 -0.7914
vn -0.0809 0.4925 -0.8666
vn 0.6496 0.6766 0.3468
vn 0.8837 -0.0543 0.4649
vn 0.2769 0.9118 0.3034
vn 0.4165 0.1967 0.8876
vn 0.1307 0.9271 -0.3512
vn -0.2751 0.4754 0.8356
vn -0.3722 0.9191 0.1291
vn -0.5632 0.7071 -0.4276
vn 0.0411 0.9713 -0.2341
vn -0.3490 0.9039 -0.2471
vn -0.2697 0.7029 -0.6581
vn -0.0243 0.9931 -0.1146
vn -0.3958 0.8969 -0.1972
vn 0.0412 0.9714 -0.2339
vn 0.3720 0.9282 0.0073
vn -0.0241 0.9931 -0.1146
vn 0.1016 0.9623 -0.2524
vn -0.2546 0.6088 -0.7514
vn -0.0768 0.9776 -0.1962
vn 0.3649 0.9308 0.0210
vn 0.6929 0.6034 0.3946
vn -0.1745 0.9810 -0.0846
vn -0.0113 0.9325 -0.3609
vn 0.2241 0.8565 -0.4650
vn 0.5796 0.5556 -0.5961
vn 0.6715 0.3567 -0.6495
vn 0.2502 0.9070 0.3387
vn 0.1106 0.8377 0.5348
vn 0.6101 0.4367 0.6611
vn 0.7056 0.6905 0.1591
vn 0.8354 0.4933 0.2423
vn 0.8331 0.5041 0.2277
vn -0.0604 0.3875 0.9199
vn 0.1576 0.9703 0.1837
vn -0.5039 0.7459 0.4356
vn -0.3943 0.8943 -0.2116
vn 0.4271 0.7883 0.4430
vn 0.4302 0.9022 0.0309
vn 0.9136 0.2764 0.2983
vn 0.3754 0.8564 -0.3544
vn -0.1966 0.7335 -0.6506
vn 0.3881 0.3873 -0.8363
vn 0.6790 0.7252 -0.1142
vn 0.9079 0.0711 -0.4132
vn -0.1974 0.5009 -0.8427
vn -0.5456 0.8004 -0.2485
vn 0.2843 0.9055 -0.3150
vn 0.5207 0.2547 -0.8149
vn -0.0037 0.9991 0.0429
vn 0.5279 0.8142 0.2416
vn 0.5312 0.1888 0.8259
vn 0.6841 0.6601 -0.3101
vn 0.9600 0.2251 0.1663
vn -0.6809 0.5074 -0.5282
vn -0.4193 0.6422 -0.6417
vn -0.5174 0.4378 -0.7352
vn -0.5329 0.7127 -0.4561
vn -0.7771 0.2829 -0.5622
vn -0.2818 0.8142 -0.5076
vn -0.7812 0.5443 -0.3058
vn -0.3565 0.8561 -0.3741
vn -0.6122 0.1453 -0.7772
vn -0.6214 0.7361 -0.2684
vn -0.9149 0.2329 -0.3296
vn -0.6867 0.7257 -0.0420
vn -0.4446 0.8677 -0.2226
vn -0.4781 0.8778 -0.0291
vn -0.2778 0.9604 -0.0232
vn -0.4533 0.8772 0.1583
vn -0.6333 0.7489 0.1953
vn -0.3819 0.8680 0.3175
vn -0.7982 0.5608 0.2197
vn -0.5630 0.7246 0.3974
vn -0.7234 0.5243 0.4492
vn -0.8970 0.4396 -0.0456
vn -0.9353 0.2498 0.2507
vn -0.4600 0.6678 0.5852
vn -0.5706 0.4750 0.6699
vn -0.8471 0.2258 0.4810
vn -0.6448 0.2620 0.7181
vn -0.7030 -0.0042 0.7112
vn -0.8922 -0.1063 0.4390
vn 0.1090 -0.5124 -0.8518
vn -0.7711 -0.1887 -0.6081
vn -0.2878 -0.4158 -0.8627
vn -0.4775 -0.1746 -0.8611
vn -0.7711 -0.1886 -0.6081
vn -0.7847 -0.1183 -0.6084
vn -0.7975 0.0111 -0.6033
vn -0.4109 -0.0810 -0.9081
vn -0.5792 0.5149 -0.6320
vn 0.0364 -0.5197 0.8536
vn -0.3519 -0.4009 0.8459
vn -0.8123 -0.1725 0.5572
vn -0.6218 0.5317 0.5751
vn -0.3401 0.3632 0.8674
vn -0.4821 -0.0613 0.8740
vn -0.8447 0.0405 0.5337
vn -0.8233 -0.1131 0.5562
vn -0.8123 -0.1724 0.5572
vn -0.6156 0.7689 0.1726
vn -0.5560 0.6602 -0.5050
vn -0.7994 0.2166 -0.5605
vn -0.9008 0.3486 0.2591
vn -0.1483 0.6307 0.7617
vn -0.8236 -0.4353 -0.3636
vn -0.3721 0.2816 0.8844
vn -0.5282 0.7287 0.4358
vn -0.2346 0.5753 -0.7836
vn -0.8727 0.3283 -0.3614
vn -0.9094 -0.2122 0.3578
vn -0.5531 -0.1729 -0.8150
vn -0.9200 -0.0844 -0.3828
vn -0.7682 -0.6315 -0.1052
vn -0.7362 -0.2354 0.6345
vn -0.8727 -0.3429 0.3475
vn -0.7502 -0.4650 0.4701
vn -0.8619 -0.4284 0.2712
vn -0.9297 -0.3065 0.2041
vn -0.9191 -0.3604 0.1591
vn -0.9419 -0.3340 -0.0361
vn -0.9656 -0.0943 0.2424
vn -0.9769 -0.2103 -0.0391
vn -0.9958 0.0796 -0.0444
vn -0.9462 -0.1020 -0.3072
vn -0.9095 -0.3121 -0.2745
vn -0.9039 -0.3713 -0.2123
vn -0.8490 -0.3542 -0.3921
vn -0.8532 -0.2277 -0.4693
vn -0.7177 -0.3690 -0.5906
vn -0.8407 0.0096 -0.5414
vn -0.7112 -0.3153 -0.6283
vn -0.6722 -0.1463 -0.7258
vn -0.9947 -0.0999 -0.0261
vn -0.6912 -0.6962 0.1939
vn -0.7821 -0.2977 -0.5475
vn -0.6162 -0.7342 -0.2850
vn -0.7349 0.2771 0.6190
vn -0.7316 0.0973 -0.6747
vn -0.7504 0.6600 -0.0357
vn -0.3573 0.8273 0.4336
vn -0.8207 0.4486 -0.3540
vn -0.1643 0.7296 -0.6639
vn -0.4042 0.3308 -0.8527
vn -0.5538 -0.3920 -0.7346
vn -0.9337 -0.0971 -0.3446
vn -0.9148 -0.2167 0.3408
vn -0.8442 0.3368 0.4169
vn -0.5029 0.8188 -0.2768
vn -0.5132 0.7574 0.4037
vn -0.6066 -0.1693 0.7767
vn -0.8828 0.3698 0.2896
vn -0.8874 -0.4054 0.2196
vn -0.8551 -0.0037 -0.5185
vn -0.3709 0.4834 0.7929
vn -0.6890 0.6545 0.3113
vn -0.1622 0.9863 0.0311
vn -0.6107 0.7746 0.1646
vn -0.2618 0.8641 -0.4299
vn -0.5692 0.5558 -0.6059
vn -0.6510 0.2456 0.7182
vn -0.9391 0.3258 0.1093
vn -0.7404 -0.0203 -0.6719
vn -0.9473 -0.3146 0.0605
vn -0.8353 -0.2330 -0.4979
vn -0.7543 -0.6564 -0.0103
vn -0.9742 -0.0811 0.2108
vn -0.9363 0.3061 0.1723
vn -0.6979 -0.1266 0.7050
vn -0.5167 0.6167 -0.5938
vn -0.5729 0.8109 0.1189
vn -0.3494 0.6114 0.7100
vn -0.0508 0.9927 -0.1090
vn -0.6625 0.5830 0.4703
vn -0.0388 0.8301 0.5562
vn -0.6631 0.7405 -0.1095
vn -0.1636 0.6854 -0.7096
vn -0.8599 0.4630 -0.2151
vn -0.4772 -0.3368 0.8117
vn -0.6408 -0.7223 0.2602
vn -0.9291 -0.2818 -0.2396
vn -0.4752 -0.0004 -0.8799
vn -0.5385 0.3334 -0.7739
vn -0.6169 0.7784 -0.1162
vn -0.2300 0.7400 -0.6320
vn -0.9028 0.3955 -0.1690
vn -0.8181 -0.0431 0.5735
vn -0.6676 -0.1909 -0.7197
vn -0.9809 -0.0781 -0.1783
vn -0.6223 -0.7409 0.2525
vn -0.7143 -0.6516 -0.2552
vn 0.0991 0.9025 -0.4192
vn -0.5028 0.5952 -0.6269
vn -0.6937 0.7173 -0.0649
vn -0.7750 -0.1247 -0.6195
vn -0.9987 0.0363 -0.0358
vn -0.6860 -0.6677 -0.2891
vn -0.6327 0.5085 0.5841
vn -0.2534 0.8694 0.4241
vn -0.7489 -0.6424 0.1627
vn -0.7932 -0.0618 0.6058
vn -0.7787 0.0415 0.6261
vn -0.7160 -0.0371 0.6971
vn -0.8462 -0.2868 0.4492
vn -0.7743 -0.3495 0.5276
vn -0.8475 -0.4323 0.3080
vn -0.8336 -0.4236 0.3545
vn -0.9012 -0.4307 0.0481
vn -0.9012 -0.4307 0.0479
vn -0.8792 -0.4158 -0.2328
vn -0.8952 -0.4432 -0.0477
vn -0.7500 -0.4636 -0.4718
vn -0.8209 -0.4462 -0.3564
vn -0.8791 -0.4158 -0.2329
vn -0.8862 -0.4527 -0.0986
vn -0.9680 -0.2499 -0.0231
vn -0.7803 -0.6034 -0.1645
vn -0.9939 -0.1106 0.0046
vn -0.9282 0.1175 0.3529
vn -0.8861 0.2594 0.3842
vn -0.6809 0.4712 0.5606
vn -0.5512 0.6493 0.5241
vn -0.1708 0.6904 0.7030
vn 0.0255 0.9775 0.2093
vn -0.8163 0.1960 0.5433
vn -0.4022 0.8972 -0.1823
vn -0.9052 0.3407 -0.2539
vn -0.6383 -0.1495 -0.7552
vn -0.8672 -0.2388 0.4369
vn -0.9532 -0.0799 -0.2917
vn -0.7702 -0.6361 -0.0472
vn -0.7520 0.4141 0.5128
vn -0.6043 0.7558 -0.2523
vn -0.2385 0.4156 -0.8777
vn -0.8799 0.3404 -0.3314
vn -0.8390 0.2417 0.4874
vn -0.8465 -0.4317 0.3117
vn -0.8662 -0.3922 -0.3097
vn -0.3124 0.2306 -0.9215
vn -0.6101 0.5725 -0.5478
vn -0.4135 0.9104 0.0171
vn -0.8260 0.5513 0.1173
vn -0.2409 0.7166 0.6546
vn -0.8891 -0.0618 -0.4534
vn -0.9748 0.0451 0.2183
vn -0.7829 -0.6214 0.0315
vn -0.8891 -0.0618 -0.4535
vn -0.1991 0.3182 -0.9269
vn -0.4462 -0.3662 -0.8166
vn -0.8835 0.1377 0.4477
vn -0.9625 0.2697 -0.0300
vn -0.8341 0.2209 0.5054
vn -0.9825 0.1838 -0.0295
vn -0.8956 0.2341 -0.3782
vn -0.8479 0.1327 -0.5133
vn -0.9087 0.4163 -0.0301
vn -0.8804 0.3410 0.3296
vn -0.8618 0.4645 0.2039
vn -0.6972 0.2442 0.6740
vn -0.8515 0.3390 -0.4001
vn -0.8449 0.4577 -0.2770
vn -0.6597 0.2386 -0.7127
vn -0.9929 -0.1112 -0.0412
vn -0.7491 -0.1784 -0.6379
vn -0.6683 -0.7080 -0.2282
vn -0.4815 0.6055 -0.6337
vn -0.7740 0.1425 0.6169
vn -0.8370 -0.2409 0.4913
vn -0.7457 0.6662 -0.0126
vn -0.3575 0.8103 0.4644
vn -0.1307 0.9667 0.2202
vn -0.7009 0.7128 -0.0270
vn -0.5110 0.6178 0.5977
vn -0.6261 0.3938 -0.6730
vn -0.4541 0.6926 -0.5604
vn -0.8131 -0.0998 0.5735
vn -0.9986 0.0447 -0.0282
vn -0.7054 -0.6600 0.2585
vn -0.7590 -0.1569 -0.6318
vn -0.7428 -0.6395 -0.1981
vn -0.5218 0.8284 0.2035
vn -0.2995 0.8913 -0.3405
vn -0.7138 0.4920 -0.4984
vn -0.8420 0.4654 0.2730
vn -0.9020 -0.1542 -0.4033
vn -0.4603 0.3518 0.8151
vn -0.9502 -0.0987 0.2955
vn -0.5994 -0.3821 0.7033
vn -0.8756 -0.2658 -0.4034
vn -0.8995 -0.4005 0.1745
vn -0.9682 0.1322 0.2122
vn -0.6723 -0.1723 0.7200
vn -0.5300 0.3033 0.7919
vn -0.8268 0.1898 -0.5295
vn -0.5675 0.8097 0.1495
vn -0.4693 0.7303 -0.4965
vn -0.9130 0.3532 0.2040
vn -0.8850 -0.2118 -0.4146
vn -0.7616 -0.6468 0.0399
vn -0.9467 -0.0826 0.3113
vn -0.9065 0.3135 0.2826
vn -0.6179 -0.1485 0.7721
vn -0.8331 0.2013 -0.5152
vn -0.4809 0.7269 -0.4904
vn -0.2815 0.5768 0.7669
vn -0.6308 -0.7123 -0.3077
vn -0.9513 -0.0722 -0.2998
vn -0.5194 -0.2410 -0.8199
vn -0.8106 0.4543 -0.3695
vn -0.8984 -0.0038 0.4392
vn -0.4415 0.8491 -0.2899
vn -0.8967 -0.0510 -0.4397
vn -0.4348 -0.2708 -0.8588
vn -0.6098 -0.7036 -0.3649
vn -0.8967 -0.0509 -0.4397
vn -0.0809 0.4926 -0.8665
vn -0.9222 0.3287 0.2039
vn -0.3722 0.9191 0.1292
vn -0.9898 -0.0661 0.1261
vn -0.7439 -0.6461 0.1705
vn -0.0242 0.9931 -0.1145
vn -0.3491 0.9039 -0.2471
vn 0.0411 0.9714 -0.2340
vn -0.1174 0.6787 -0.7249
vn -0.2222 0.5610 -0.7974
vn -0.5166 0.6444 -0.5639
vn -0.6417 0.4642 -0.6105
vn -0.8387 0.2503 -0.4837
vn -0.5855 0.2105 -0.7829
vn -0.8741 0.1059 -0.4741
vn -0.9240 -0.0657 -0.3766
vn -0.5543 0.1051 -0.8257
vn -0.9650 -0.2569 -0.0530
vn -0.6836 -0.0404 -0.7287
vn -0.8838 -0.3568 -0.3025
vn -0.7949 -0.5951 0.1179
vn -0.6788 0.1429 -0.7203
vn -0.4811 0.2841 -0.8293
vn -0.6430 -0.2109 -0.7362
vn -0.9474 -0.1172 -0.2979
vn -0.8987 -0.2662 0.3484
vn -0.7590 -0.6488 -0.0539
vn -0.8929 0.3547 -0.2775
vn -0.8641 0.1952 0.4640
vn -0.3942 0.8943 -0.2116
vn -0.1966 0.7335 -0.6507
vn -0.9707 -0.1078 -0.2149
vn -0.5747 -0.3325 -0.7478
vn -0.7810 -0.6129 -0.1200
vn -0.9263 -0.0207 0.3762
vn -0.6468 -0.6824 0.3405
vn -0.4988 -0.2562 0.8280
vn -0.9263 -0.0206 0.3761
vn -0.9136 0.2973 -0.2772
vn -0.1973 0.5009 -0.8427
vn -0.5920 0.7006 0.3984
vn -0.5456 0.8003 -0.2485
vn -0.0038 0.9991 0.0429
vn -0.4192 0.6422 -0.6418
vn -0.1996 0.4912 -0.8479
vn -0.5173 0.4378 -0.7354
vn -0.2817 0.8142 -0.5077
vn -0.0830 0.7256 -0.6831
vn 0.0584 0.3686 -0.9277
vn 0.1388 0.6355 -0.7596
vn 0.0191 0.1714 -0.9850
vn 0.1959 0.3081 -0.9310
vn 0.3949 0.5603 -0.7281
vn 0.3842 0.3268 -0.8635
vn 0.6450 0.5774 -0.5006
vn 0.6051 -0.2377 -0.7598
vn 0.6997 -0.3854 -0.6015
vn 0.4535 -0.2654 -0.8508
vn 0.4222 -0.0843 -0.9026
vn 0.4685 -0.3553 -0.8089
vn 0.6790 -0.4618 -0.5706
vn 0.3627 -0.3244 -0.8736
vn 0.4619 -0.2214 -0.8589
vn 0.4114 -0.3710 -0.8325
vn 0.7160 0.0371 -0.6972
vn 0.3386 0.0509 -0.9396
vn 0.4509 -0.3581 -0.8176
vn 0.6435 -0.2427 -0.7260
vn 0.1092 -0.5125 -0.8517
vn 0.5034 -0.3679 -0.7818
vn 0.2605 -0.3342 -0.9058
vn 0.3478 -0.2163 -0.9123
vn 0.1118 -0.2594 -0.9593
vn 0.0820 -0.2475 -0.9654
vn -0.7711 -0.1886 -0.6082
vn 0.1103 -0.2394 -0.9646
vn 0.2295 0.0071 -0.9733
vn 0.2732 0.2429 -0.9308
vn 0.1108 0.6015 -0.7911
vn 0.4819 0.4553 -0.7487
vn 0.3318 0.5117 -0.7925
vn 0.4624 -0.0429 -0.8856
vn 0.4908 0.5106 -0.7060
vn -0.5560 0.6601 -0.5051
vn -0.2258 0.1314 -0.9653
vn 0.3825 -0.2577 -0.8873
vn -0.7993 0.2166 -0.5605
vn -0.4028 -0.4763 -0.7816
vn 0.0721 -0.7799 -0.6217
vn -0.8237 -0.4353 -0.3634
vn 0.0560 -0.4417 -0.8954
vn -0.3704 -0.7871 -0.4932
vn 0.9100 0.0255 -0.4138
vn 0.5077 -0.7386 -0.4435
vn 0.3562 0.8400 -0.4092
vn -0.8727 0.3283 -0.3615
vn -0.2867 -0.3461 -0.8933
vn -0.7175 -0.3690 -0.5907
vn -0.7112 -0.3153 -0.6284
vn -0.3168 -0.4479 -0.8361
vn -0.6720 -0.1463 -0.7259
vn 0.0576 -0.3322 -0.9414
vn -0.2605 -0.1645 -0.9514
vn -0.6121 0.1453 -0.7773
vn 0.0650 -0.3346 -0.9401
vn -0.0205 -0.2921 -0.9562
vn -0.0323 -0.2135 -0.9764
vn -0.1441 -0.4970 -0.8557
vn -0.1176 -0.1914 -0.9744
vn 0.0064 -0.1352 -0.9908
vn -0.0114 -0.0246 -0.9996
vn -0.2733 0.1683 -0.9471
vn 0.6601 -0.4266 -0.6183
vn 0.4602 -0.7395 -0.4913
vn -0.1817 -0.5487 -0.8160
vn -0.7316 0.0974 -0.6747
vn -0.7821 -0.2976 -0.5475
vn -0.4412 0.6498 -0.6189
vn 0.8024 0.1816 -0.5685
vn 0.9319 -0.0361 -0.3608
vn 0.2768 0.0650 -0.9587
vn -0.1641 0.7297 -0.6638
vn 0.8807 -0.2386 -0.4091
vn -0.4042 0.3308 -0.8528
vn 0.0735 -0.4364 -0.8967
vn 0.4435 -0.8004 -0.4032
vn -0.5539 -0.3919 -0.7346
vn 0.4891 0.5888 -0.6435
vn 0.0981 0.1317 -0.9864
vn 0.2809 0.0539 -0.9582
vn -0.0595 -0.3057 -0.9503
vn 0.5267 -0.4324 -0.7319
vn 0.1366 -0.3236 -0.9363
vn -0.0833 -0.9965 0.0108
vn -0.1440 -0.4970 -0.8557
vn -0.3520 -0.9360 -0.0064
vn 0.6004 0.2256 -0.7672
vn -0.1071 0.2000 -0.9739
vn 0.3984 -0.4033 -0.8238
vn 0.9251 -0.2466 -0.2886
vn 0.5540 -0.7788 -0.2942
vn -0.1005 -0.9420 -0.3202
vn -0.2684 -0.4941 -0.8269
vn -0.8551 -0.0036 -0.5185
vn 0.5341 0.2423 -0.8100
vn 0.6065 0.5956 -0.5266
vn 0.1591 0.3222 -0.9332
vn 0.3160 -0.3823 -0.8683
vn -0.0679 -0.2832 -0.9567
vn -0.2809 -0.7848 -0.5525
vn 0.0665 -0.8716 -0.4856
vn 0.3608 -0.2023 -0.9104
vn 0.1164 -0.7547 -0.6457
vn -0.2627 -0.7619 -0.5920
vn 0.0060 0.0442 -0.9990
vn 0.6608 -0.6361 -0.3984
vn 0.4589 0.0617 -0.8863
vn 0.2497 0.6273 -0.7377
vn 0.1540 0.3776 -0.9131
vn -0.5691 0.5558 -0.6060
vn 0.7311 0.4798 -0.4850
vn 0.7073 -0.0147 -0.7068
vn 0.0786 0.1020 -0.9917
vn -0.7404 -0.0202 -0.6719
vn -0.5502 -0.7523 -0.3623
vn -0.0942 -0.4976 -0.8622
vn 0.2834 -0.7343 -0.6168
vn -0.1341 -0.1668 -0.9768
vn 0.2904 -0.6861 -0.6671
vn -0.2704 -0.5199 -0.8103
vn -0.8352 -0.2331 -0.4980
vn -0.5168 0.6168 -0.5938
vn 0.1376 0.4017 -0.9054
vn 0.5164 0.7162 -0.4695
vn 0.5206 0.4300 -0.7376
vn 0.2551 -0.2377 -0.9373
vn -0.1636 0.6853 -0.7097
vn 0.7413 -0.4931 -0.4554
vn 0.0835 -0.8528 -0.5156
vn -0.4544 -0.7367 -0.5008
vn -0.4752 -0.0003 -0.8799
vn -0.2300 0.7400 -0.6321
vn -0.5383 0.3334 -0.7740
vn 0.7792 -0.1070 -0.6176
vn 0.5384 -0.6458 -0.5413
vn -0.1979 -0.5681 -0.7988
vn -0.6675 -0.1909 -0.7198
vn -0.5027 0.5952 -0.6269
vn -0.0979 -0.3811 -0.9193
vn 0.7877 0.1261 -0.6030
vn 0.5410 -0.6009 -0.5885
vn -0.3070 -0.8593 -0.4090
vn -0.6860 -0.6676 -0.2892
vn 0.1741 -0.9096 -0.3773
vn 0.1241 -0.8665 -0.4836
vn -0.1649 -0.8139 -0.5571
vn 0.6146 0.6655 -0.4235
vn -0.6381 -0.1495 -0.7553
vn -0.0454 -0.4184 -0.9071
vn -0.4210 -0.7744 -0.4723
vn 0.8677 0.0519 -0.4943
vn 0.4426 -0.7234 -0.5298
vn 0.3077 0.3448 -0.8868
vn 0.3096 0.8617 -0.4020
vn 0.0472 0.8268 -0.5606
vn 0.4460 0.4173 -0.7918
vn -0.2384 0.4156 -0.8778
vn -0.6042 0.7558 -0.2523
vn 0.3520 -0.0016 -0.9360
vn -0.8799 0.3404 -0.3315
vn -0.4401 -0.5113 -0.7382
vn -0.8663 -0.3921 -0.3095
vn -0.3124 0.2305 -0.9216
vn -0.0132 -0.7166 -0.6973
vn 0.3730 -0.8216 -0.4312
vn 0.8390 -0.2230 -0.4963
vn 0.5635 0.0858 -0.8216
vn 0.2747 0.7494 -0.6025
vn 0.2975 -0.6375 -0.7107
vn 0.1067 0.9497 -0.2943
vn -0.6100 0.5725 -0.5479
vn -0.4462 -0.3661 -0.8166
vn -0.1549 -0.4403 -0.8844
vn 0.5090 -0.6511 -0.5630
vn -0.0933 -0.9271 -0.3631
vn 0.7410 -0.2606 -0.6189
vn -0.7491 -0.1784 -0.6380
vn -0.4814 0.6055 -0.6337
vn 0.8133 0.4116 -0.4112
vn 0.1287 0.9239 -0.3602
vn 0.2223 0.4768 -0.8505
vn -0.4542 0.6926 -0.5604
vn -0.6260 0.3938 -0.6731
vn 0.8194 0.2376 -0.5216
vn 0.7760 -0.1341 -0.6163
vn -0.7590 -0.1569 -0.6319
vn -0.0801 -0.3148 -0.9458
vn 0.5101 -0.6347 -0.5805
vn 0.4953 -0.2807 -0.8221
vn -0.7137 0.4921 -0.4984
vn -0.2994 0.8913 -0.3404
vn -0.2097 -0.0257 -0.9774
vn -0.9020 -0.1542 -0.4032
vn -0.3396 -0.5075 -0.7919
vn 0.2204 -0.6785 -0.7008
vn 0.2407 -0.7323 -0.6370
vn -0.4226 -0.6970 -0.5793
vn -0.2804 -0.3301 -0.9013
vn -0.8755 -0.2659 -0.4035
vn 0.5152 -0.3636 -0.7761
vn -0.2054 -0.1301 -0.9700
vn -0.8268 0.1897 -0.5296
vn 0.1322 0.1095 -0.9852
vn 0.6181 0.3663 -0.6955
vn 0.3084 0.1284 -0.9426
vn 0.6124 0.2053 -0.7634
vn 0.1449 -0.0173 -0.9893
vn 0.5733 -0.0757 -0.8159
vn 0.8590 0.0927 -0.5035
vn 0.8007 0.4300 -0.4171
vn 0.7670 -0.4941 -0.4094
vn 0.4076 -0.3785 -0.8311
vn -0.1058 -0.2051 -0.9730
vn 0.3708 -0.4659 -0.8034
vn -0.1440 -0.3476 -0.9265
vn 0.1723 -0.6136 -0.7706
vn 0.8566 -0.2667 -0.4417
vn 0.6366 -0.4827 -0.6015
vn 0.8074 -0.1828 -0.5610
vn 0.9198 -0.0228 -0.3916
vn 0.9336 0.0989 -0.3445
vn 0.2652 -0.7503 -0.6055
vn 0.7507 -0.4605 -0.4737
vn 0.5791 -0.7207 -0.3811
vn 0.5665 -0.5661 -0.5989
vn 0.2651 -0.7504 -0.6055
vn 0.3409 -0.6749 -0.6545
vn 0.8493 -0.2362 -0.4720
vn -0.0497 -0.8092 -0.5854
vn -0.0758 -0.7616 -0.6436
vn -0.2944 -0.7600 -0.5794
vn -0.2578 -0.7871 -0.5604
vn -0.1559 -0.5261 -0.8360
vn -0.2527 -0.8636 -0.4363
vn -0.2242 -0.7291 -0.6467
vn 0.2222 -0.6487 -0.7278
vn 0.8472 -0.4497 -0.2830
vn -0.2239 -0.1131 -0.9680
vn -0.3468 -0.4813 -0.8051
vn -0.8849 -0.2120 -0.4147
vn -0.8331 0.2013 -0.5153
vn 0.0286 0.4254 -0.9045
vn 0.4754 0.7273 -0.4951
vn 0.2937 0.2536 -0.9217
vn 0.1435 0.9472 -0.2866
vn 0.6876 -0.6206 -0.3769
vn -0.2848 0.4683 -0.8364
vn 0.0486 -0.4365 -0.8984
vn -0.0270 -0.9374 -0.3472
vn -0.5193 -0.2410 -0.8199
vn -0.8106 0.4542 -0.3697
vn 0.5883 0.1663 -0.7913
vn 0.1550 -0.6167 -0.7718
vn -0.4348 -0.2707 -0.8589
vn -0.0809 0.4925 -0.8665
vn -0.2547 0.6086 -0.7515
vn 0.0413 0.9714 -0.2339
vn -0.2698 0.7029 -0.6582
vn 0.1017 0.9623 -0.2523
vn 0.5797 0.5556 -0.5960
vn 0.7345 0.0942 -0.6720
vn 0.6714 0.3566 -0.6496
vn 0.7364 0.0752 -0.6723
vn 0.5760 0.1990 -0.7928
vn 0.6819 0.2043 -0.7023
vn 0.3450 0.4042 -0.8471
vn 0.4174 0.5042 -0.7561
vn 0.1507 0.6230 -0.7676
vn 0.0490 0.4800 -0.8759
vn 0.0748 0.2530 -0.9646
vn 0.0822 0.2954 -0.9518
vn -0.1363 0.2574 -0.9566
vn -0.1419 0.3339 -0.9319
vn -0.2222 0.5609 -0.7975
vn -0.5854 0.2106 -0.7829
vn -0.6416 0.4642 -0.6106
vn -0.5541 0.1052 -0.8257
vn -0.5705 0.0643 -0.8188
vn -0.5017 0.3382 -0.7962
vn -0.6835 -0.0404 -0.7288
vn -0.8838 -0.3569 -0.3026
vn -0.7308 -0.3751 -0.5703
vn -0.5657 0.0618 -0.8223
vn -0.4122 0.1924 -0.8906
vn -0.5465 -0.0376 -0.8366
vn -0.5092 0.0880 -0.8561
vn -0.4542 0.1705 -0.8744
vn -0.6595 0.2385 -0.7128
vn -0.8478 0.1327 -0.5134
vn 0.4731 -0.7611 -0.4437
vn -0.0758 -0.6322 -0.7711
vn 0.1587 -0.1833 -0.9702
vn -0.6430 -0.2109 -0.7363
vn -0.4056 -0.8120 -0.4198
vn -0.4810 0.2841 -0.8294
vn 0.3879 0.3872 -0.8364
vn 0.2878 -0.3247 -0.9010
vn 0.5026 -0.7799 -0.3731
vn 0.1103 -0.6445 -0.7566
vn -0.3717 -0.8439 -0.3868
vn -0.1974 0.5010 -0.8426
vn 0.9197 -0.0772 -0.3849
vn 0.0721 -0.7798 -0.6218
vn -0.3961 -0.9060 -0.1493
vn -0.4029 -0.4764 -0.7815
vn 0.4323 -0.8849 -0.1733
vn 0.5950 -0.6189 0.5128
vn -0.5088 -0.4943 0.7048
vn -0.8888 -0.3795 0.2571
vn 0.1803 -0.6543 0.7344
vn -0.4801 -0.6346 0.6057
vn -0.3123 -0.9317 0.1855
vn -0.7681 -0.6316 -0.1053
vn 0.0032 -0.9996 -0.0287
vn 0.5076 -0.7387 -0.4435
vn -0.5531 -0.1730 -0.8150
vn 0.5732 -0.7610 0.3037
vn 0.0559 -0.4417 -0.8954
vn -0.4956 -0.7193 0.4868
vn -0.2831 -0.6789 0.6774
vn -0.1627 -0.5413 0.8249
vn -0.4808 -0.5853 0.6530
vn -0.7380 -0.5840 0.3380
vn -0.7501 -0.4651 0.4701
vn -0.3494 -0.8999 0.2612
vn 0.0617 -0.9709 0.2313
vn -0.1264 -0.9439 -0.3050
vn 0.6677 -0.7437 0.0339
vn -0.1818 -0.5488 -0.8159
vn -0.2032 -0.4460 0.8717
vn -0.6911 -0.6963 0.1938
vn -0.7820 -0.2978 -0.5475
vn -0.7893 -0.1724 0.5894
vn -0.9946 -0.1000 -0.0261
vn 0.4436 -0.8003 -0.4034
vn -0.2369 -0.8964 -0.3747
vn 0.0086 -0.9957 0.0927
vn 0.6654 -0.6899 0.2852
vn -0.3286 -0.9414 -0.0755
vn -0.1098 -0.9393 0.3250
vn -0.6194 -0.7637 -0.1818
vn -0.9337 -0.0971 -0.3445
vn -0.6497 -0.7514 0.1154
vn -0.3940 -0.8724 0.2892
vn 0.0426 -0.4159 0.9084
vn 0.0694 -0.9752 0.2104
vn -0.1006 -0.9420 -0.3202
vn -0.3481 -0.8121 0.4682
vn -0.5846 -0.7779 -0.2304
vn -0.3669 -0.9293 0.0420
vn -0.0371 -0.9872 0.1552
vn -0.3583 -0.9075 0.2192
vn -0.0415 -0.9970 -0.0656
vn -0.2810 -0.7847 -0.5524
vn 0.4730 -0.8731 0.1180
vn 0.5572 -0.8087 -0.1886
vn -0.3486 -0.9341 -0.0763
vn -0.3444 -0.9165 -0.2036
vn -0.0200 -0.9905 -0.1364
vn -0.2628 -0.7619 -0.5919
vn -0.3540 -0.9284 0.1129
vn 0.1164 -0.7547 -0.6456
vn -0.0468 -0.9954 0.0833
vn 0.4792 -0.8756 -0.0601
vn 0.5417 -0.8026 0.2497
vn 0.0312 -0.8578 0.5131
vn -0.3047 -0.7454 0.5929
vn -0.0554 -0.9887 0.1392
vn 0.4499 -0.6824 0.5761
vn -0.7262 -0.5155 0.4550
vn -0.3256 -0.9381 -0.1179
vn -0.5502 -0.7524 -0.3622
vn -0.0943 -0.4977 -0.8622
vn 0.2834 -0.7343 -0.6169
vn 0.5464 -0.8124 -0.2036
vn -0.0333 -0.9889 -0.1446
vn 0.2903 -0.6861 -0.6671
vn 0.5887 -0.8025 -0.0968
vn -0.4160 -0.8187 -0.3958
vn -0.2430 -0.9501 0.1954
vn -0.2704 -0.5200 -0.8102
vn -0.7543 -0.6565 -0.0103
vn -0.8352 -0.2331 -0.4981
vn -0.1314 -0.9572 0.2578
vn 0.7323 -0.6607 0.1651
vn 0.2130 -0.6134 0.7605
vn -0.4772 -0.3367 0.8117
vn 0.2162 -0.9746 -0.0583
vn -0.6407 -0.7224 0.2601
vn -0.3572 -0.9233 -0.1410
vn 0.0833 -0.8528 -0.5156
vn -0.9320 -0.0450 0.3596
vn -0.4545 -0.7367 -0.5007
vn -0.4753 -0.0002 -0.8798
vn 0.1416 -0.9595 0.2437
vn 0.3885 -0.5803 0.7158
vn -0.6222 -0.7410 0.2524
vn -0.8180 -0.0431 0.5735
vn -0.9809 -0.0782 -0.1783
vn -0.6676 -0.1910 -0.7196
vn -0.3318 -0.9433 -0.0127
vn -0.0048 -0.9678 -0.2515
vn 0.6933 -0.7017 0.1645
vn 0.5384 -0.6458 -0.5414
vn -0.0979 -0.3812 -0.9193
vn 0.5411 -0.6009 -0.5884
vn -0.7488 -0.6425 0.1627
vn -0.3524 -0.9359 0.0006
vn 0.1327 -0.9777 -0.1625
vn 0.0658 -0.9571 0.2821
vn 0.7716 -0.6325 0.0669
vn -0.3437 -0.8492 0.4009
vn -0.7932 -0.0619 0.6057
vn -0.1744 -0.3884 0.9048
vn 0.4723 -0.6290 0.6175
vn -0.7880 -0.5447 0.2869
vn -0.8462 -0.2869 0.4492
vn -0.7642 -0.4925 0.4164
vn -0.7516 -0.4982 0.4323
vn -0.8335 -0.4237 0.3547
vn -0.8474 -0.4323 0.3081
vn -0.8952 -0.4432 -0.0475
vn -0.9012 -0.4308 0.0481
vn -0.8209 -0.4463 -0.3562
vn -0.8791 -0.4158 -0.2328
vn -0.7198 -0.5107 -0.4702
vn -0.8209 -0.4463 -0.3563
vn -0.7303 -0.5155 -0.4482
vn -0.7308 -0.3752 -0.5702
vn -0.6974 -0.7167 -0.0004
vn -0.8838 -0.3569 -0.3025
vn -0.7948 -0.5952 0.1179
vn -0.3862 -0.7875 0.4803
vn -0.2695 -0.7813 0.5630
vn 0.0233 -0.7904 0.6121
vn 0.1102 -0.8864 0.4495
vn 0.0234 -0.7904 0.6121
vn 0.1606 -0.9504 0.2664
vn 0.2153 -0.9622 0.1666
vn 0.2000 -0.9776 -0.0662
vn 0.2056 -0.9776 -0.0441
vn 0.1741 -0.9097 -0.3771
vn 0.1241 -0.8666 -0.4834
vn 0.1240 -0.8665 -0.4835
vn -0.2361 -0.8106 -0.5359
vn -0.2266 -0.8077 -0.5443
vn -0.3997 -0.7990 -0.4492
vn -0.6115 -0.7626 -0.2110
vn -0.7802 -0.6035 -0.1644
vn -0.8861 -0.4528 -0.0986
vn 0.2389 -0.6887 0.6845
vn -0.4137 -0.6696 0.6168
vn -0.2988 -0.9374 0.1791
vn -0.7701 -0.6361 -0.0473
vn -0.0117 -0.9978 -0.0645
vn -0.4209 -0.7744 -0.4723
vn 0.5798 -0.7885 0.2051
vn -0.6382 -0.1495 -0.7552
vn 0.4426 -0.7234 -0.5299
vn -0.0454 -0.4185 -0.9071
vn -0.9531 -0.0801 -0.2918
vn -0.8672 -0.2389 0.4369
vn -0.8465 -0.4317 0.3116
vn -0.3933 -0.9065 0.1536
vn 0.0419 -0.7675 0.6397
vn -0.8662 -0.3921 -0.3097
vn -0.4402 -0.5110 -0.7383
vn -0.0130 -0.7166 -0.6974
vn 0.3731 -0.8214 -0.4313
vn 0.4287 -0.8860 0.1768
vn -0.5420 0.0455 0.8391
vn -0.5094 -0.7147 0.4793
vn -0.7828 -0.6215 0.0315
vn -0.8891 -0.0619 -0.4534
vn -0.5208 -0.7814 -0.3437
vn -0.4462 -0.3662 -0.8165
vn -0.3198 -0.9333 0.1634
vn 0.0792 -0.5623 0.8232
vn -0.1138 -0.9641 -0.2397
vn 0.2974 -0.6375 -0.7107
vn 0.7103 -0.6975 -0.0950
vn 0.1959 -0.9582 0.2084
vn 0.6675 -0.4929 0.5581
vn 0.6600 -0.7513 0.0032
vn -0.0903 -0.9959 0.0106
vn -0.5583 -0.7682 0.3132
vn -0.0933 -0.9271 -0.3629
vn -0.6682 -0.7081 -0.2281
vn 0.5091 -0.6512 -0.5628
vn -0.9929 -0.1113 -0.0411
vn -0.2280 -0.5403 0.8100
vn -0.8370 -0.2410 0.4913
vn -0.3370 -0.8518 0.4012
vn -0.1651 -0.3389 0.9262
vn -0.3370 -0.8519 0.4010
vn -0.7053 -0.6601 0.2585
vn -0.3528 -0.9356 0.0145
vn 0.0755 -0.9540 0.2901
vn -0.7428 -0.6395 -0.1982
vn -0.9986 0.0446 -0.0282
vn 0.1494 -0.9754 -0.1619
vn 0.7795 -0.6249 0.0440
vn -0.3046 -0.8544 -0.4209
vn -0.7591 -0.1569 -0.6318
vn 0.5102 -0.6347 -0.5804
vn -0.0802 -0.3148 -0.9458
vn -0.2572 -0.8903 0.3757
vn 0.0098 -0.4112 0.9115
vn -0.5994 -0.3818 0.7035
vn -0.6367 -0.7547 0.1582
vn -0.3339 -0.9393 0.0789
vn -0.6409 -0.7518 -0.1550
vn -0.0121 -0.9795 -0.2010
vn 0.6605 -0.7230 -0.2026
vn -0.3745 -0.8822 -0.2854
vn 0.2203 -0.6785 -0.7008
vn -0.3396 -0.5076 -0.7918
vn -0.0597 -0.9906 -0.1233
vn 0.2406 -0.7324 -0.6370
vn 0.5728 -0.8110 -0.1189
vn -0.1033 -0.9676 0.2305
vn -0.4226 -0.6971 -0.5792
vn -0.5849 -0.8071 -0.0803
vn -0.8755 -0.2659 -0.4034
vn -0.4209 -0.8043 0.4195
vn -0.8995 -0.4006 0.1744
vn -0.0506 -0.4620 0.8855
vn 0.4548 -0.7377 0.4990
vn -0.6722 -0.1723 0.7200
vn -0.0499 -0.8092 -0.5854
vn -0.0760 -0.7616 -0.6436
vn 0.3408 -0.6750 -0.6543
vn -0.4814 -0.8190 -0.3122
vn -0.2946 -0.7600 -0.5793
vn -0.3793 -0.9184 -0.1130
vn -0.2578 -0.7872 -0.5603
vn -0.2527 -0.8636 -0.4362
vn -0.4955 -0.8686 0.0087
vn -0.5241 -0.8498 -0.0559
vn -0.4541 -0.8480 -0.2733
vn -0.2243 -0.7291 -0.6466
vn -0.5186 -0.7175 -0.4650
vn -0.3183 -0.9479 -0.0121
vn -0.3590 -0.9333 0.0003
vn -0.4818 -0.8759 -0.0260
vn -0.6682 -0.7000 -0.2520
vn -0.6797 -0.6273 -0.3800
vn -0.7294 -0.6506 -0.2114
vn -0.6272 -0.7752 -0.0752
vn -0.6859 -0.7198 -0.1073
vn -0.6430 -0.7656 -0.0192
vn -0.6566 -0.7533 0.0373
vn -0.4378 -0.8991 -0.0029
vn -0.6211 -0.7824 0.0459
vn -0.7093 -0.6945 0.1208
vn -0.6331 -0.7691 0.0881
vn -0.4385 -0.8984 0.0252
vn -0.4328 -0.8978 0.0815
vn -0.3062 -0.9377 0.1639
vn -0.2995 -0.9399 0.1641
vn -0.2808 -0.8930 0.3516
vn -0.3932 -0.9039 0.1686
vn -0.3873 -0.9182 0.0836
vn -0.4858 -0.8308 0.2716
vn -0.3550 -0.8093 0.4680
vn -0.3536 -0.8868 0.2977
vn -0.2347 -0.9459 0.2241
vn -0.3405 -0.9381 0.0641
vn -0.2022 -0.9744 0.0983
vn -0.2637 -0.9646 -0.0030
vn -0.3556 -0.9320 -0.0696
vn -0.2543 -0.9653 -0.0588
vn -0.2733 -0.9475 -0.1661
vn -0.0456 -0.9825 -0.1804
vn 0.2221 -0.6488 -0.7278
vn 0.5814 -0.7915 -0.1884
vn -0.4622 -0.7955 -0.3917
vn -0.2224 -0.9565 0.1890
vn -0.3469 -0.4814 -0.8049
vn -0.0138 -0.4300 0.9027
vn -0.4145 -0.7517 0.5130
vn -0.7615 -0.6469 0.0398
vn -0.9467 -0.0828 0.3113
vn -0.0271 -0.9374 -0.3471
vn 0.0486 -0.4366 -0.8983
vn 0.7015 -0.6335 0.3265
vn 0.1456 -0.9211 0.3610
vn -0.2796 -0.9567 0.0807
vn -0.3148 -0.5092 0.8010
vn -0.6308 -0.7124 -0.3076
vn -0.6177 -0.7516 0.2314
vn -0.9512 -0.0723 -0.2999
vn 0.4785 -0.7786 0.4060
vn -0.1392 -0.7722 0.6200
vn -0.2234 -0.9657 0.1327
vn -0.7438 -0.6463 0.1705
vn -0.0721 -0.9764 -0.2036
vn -0.6097 -0.7037 -0.3648
vn 0.5862 -0.7916 -0.1724
vn 0.1549 -0.6167 -0.7718
vn -0.4348 -0.2708 -0.8589
vn -0.6112 -0.3303 0.7193
vn -0.0757 -0.6322 -0.7711
vn -0.4056 -0.8120 -0.4196
vn -0.7590 -0.6489 -0.0539
vn -0.4362 -0.8990 -0.0381
vn -0.9474 -0.1173 -0.2979
vn -0.0294 -0.9993 -0.0225
vn -0.3906 -0.8585 0.3323
vn -0.8987 -0.2663 0.3484
vn -0.4700 -0.5741 0.6704
vn 0.2069 -0.7295 0.6519
vn 0.5454 -0.8110 0.2115
vn 0.0181 -0.9997 0.0146
vn 0.5025 -0.7799 -0.3731
vn 0.5529 -0.7875 0.2722
vn -0.3717 -0.8440 -0.3867
vn -0.3313 -0.9174 0.2202
vn 0.1103 -0.6446 -0.7565
vn -0.7809 -0.6130 -0.1199
vn -0.5747 -0.3326 -0.7477
vn -0.6467 -0.6825 0.3404
vn -0.4989 -0.2561 0.8280
vn 0.8001 -0.3109 -0.5130
vn 0.6998 -0.3854 -0.6014
vn 0.6052 -0.2377 -0.7598
vn 0.8584 -0.4438 -0.2573
vn 0.8961 -0.3656 -0.2518
vn 0.6791 -0.4619 -0.5705
vn 0.8352 -0.5371 -0.1179
vn 0.4619 -0.2215 -0.8589
vn 0.6435 -0.2427 -0.7259
vn 0.4510 -0.3581 -0.8175
vn 0.5035 -0.3680 -0.7817
vn 0.6435 -0.2428 -0.7259
vn 0.9405 -0.3355 0.0533
vn 0.9609 -0.2221 -0.1652
vn 0.8877 -0.4552 0.0688
vn 0.8184 -0.4655 0.3371
vn 0.8668 -0.3727 0.3312
vn 0.9467 -0.2164 0.2387
vn 0.6627 -0.3521 0.6609
vn 0.5921 -0.4185 0.6887
vn 0.7645 -0.3155 0.5621
vn 0.7746 0.2371 0.5863
vn 0.9967 0.0809 -0.0040
vn 0.8630 -0.1196 0.4908
vn 0.9844 -0.1756 0.0062
vn 0.7272 -0.3854 0.5681
vn 0.4100 -0.3322 0.8494
vn 0.8749 -0.0702 0.4792
vn 0.5348 -0.3698 0.7597
vn 0.6062 0.1072 0.7881
vn 0.5142 0.4662 0.7199
vn 0.9117 -0.3247 -0.2519
vn 0.9498 0.1785 -0.2571
vn 0.8646 0.2140 0.4546
vn 0.4625 -0.0430 -0.8856
vn 0.3826 -0.2577 -0.8873
vn 0.0720 -0.7799 -0.6218
vn 0.4323 -0.8849 -0.1732
vn 0.5949 -0.6190 0.5128
vn 0.5733 -0.7610 0.3038
vn 0.5076 -0.7386 -0.4437
vn 0.9359 -0.0372 0.3504
vn 0.7154 0.6856 -0.1350
vn 0.7518 0.6039 0.2648
vn 0.0619 -0.9709 0.2313
vn 0.4361 -0.6336 0.6391
vn 0.4603 -0.7395 -0.4912
vn 0.6892 -0.2591 0.6766
vn 0.7142 0.6839 -0.1489
vn 0.9160 0.2001 0.3477
vn 0.4435 -0.8004 -0.4034
vn 0.4982 -0.1213 0.8585
vn 0.2314 -0.6276 0.7434
vn 0.5975 0.3939 0.6985
vn 0.8793 0.3916 0.2712
vn 0.9321 -0.3602 0.0380
vn 0.8943 0.4432 0.0623
vn 0.8654 0.4917 0.0970
vn 0.8119 0.1531 -0.5633
vn 0.5268 -0.4324 -0.7318
vn 0.5282 -0.3021 0.7935
vn 0.6005 0.2256 -0.7672
vn 0.6661 0.7118 -0.2231
vn 0.9678 0.1369 -0.2112
vn 0.9252 -0.2466 -0.2885
vn 0.8539 0.1641 0.4939
vn 0.5541 -0.7788 -0.2942
vn 0.3985 -0.4033 -0.8237
vn 0.0696 -0.9752 0.2103
vn 0.4731 -0.8731 0.1180
vn 0.9376 -0.3437 0.0533
vn 0.6306 -0.6240 0.4615
vn 0.8776 0.0569 0.4760
vn 0.2957 -0.1766 0.9388
vn 0.3954 0.0866 0.9144
vn 0.5569 0.5583 0.6150
vn 0.9327 0.3383 0.1253
vn 0.9381 0.2856 -0.1960
vn 0.8903 -0.0395 -0.4537
vn 0.6066 0.5956 -0.5266
vn 0.5342 0.2422 -0.8099
vn 0.7653 -0.4375 -0.4722
vn 0.3609 -0.2023 -0.9104
vn 0.9090 0.0445 -0.4143
vn 0.6609 -0.6361 -0.3984
vn 0.4590 0.0616 -0.8863
vn 0.6320 0.7600 -0.1519
vn 0.9395 0.3356 -0.0687
vn 0.9387 -0.3441 0.0224
vn 0.9222 0.2918 0.2537
vn 0.8560 -0.0263 0.5164
vn 0.5661 0.6082 0.5565
vn 0.4794 -0.8755 -0.0601
vn 0.5417 -0.8026 0.2498
vn 0.7296 -0.4235 0.5369
vn 0.2553 -0.3477 0.9022
vn 0.0313 -0.8578 0.5130
vn 0.9722 -0.2175 -0.0866
vn 0.7074 -0.0147 -0.7067
vn 0.7366 0.3146 0.5987
vn 0.7192 -0.1579 0.6766
vn 0.4499 -0.6825 0.5760
vn 0.5464 -0.8124 -0.2035
vn 0.2833 -0.7343 -0.6168
vn 0.8716 -0.4587 -0.1727
vn 0.5889 -0.8024 -0.0967
vn 0.9434 0.2563 -0.2103
vn 0.9251 0.1202 -0.3601
vn 0.7731 0.6228 0.1203
vn 0.9532 0.0266 0.3012
vn 0.2129 -0.6133 0.7606
vn 0.0834 -0.8529 -0.5154
vn 0.9603 -0.2221 0.1686
vn 0.8016 0.3653 -0.4733
vn 0.7792 -0.1070 -0.6175
vn 0.6168 -0.1007 0.7807
vn 0.5385 -0.6457 -0.5414
vn 0.6933 -0.7016 0.1645
vn 0.3885 -0.5802 0.7159
vn -0.0047 -0.9678 -0.2516
vn 0.9969 0.0736 0.0265
vn 0.7132 0.6649 -0.2221
vn 0.5410 -0.6009 -0.5884
vn 0.1329 -0.9777 -0.1625
vn 0.7717 -0.6325 0.0668
vn 0.4722 -0.6291 0.6174
vn 0.9858 0.0781 0.1485
vn 0.9042 0.1354 -0.4050
vn 0.8797 0.3669 -0.3026
vn 0.8883 -0.3903 -0.2422
vn 0.9127 -0.3808 -0.1483
vn 0.9058 -0.0525 0.4205
vn 0.9879 0.1377 0.0709
vn 0.8810 0.2671 0.3905
vn 0.6145 0.6655 -0.4236
vn 0.5388 0.8327 0.1278
vn 0.7151 0.5974 -0.3629
vn 0.8856 0.2976 -0.3565
vn 0.8520 0.4880 -0.1895
vn 0.5799 -0.7885 0.2051
vn 0.8591 -0.4444 0.2540
vn 0.4427 -0.7234 -0.5298
vn 0.8677 0.0520 -0.4944
vn 0.6108 0.0500 0.7902
vn 0.3660 -0.0340 0.9300
vn 0.8819 -0.3504 0.3153
vn 0.9289 0.1718 0.3280
vn 0.3134 -0.2208 0.9236
vn 0.0417 -0.7675 0.6397
vn 0.8391 -0.2230 -0.4961
vn 0.4286 -0.8860 0.1767
vn 0.3730 -0.8215 -0.4313
vn 0.9475 -0.2635 -0.1810
vn 0.5637 0.0858 -0.8215
vn 0.8914 0.3878 -0.2347
vn 0.8997 0.1464 0.4113
vn 0.6922 0.7124 0.1151
vn 0.6676 -0.4928 0.5581
vn 0.6601 -0.7511 0.0032
vn 0.5678 -0.5195 0.6385
vn 0.1884 -0.8748 0.4463
vn 0.7436 0.1017 0.6609
vn 0.7037 0.6851 0.1883
vn 0.9972 0.0550 0.0498
vn 0.8196 0.2376 -0.5214
vn 0.7472 0.1441 0.6487
vn 0.7761 -0.1341 -0.6162
vn 0.7795 -0.6249 0.0439
vn 0.1495 -0.9754 -0.1620
vn 0.9438 0.1736 -0.2811
vn 0.8073 0.5514 0.2102
vn 0.9042 -0.0251 0.4264
vn 0.3714 0.5464 0.7507
vn 0.8495 -0.2263 0.4766
vn 0.4954 -0.2806 -0.8221
vn 0.6101 0.2574 -0.7493
vn 0.6605 -0.7230 -0.2025
vn 0.4113 -0.7976 0.4411
vn 0.8659 -0.4566 -0.2042
vn 0.5730 -0.8109 -0.1189
vn 0.5153 -0.3635 -0.7761
vn 0.8008 0.4300 -0.4170
vn 0.8817 0.4216 -0.2115
vn 0.9009 0.2671 -0.3420
vn 0.8591 0.0924 -0.5035
vn 0.5734 -0.0757 -0.8158
vn 0.7671 -0.4941 -0.4092
vn 0.9559 0.1953 -0.2195
vn 0.9842 0.1740 0.0323
vn 0.8650 0.4283 0.2614
vn 0.9957 -0.0880 0.0287
vn 0.9370 0.2093 0.2797
vn 0.9545 -0.1189 -0.2734
vn 0.9393 -0.1223 -0.3206
vn 0.7328 -0.6443 -0.2186
vn 0.7097 -0.6189 -0.3366
vn 0.5119 -0.8150 -0.2714
vn 0.8207 -0.4213 -0.3859
vn 0.4748 -0.8762 -0.0830
vn 0.7885 -0.4737 -0.3922
vn 0.5129 -0.8489 0.1274
vn 0.9497 -0.3110 0.0378
vn 0.7896 -0.6022 -0.1179
vn 0.8024 -0.5334 0.2675
vn 0.4076 -0.3785 -0.8310
vn 0.9942 0.0291 0.1036
vn 0.3710 -0.4659 -0.8033
vn 0.9777 0.1933 -0.0815
vn 0.9729 0.0463 -0.2265
vn 0.9336 0.0990 -0.3443
vn 0.6367 -0.4826 -0.6014
vn 0.9199 -0.0228 -0.3916
vn 0.8494 -0.2362 -0.4720
vn 0.8074 -0.1830 -0.5609
vn 0.8716 -0.1980 -0.4485
vn 0.7904 -0.3353 -0.5127
vn 0.8662 -0.2984 -0.4009
vn 0.7222 -0.4762 -0.5017
vn 0.7037 -0.4988 -0.5060
vn 0.9422 -0.0953 -0.3212
vn 0.8172 -0.5752 0.0369
vn 0.7842 -0.4357 -0.4418
vn 0.8970 -0.4404 0.0378
vn 0.7507 -0.4225 0.5079
vn 0.6645 -0.4907 0.5636
vn 0.6792 -0.4780 0.5570
vn 0.7794 -0.4328 0.4530
vn 0.7440 -0.3637 0.5606
vn 0.8383 -0.2780 0.4690
vn 0.7946 -0.4201 0.4384
vn 0.5850 -0.6076 0.5373
vn 0.8303 -0.1906 0.5237
vn 0.9103 -0.0930 0.4034
vn 0.9124 0.0340 0.4079
vn 0.7132 -0.5733 0.4034
vn 0.5018 -0.8026 0.3226
vn 0.4884 -0.8645 0.1189
vn 0.8997 -0.0520 0.4334
vn 0.7548 -0.4516 0.4758
vn 0.5447 -0.8365 -0.0594
vn 0.9388 -0.1028 0.3287
vn 0.9107 -0.0469 0.4105
vn 0.8591 0.2831 0.4264
vn 0.6254 -0.7296 0.2766
vn 0.8142 -0.5469 -0.1950
vn 0.8034 0.1394 0.5789
vn 0.5295 -0.0860 0.8439
vn 0.7620 -0.6192 0.1895
vn 0.7999 0.4612 0.3841
vn 0.4456 -0.3266 0.8335
vn 0.9144 -0.2883 0.2843
vn 0.9988 0.0002 -0.0489
vn 0.3107 -0.3590 0.8801
vn 0.9508 0.2396 0.1964
vn 0.2875 -0.4889 0.8236
vn 0.7830 -0.2664 0.5621
vn 0.1163 -0.6198 0.7761
vn 0.7206 -0.4480 0.5291
vn 0.4576 -0.5614 0.6895
vn 0.4969 -0.5658 0.6580
vn 0.5580 -0.7122 0.4259
vn 0.8240 -0.4952 0.2752
vn 0.9752 -0.1350 0.1756
vn 0.5381 -0.8423 0.0307
vn 0.9751 -0.1351 0.1756
vn 0.8373 -0.5459 0.0294
vn 0.9906 -0.1316 0.0368
vn 0.9861 -0.1306 -0.1024
vn 0.8355 -0.5101 -0.2041
vn 0.9861 -0.1305 -0.1024
vn 0.5792 -0.7207 -0.3810
vn 0.7508 -0.4604 -0.4737
vn 0.2652 -0.7504 -0.6054
vn 0.5666 -0.5662 -0.5987
vn 0.3410 -0.6749 -0.6544
vn 0.8472 -0.4497 -0.2829
vn 0.5815 -0.7915 -0.1882
vn 0.2222 -0.6488 -0.7277
vn 0.8818 0.0379 0.4701
vn 0.9288 -0.1355 0.3450
vn 0.9018 0.1273 -0.4130
vn 0.7652 0.5926 0.2515
vn 0.6876 -0.6206 -0.3770
vn 0.7016 -0.6334 0.3265
vn 0.3266 -0.3833 0.8640
vn 0.1456 -0.9211 0.3611
vn 0.5470 0.2999 0.7816
vn 0.8719 -0.4490 -0.1952
vn 0.4786 -0.7785 0.4060
vn 0.5864 -0.7915 -0.1724
vn 0.1551 -0.6167 -0.7718
vn 0.8836 -0.0544 0.4651
vn 0.1803 -0.4130 0.8927
vn 0.6496 0.6766 0.3469
vn 0.8836 -0.0541 0.4650
vn 0.6930 0.6033 0.3947
vn 0.6101 0.4366 0.6612
vn 0.8585 0.3083 0.4097
vn 0.4732 -0.7611 -0.4437
vn 0.8567 -0.4345 0.2779
vn 0.5455 -0.8110 0.2116
vn 0.2070 -0.7295 0.6519
vn 0.4505 -0.3379 0.8264
vn 0.6423 0.2035 0.7389
vn 0.9135 0.2764 0.2984
vn 0.9078 0.0711 -0.4133
vn 0.5026 -0.7799 -0.3730
vn 0.8517 -0.4502 0.2683
vn 0.5531 -0.7874 0.2722
vn 0.9197 -0.0771 -0.3849
vn 0.2879 -0.3247 -0.9010
vn 0.6843 0.6600 -0.3101
vn 0.9601 0.2251 0.1662
vn -0.2709 0.5819 0.7668
vn -0.6076 0.1545 0.7791
vn -0.6075 0.1545 0.7791
vn -0.5861 0.2399 0.7739
vn -0.7392 -0.1639 0.6532
vn -0.7052 0.2096 0.6773
vn -0.7051 0.2095 0.6775
vn -0.7052 0.2095 0.6774
vn -0.6809 0.2662 0.6823
vn -0.6809 0.2661 0.6823
vn -0.5831 0.4899 0.6480
vn 0.7257 -0.4311 0.5362
vn 0.7256 -0.4311 0.5363
vn 0.7257 -0.4310 0.5363
vn 0.7257 -0.4310 0.5364
vn 0.0970 0.5862 0.8044
vn 0.0970 0.5862 0.8043
vn 0.0970 0.5861 0.8044
vn -0.3500 -0.5907 0.7271
vn -0.3500 -0.5907 0.7270
vn -0.2117 -0.2826 0.9356
vn -0.1121 -0.0325 0.9932
vn -0.1121 -0.0324 0.9932
vn -0.3187 0.9174 -0.2384
vn -0.3186 0.9174 -0.2384
vn 0.1598 0.9850 -0.0644
vn 0.1598 0.9851 -0.0643
vn 0.1598 0.9851 -0.0642
vn 0.0005 0.9970 -0.0778
vn 0.0006 0.9970 -0.0778
vn -0.0876 0.9914 0.0973
vn -0.0876 0.9914 0.0974
vn -0.2783 0.9541 -0.1107
vn -0.2782 0.9541 -0.1107
vn -0.0216 0.9962 0.0848
vn -0.0216 0.9962 0.0849
vn 0.1995 0.9795 0.0287
vn 0.1996 0.9795 0.0286
vn 0.1995 0.9795 0.0286
vn -0.0303 0.9979 0.0567
vn 0.0529 0.9986 0.0092
vn -0.2775 0.9603 -0.0304
vn -0.2775 0.9602 -0.0304
vn -0.0184 0.9998 -0.0075
vn -0.0184 0.9998 -0.0074
vn -0.0184 0.9998 -0.0073
vn 0.1511 0.9868 -0.0580
vn 0.1511 0.9868 -0.0579
vn 0.2157 0.9459 0.2423
vn 0.2157 0.9459 0.2422
vn -0.3412 0.9310 0.1295
vn -0.3412 0.9310 0.1296
vn 0.2042 0.9434 -0.2613
vn 0.2041 0.9435 -0.2612
vn 0.2042 0.9434 -0.2614
vn -0.0503 0.9796 -0.1943
vn -0.0504 0.9796 -0.1943
vn -0.2850 0.8078 -0.5160
vn -0.2849 0.8078 -0.5160
vn -0.2710 0.5819 0.7668
vn -0.6915 -0.1827 -0.6989
vn -0.7393 -0.1639 0.6532
vn -0.5832 0.4898 0.6481
vn -0.5893 0.3985 -0.7028
vn -0.5892 0.3985 -0.7028
vn -0.7609 -0.0578 -0.6462
vn -0.7609 -0.0577 -0.6463
vn -0.7609 -0.0578 -0.6463
vn -0.8047 -0.0405 0.5924
vn -0.8046 -0.0406 0.5924
vn -0.8046 -0.0405 0.5924
vn -0.8411 0.3257 -0.4318
vn -0.8531 0.2929 -0.4317
vn -0.8691 0.3368 0.3623
vn -0.8836 0.3047 0.3555
vn -0.8199 0.4017 -0.4080
vn -0.8462 0.4121 0.3379
vn -0.9146 0.1486 -0.3760
vn -0.9387 0.1581 0.3063
vn -0.9761 -0.0815 -0.2015
vn -0.9880 -0.0769 0.1343
vn -0.6661 0.7277 -0.1637
vn -0.6752 0.7313 0.0961
vn -0.6367 0.7663 -0.0861
vn -0.6404 0.7678 0.0198
vn -0.9857 -0.1560 -0.0630
vn -0.9879 -0.1552 -0.0024
vn -0.6392 0.7680 -0.0409
vn -0.6397 0.7682 -0.0257
vn -0.9857 -0.1561 -0.0630
vn -0.6793 0.7316 0.0574
vn -0.6729 0.7290 -0.1255
vn -0.9859 -0.0877 0.1425
vn -0.9735 -0.0926 -0.2092
vn -0.8066 0.5356 0.2500
vn -0.7865 0.5276 -0.3211
vn -0.9653 0.0402 0.2581
vn -0.9470 0.0323 -0.3197
vn -0.9283 0.2011 0.3129
vn -0.9037 0.1915 -0.3830
vn -0.8954 0.3095 0.3201
vn -0.8704 0.2996 -0.3908
vn -0.5705 0.6494 0.5028
vn -0.5705 0.6494 0.5029
vn -0.8393 -0.2489 0.4834
vn -0.8393 -0.2488 0.4833
vn -0.8034 -0.2630 -0.5342
vn -0.7930 0.0195 0.6090
vn -0.7480 0.0018 -0.6637
vn -0.7481 0.0018 -0.6636
vn -0.7480 0.0018 -0.6636
vn -0.7394 0.2225 0.6354
vn -0.7395 0.2225 0.6354
vn -0.6926 0.2041 -0.6918
vn -0.6925 0.2041 -0.6919
vn -0.6926 0.2041 -0.6919
vn -0.5509 0.1322 -0.8240
vn -0.5299 0.2177 -0.8197
vn -0.5298 0.2177 -0.8197
vn -0.4855 0.4073 -0.7735
vn -0.4856 0.4073 -0.7735
vn -0.6915 -0.1828 -0.6989
vn -0.6555 0.1900 -0.7309
vn -0.6308 0.2464 -0.7358
vn 0.7781 -0.4236 -0.4639
vn 0.7781 -0.4235 -0.4639
vn 0.7780 -0.4236 -0.4639
vn -0.2850 0.8078 -0.5161
vn -0.2849 0.8078 -0.5161
vn 0.1540 0.5637 -0.8115
vn -0.2984 -0.6110 -0.7332
vn -0.2985 -0.6110 -0.7332
vn -0.1454 -0.3087 -0.9400
vn -0.1454 -0.3086 -0.9400
vn -0.0282 -0.0465 -0.9985
vn -0.8431 -0.4435 -0.3040
vn -0.8432 -0.4435 -0.3040
vn -0.8629 -0.4357 0.2560
vn -0.7328 -0.6361 -0.2416
vn -0.7327 -0.6362 -0.2416
vn -0.7486 -0.6299 0.2069
vn -0.7486 -0.6300 0.2069
vn -0.7487 -0.6298 0.2069
vn -0.8420 -0.5345 -0.0735
vn -0.8419 -0.5346 -0.0735
vn -0.8453 -0.5334 0.0289
vn -0.8456 -0.5331 0.0288
vn -0.8453 -0.5335 0.0290
vn -0.8456 -0.5331 0.0287
vn -0.6188 -0.7855 0.0103
vn -0.6172 -0.7861 -0.0321
vn -0.6173 -0.7861 -0.0321
vn -0.5411 -0.8323 0.1200
vn -0.8429 -0.5374 0.0287
vn -0.8429 -0.5373 0.0287
vn -0.5321 -0.8359 -0.1348
vn -0.5321 -0.8359 -0.1347
vn -0.5319 -0.8360 -0.1346
vn -0.8393 -0.5387 -0.0731
vn -0.8393 -0.5387 -0.0730
vn -0.8393 -0.5388 -0.0730
vn -0.8540 -0.4431 0.2728
vn -0.8330 -0.4513 -0.3199
vn -0.8330 -0.4513 -0.3200
vn -0.8331 -0.4513 -0.3198
vn -0.8331 -0.4513 -0.3199
vn -0.4649 -0.7706 0.4360
vn -0.4649 -0.7706 0.4359
vn -0.4337 -0.7829 -0.4461
vn -0.4337 -0.7829 -0.4460
vn -0.4338 -0.7829 -0.4460
vn 0.7257 -0.4312 0.5362
vn 0.7258 -0.4310 0.5362
vn 0.7780 -0.4237 -0.4638
vn 0.7781 -0.4236 -0.4638
vn -0.8595 0.5112 0.0008
vn -0.8107 0.5854 0.0007
vn -0.8594 0.5113 0.0008
vn -0.6711 0.7414 0.0005
vn -0.6707 0.7417 0.0006
vn -0.9938 -0.1110 0.0011
vn -0.9939 -0.1105 0.0011
vn -0.9939 -0.1099 0.0011
vn -0.8991 -0.4378 0.0011
vn -0.8991 -0.4378 0.0009
vn -0.9124 -0.4094 0.0011
vn -0.6965 -0.7175 0.0009
vn -0.6965 -0.7175 0.0007
vn -0.9123 -0.4095 0.0011
vn -0.7982 -0.6024 0.0007
vn -0.9619 -0.2735 0.0011
vn -0.7982 -0.6024 0.0010
vn -0.9871 -0.1600 0.0011
vn -0.8486 -0.5291 0.0011
vn -0.8486 -0.5291 0.0009
vn -0.6884 -0.7253 0.0009
vn -0.6884 -0.7253 0.0005
vn -0.6922 -0.7217 0.0009
vn -0.6922 -0.7217 0.0005
vn -0.8555 0.5177 0.0009
vn -0.9931 -0.1171 0.0011
vn -0.8555 0.5177 0.0008
vn -0.7432 -0.6690 0.0009
vn -0.7433 -0.6689 0.0009
vn -0.7433 -0.6690 0.0009
vn -0.7983 -0.6023 0.0007
vn -0.6997 -0.7144 0.0006
vn -0.7983 -0.6023 0.0010
vn -0.6997 -0.7144 0.0009
vn -0.9929 -0.1192 0.0012
vn -0.9929 -0.1192 0.0011
vn -0.6695 0.7428 0.0006
vn -0.5043 0.8635 0.0003
vn -0.5044 0.8635 0.0004
vn 0.6802 0.7330 -0.0009
vn 0.5637 0.8260 -0.0008
vn 0.6802 0.7330 -0.0011
vn -0.5034 0.8641 0.0003
vn -0.3234 0.9463 0.0001
vn -0.3233 0.9463 0.0001
vn -0.1761 0.9844 -0.0000
vn -0.0859 0.9963 -0.0002
vn -0.0859 0.9963 -0.0001
vn -0.0492 0.9988 -0.0001
vn -0.0022 0.0002 -1.0000
vn 0.8740 0.4860 -0.0010
vn 0.6815 0.7318 -0.0009
vn 0.6815 0.7318 -0.0008
vn 0.8740 0.4860 -0.0012
vn 0.9492 0.3148 -0.0011
vn 0.9492 0.3148 -0.0010
vn 0.9381 0.3463 -0.0010
vn 0.8749 0.4843 -0.0010
vn 0.9381 0.3465 -0.0010
vn 0.8749 0.4843 -0.0009
vn 0.9612 -0.2757 -0.0010
vn 0.7006 -0.7136 -0.0007
vn 0.7006 -0.7136 -0.0006
vn 0.9613 -0.2756 -0.0010
vn 0.9508 -0.3098 -0.0010
vn 0.9508 -0.3097 -0.0010
vn 0.7579 -0.6523 -0.0006
vn 0.5109 -0.8596 -0.0003
vn 0.7584 -0.6518 -0.0007
vn 0.5109 -0.8596 -0.0002
vn 0.8396 -0.5432 -0.0008
vn 0.9685 -0.2492 -0.0010
vn 0.6306 -0.7761 -0.0005
vn 0.7698 -0.6383 -0.0007
vn 0.9316 -0.3634 -0.0009
vn 0.9256 -0.3784 -0.0009
vn 0.9256 -0.3784 -0.0011
vn 0.7731 -0.6343 -0.0007
vn 0.6753 -0.7375 -0.0006
vn 0.6753 -0.7375 -0.0005
vn 0.8430 -0.5379 -0.0008
vn 0.9017 -0.4324 -0.0009
vn 0.9016 -0.4325 -0.0009
vn 0.6622 -0.7493 -0.0006
vn 0.8155 -0.5788 -0.0007
vn 0.6215 -0.7834 -0.0004
vn 0.7856 -0.6187 -0.0007
vn 0.6215 -0.7834 -0.0005
vn -0.3410 -0.9401 0.0006
vn -0.8991 -0.4378 0.0010
vn -0.8991 -0.4378 0.0017
vn -0.6965 -0.7175 0.0008
vn -0.8486 -0.5290 0.0010
vn -0.7982 -0.6024 0.0017
vn -0.8486 -0.5290 0.0011
vn -0.1767 -0.9843 0.0004
vn 0.7006 -0.7136 -0.0005
vn 0.5100 -0.8602 -0.0008
vn 0.1005 -0.9949 0.0001
vn 0.5100 -0.8602 -0.0003
vn -0.6929 -0.7211 0.0008
vn 0.0267 -0.9996 0.0002
vn 0.0265 -0.9996 0.0002
vn -0.6929 -0.7211 0.0013
vn 0.3398 -0.9405 -0.0002
vn -0.6891 -0.7246 0.0009
vn -0.6891 -0.7247 0.0017
vn 0.2463 -0.9692 -0.0001
vn 0.2463 -0.9692 -0.0000
vn 0.1688 -0.9857 -0.0000
vn 0.1688 -0.9856 -0.0000
vn 0.8390 -0.5441 -0.0008
vn 0.8390 -0.5441 -0.0012
vn 0.9257 -0.3784 -0.0009
vn 0.6290 -0.7774 -0.0005
vn 0.9257 -0.3784 -0.0015
vn 0.6739 -0.7388 -0.0006
vn 0.9316 -0.3634 -0.0013
vn 0.6739 -0.7388 -0.0007
vn 0.1451 -0.9894 -0.0000
vn -0.6997 -0.7144 0.0018
vn 0.3071 -0.9517 -0.0001
vn 0.5541 -0.8325 -0.0004
vn 0.5541 -0.8324 -0.0004
vn 0.3070 -0.9517 -0.0001
vn 0.6623 -0.7493 -0.0005
vn 0.6622 -0.7493 -0.0013
vn 0.3330 -0.9429 -0.0001
vn 0.8142 -0.5806 -0.0007
vn 0.3330 -0.9429 -0.0002
vn 0.6215 -0.7834 -0.0013
vn 0.5635 -0.8261 -0.0004
vn 0.7843 -0.6204 -0.0007
vn 0.7843 -0.6204 -0.0009
vn 0.0022 -0.0002 1.0000
vn 0.0022 -0.0003 1.0000
vn -1.0000 0.0081 0.0010
vn -0.6133 0.6525 -0.4451
vn -0.7299 0.0095 -0.6835
vn 0.8217 -0.5699 -0.0007
vn -0.7849 0.6196 0.0008
vn -0.6119 0.6528 0.4465
vn -0.7277 0.0092 0.6858
vn 0.8217 -0.5699 -0.0009
vn -0.3700 -0.0042 0.9290
vn -0.4835 0.1649 0.8597
vn -0.9446 0.3281 -0.0000
vn -0.4868 0.1651 -0.8578
vn -0.3739 -0.0039 -0.9275
vn -0.9446 0.3281 0.0020
vn -0.8749 0.4842 0.0018
vn -0.8930 0.4500 0.0018
vn -0.4688 0.2015 0.8600
vn -0.4608 0.1577 0.8734
vn -0.4819 0.1645 0.8607
vn -0.9446 0.3283 0.0020
vn -0.9446 0.3283 -0.0001
vn -0.8930 0.4500 -0.0001
vn -0.4850 0.1648 -0.8588
vn -0.4720 0.2016 -0.8582
vn -0.8750 0.4842 -0.0001
vn -0.4641 0.1579 -0.8716
vn -0.4658 0.2691 -0.8430
vn -0.8748 0.4844 -0.0001
vn -0.8259 0.5638 -0.0002
vn -0.4721 0.2016 -0.8582
vn -0.8259 0.5638 0.0018
vn -0.8748 0.4844 0.0017
vn -0.4625 0.2691 0.8448
vn -0.4687 0.2014 0.8601
vn -0.7501 0.6614 0.0017
vn -0.8257 0.5641 0.0018
vn -0.4409 0.3716 0.8171
vn -0.4626 0.2689 0.8448
vn -0.4440 0.3715 -0.8154
vn -0.8257 0.5641 -0.0002
vn -0.7500 0.6614 -0.0003
vn -0.4658 0.2690 -0.8430
vn -0.6704 0.7420 0.0015
vn -0.7498 0.6616 0.0015
vn -0.4064 0.4678 0.7849
vn -0.4410 0.3715 0.8170
vn -0.4094 0.4676 -0.7834
vn -0.7498 0.6617 -0.0003
vn -0.6703 0.7421 -0.0003
vn -0.4441 0.3715 -0.8154
vn -0.8826 -0.4701 0.0020
vn -0.9971 -0.0764 0.0020
vn -0.1997 -0.2134 -0.9563
vn -0.8432 -0.0809 -0.5315
vn -0.9971 -0.0763 0.0002
vn -0.8827 -0.4700 0.0002
vn -0.1956 -0.2139 0.9571
vn -0.8416 -0.0812 0.5339
vn -0.7335 0.0094 -0.6796
vn -0.8231 -0.0450 -0.5661
vn -0.9994 0.0337 0.0001
vn -0.9998 -0.0174 0.0001
vn -0.5214 0.0513 -0.8518
vn -0.9853 0.1711 0.0001
vn -0.8215 -0.0453 0.5684
vn -0.9994 0.0337 0.0020
vn -0.9998 -0.0174 0.0021
vn -0.9853 0.1711 0.0020
vn -0.5182 0.0511 0.8538
vn -0.7313 0.0091 0.6820
vn -0.9851 0.1718 0.0002
vn -0.5021 0.2084 -0.8393
vn -0.5214 0.0511 -0.8518
vn -0.9099 0.4149 -0.0000
vn -0.9098 0.4151 -0.0001
vn -0.4826 0.2603 -0.8362
vn -0.5021 0.2085 -0.8393
vn -0.8654 0.5011 -0.0001
vn -0.9099 0.4148 0.0018
vn -0.9851 0.1717 0.0018
vn -0.4988 0.2090 0.8411
vn -0.5182 0.0507 0.8537
vn -0.8654 0.5011 0.0018
vn -0.9098 0.4151 0.0018
vn -0.4794 0.2603 0.8381
vn -0.4991 0.2083 0.8411
vn -0.8232 -0.0451 -0.5660
vn -0.8440 -0.0800 -0.5303
vn -0.9998 -0.0175 0.0002
vn -0.9971 -0.0764 0.0001
vn -0.8425 -0.0803 0.5326
vn -0.9998 -0.0175 0.0020
vn -0.9971 -0.0764 0.0021
vn -0.8215 -0.0454 0.5684
vn -1.0000 0.0080 0.0013
vn -0.5710 -0.7280 -0.3794
vn -0.7150 -0.6991 0.0008
vn -0.5695 -0.7283 0.3810
vn -0.7375 0.0090 -0.6753
vn 0.8659 0.5002 -0.0010
vn -0.7353 0.0087 0.6777
vn -0.6527 0.7576 0.0015
vn -0.7418 0.6706 0.0015
vn -0.3749 0.4250 0.8239
vn -0.4201 0.3662 0.8303
vn -0.3782 0.4249 -0.8224
vn -0.7419 0.6705 -0.0003
vn -0.6527 0.7576 -0.0004
vn -0.4233 0.3661 -0.8287
vn -0.8653 0.5012 -0.0001
vn -0.4584 0.2964 -0.8379
vn -0.4827 0.2603 -0.8362
vn -0.8218 0.5698 -0.0002
vn -0.8216 0.5700 -0.0002
vn -0.4232 0.3662 -0.8287
vn -0.4584 0.2962 -0.8379
vn -0.7421 0.6703 -0.0002
vn -0.8218 0.5698 0.0017
vn -0.8653 0.5013 0.0017
vn -0.4551 0.2964 0.8397
vn -0.4795 0.2602 0.8381
vn -0.7421 0.6703 0.0016
vn -0.8216 0.5700 0.0017
vn -0.4200 0.3663 0.8303
vn -0.4552 0.2962 0.8397
vn 0.1760 -0.9844 -0.0000
vn -0.9813 -0.1923 0.0020
vn -0.0237 -0.2002 -0.9795
vn -0.7185 -0.1620 -0.6764
vn 0.1759 -0.9844 -0.0001
vn -0.0193 -0.2006 0.9795
vn -0.9814 -0.1922 0.0001
vn -0.7162 -0.1624 0.6787
vn -0.9048 0.4259 0.0001
vn -0.4276 0.4071 -0.8071
vn -0.4634 0.1661 -0.8705
vn -0.7421 0.6703 -0.0003
vn -0.4244 0.4071 0.8088
vn -0.9048 0.4259 0.0017
vn -0.4600 0.1659 0.8723
vn -0.3774 0.4686 -0.7988
vn -0.7418 0.6706 -0.0002
vn -0.6480 0.7616 -0.0004
vn -0.4271 0.4065 -0.8077
vn -0.6480 0.7616 0.0015
vn -0.3743 0.4687 0.8002
vn -0.4239 0.4066 0.8093
vn -0.6996 0.0101 0.7145
vn -0.7158 0.0097 0.6982
vn -0.9998 0.0179 0.0010
vn -0.6014 -0.0035 0.7989
vn -0.7621 -0.1280 -0.6346
vn -0.7185 -0.1610 -0.6766
vn -0.9939 -0.1100 0.0001
vn -0.9814 -0.1922 0.0002
vn -0.7163 -0.1614 0.6789
vn -0.9939 -0.1100 0.0021
vn -0.9814 -0.1922 0.0021
vn -0.7602 -0.1284 0.6369
vn -1.0000 -0.0088 0.0001
vn -0.6348 0.0216 -0.7723
vn -0.8517 -0.0204 -0.5236
vn -0.9977 0.0683 0.0001
vn -0.9977 0.0684 0.0010
vn -0.4632 0.1664 -0.8705
vn -0.6347 0.0217 -0.7724
vn -0.9051 0.4252 -0.0001
vn -0.9977 0.0683 0.0020
vn -1.0000 -0.0088 0.0020
vn -0.6322 0.0213 0.7745
vn -0.8503 -0.0206 0.5259
vn -0.9051 0.4252 0.0018
vn -0.4598 0.1662 0.8723
vn -0.6322 0.0214 0.7745
vn -1.0000 -0.0092 0.0020
vn -0.7602 -0.1283 0.6369
vn -0.8503 -0.0211 0.5260
vn -0.9939 -0.1099 0.0021
vn -0.9939 -0.1099 0.0001
vn -1.0000 -0.0092 0.0001
vn -0.7622 -0.1279 -0.6346
vn -0.8517 -0.0209 -0.5237
vn -0.5018 0.1563 0.8508
vn -0.4537 0.3222 0.8309
vn -0.9281 0.3723 0.0018
vn -0.8038 0.5949 0.0016
vn -0.9281 0.3723 0.0017
vn -0.4538 0.3221 0.8308
vn -0.4570 0.3220 -0.8292
vn -0.9281 0.3723 0.0001
vn -0.8038 0.5949 -0.0002
vn -0.5049 0.1565 -0.8488
vn -0.9284 0.3717 0.0019
vn -0.9997 0.0251 0.0011
vn -0.5016 0.1566 0.8508
vn -0.7493 0.0171 0.6620
vn -0.5048 0.1568 -0.8489
vn -0.9997 0.0251 0.0010
vn -0.9283 0.3717 -0.0000
vn -0.7514 0.0174 -0.6597
vn 0.9612 -0.2757 -0.0011
vn -0.9492 -0.3147 0.0020
vn 0.1612 -0.1764 -0.9710
vn -0.6938 -0.2366 -0.6802
vn -0.9492 -0.3147 0.0002
vn 0.9612 -0.2758 -0.0010
vn 0.1654 -0.1767 0.9703
vn -0.6915 -0.2371 0.6824
vn -0.9997 0.0248 0.0021
vn -0.9956 -0.0934 0.0021
vn -0.7499 0.0170 0.6613
vn -0.8096 -0.1049 0.5776
vn -0.6912 -0.2363 0.6830
vn -0.9492 -0.3146 0.0020
vn -0.9492 -0.3146 0.0002
vn -0.9956 -0.0934 0.0001
vn -0.6935 -0.2358 -0.6808
vn -0.7520 0.0172 -0.6589
vn -0.9997 0.0248 0.0001
vn -0.8113 -0.1046 -0.5752
vn -0.4034 0.3842 0.8305
vn -0.8035 0.5953 0.0016
vn -0.4539 0.3219 0.8309
vn -0.7175 0.6965 0.0016
vn -0.3169 0.3536 0.8801
vn -0.7174 0.6966 0.0007
vn -0.4035 0.3842 0.8304
vn -0.6655 0.7464 0.0006
vn -0.3205 0.3536 -0.8788
vn -0.4067 0.3841 -0.8289
vn -0.7176 0.6965 -0.0004
vn -0.4067 0.3842 -0.8288
vn -0.8036 0.5952 -0.0002
vn -0.4570 0.3219 -0.8292
vn -0.7266 0.0104 0.6870
vn -1.0000 0.0092 0.0011
vn -1.0000 0.0092 0.0010
vn -0.7287 0.0106 -0.6847
vn -0.7211 0.0109 -0.6927
vn -0.8291 0.5591 0.0007
vn -0.5860 -0.0111 -0.8102
vn -0.6320 0.4763 -0.6113
vn -0.7188 0.0105 0.6951
vn -1.0000 0.0071 0.0010
vn -0.5830 -0.0115 0.8124
vn -0.6301 0.4765 0.6132
vn -1.0000 0.0080 0.0011
vn -0.7132 0.0110 -0.7008
vn -0.7110 0.0108 0.7031
vn -0.8660 0.5000 0.0008
vn -0.6043 -0.0032 -0.7967
vn -0.6540 0.4181 -0.6305
vn -0.7020 0.0105 -0.7121
vn -0.7181 0.0099 -0.6959
vn -0.6519 0.4183 0.6325
vn -1.0000 0.0081 0.0011
vn -0.7133 0.0111 -0.7008
vn -0.7110 0.0107 0.7032
vn -0.7551 0.0085 -0.6556
vn -0.7597 -0.0002 -0.6503
vn -0.9999 0.0154 0.0010
vn -0.5132 0.3025 -0.8032
vn -0.9055 0.4243 0.0009
vn -0.5103 0.3025 0.8051
vn -0.7577 -0.0005 0.6526
vn -0.7530 0.0081 0.6580
vn -0.7914 -0.6113 -0.0000
vn -0.6697 -0.7426 0.0001
vn -0.5218 -0.3883 -0.7596
vn -0.3760 -0.3614 -0.8532
vn -0.5188 -0.3888 0.7614
vn -0.6697 -0.7426 0.0016
vn -0.7914 -0.6113 0.0019
vn -0.3724 -0.3619 0.8546
vn -0.7911 -0.6117 0.0018
vn -0.4493 -0.4854 0.7500
vn -0.5183 -0.3884 0.7619
vn -0.6772 -0.7358 0.0018
vn -0.6772 -0.7358 0.0001
vn -0.7911 -0.6117 0.0002
vn -0.4525 -0.4848 -0.7485
vn -0.5212 -0.3878 -0.7602
vn -0.7112 0.0004 0.7030
vn -0.6269 0.6338 0.4532
vn -1.0000 0.0080 0.0010
vn -0.7965 0.6046 0.0007
vn -0.6283 0.6334 -0.4518
vn -0.7134 0.0007 -0.7007
vn 0.3527 0.8104 0.4678
vn -0.1364 0.7371 0.6619
vn -0.0386 -0.0026 0.9993
vn 0.6818 -0.0027 0.7316
vn 0.5471 0.8371 -0.0008
vn 1.0000 0.0004 -0.0010
vn 0.6794 -0.0024 -0.7338
vn 0.3506 0.8107 -0.4690
vn -0.0430 -0.0022 -0.9991
vn -0.1391 0.7369 -0.6615
vn -0.6207 0.7840 0.0014
vn -0.4063 0.4678 0.7849
vn -0.3661 0.4867 0.7932
vn -0.6702 0.7422 0.0015
vn -0.6702 0.7422 -0.0004
vn -0.6207 0.7840 -0.0004
vn -0.4093 0.4676 -0.7834
vn -0.3692 0.4866 -0.7918
vn -0.3445 0.4683 -0.8136
vn -0.5878 0.8090 -0.0005
vn -0.6206 0.7841 -0.0004
vn -0.3661 0.4867 0.7931
vn -0.5879 0.8089 0.0014
vn -0.6207 0.7841 0.0014
vn -0.3412 0.4685 0.8149
vn -0.5446 0.8387 0.0013
vn -0.3413 0.4685 0.8149
vn -0.3162 0.4765 0.8204
vn -0.5878 0.8090 0.0014
vn -0.5877 0.8091 -0.0005
vn -0.5446 0.8387 -0.0006
vn -0.3445 0.4684 -0.8136
vn -0.3195 0.4765 -0.8191
vn -0.2786 0.5029 -0.8182
vn -0.3195 0.4764 -0.8191
vn -0.4692 0.8831 -0.0006
vn -0.5444 0.8388 -0.0005
vn -0.3162 0.4765 0.8203
vn -0.4692 0.8831 0.0012
vn -0.5444 0.8388 0.0013
vn -0.2753 0.5030 0.8193
vn -0.3954 0.9185 0.0012
vn -0.2753 0.5029 0.8193
vn -0.2355 0.5315 0.8137
vn -0.4690 0.8832 0.0012
vn -0.4690 0.8832 -0.0006
vn -0.3954 0.9185 -0.0007
vn -0.2787 0.5029 -0.8182
vn -0.2389 0.5314 -0.8128
vn -0.2060 0.5481 -0.8107
vn -0.2389 0.5313 -0.8128
vn -0.3399 0.9405 -0.0008
vn -0.3952 0.9186 -0.0007
vn -0.2355 0.5314 0.8137
vn -0.3399 0.9405 0.0011
vn -0.3952 0.9186 0.0012
vn -0.2025 0.5482 0.8115
vn -0.3002 0.9539 0.0010
vn -0.2027 0.5482 0.8114
vn -0.1860 0.5468 0.8163
vn -0.3397 0.9405 0.0011
vn -0.3397 0.9405 -0.0007
vn -0.3002 0.9539 -0.0009
vn -0.1895 0.5468 -0.8155
vn 0.3870 0.6211 0.6816
vn 0.1265 0.9920 0.0004
vn 0.1236 0.6924 0.7108
vn 0.4119 0.9112 0.0002
vn 0.3841 0.6215 -0.6828
vn 0.1265 0.9920 -0.0012
vn 0.4119 0.9112 -0.0014
vn 0.1205 0.6926 -0.7112
vn 0.4127 0.9109 -0.0014
vn 0.5077 0.5559 -0.6582
vn 0.5553 0.8317 -0.0017
vn 0.4127 0.9109 0.0002
vn 0.5103 0.5553 0.6567
vn 0.5552 0.8317 0.0001
vn 0.3870 0.6211 0.6815
vn -0.0638 0.9980 -0.0010
vn -0.0492 0.6820 -0.7297
vn 0.1257 0.9921 -0.0011
vn -0.0637 0.9980 0.0008
vn 0.1235 0.6924 0.7109
vn 0.1257 0.9921 0.0005
vn -0.0462 0.6820 0.7299
vn 0.5546 0.5311 0.6406
vn 0.5555 0.8315 0.0001
vn 0.5104 0.5553 0.6566
vn 0.7141 0.7000 -0.0002
vn 0.5521 0.5317 -0.6423
vn 0.5555 0.8315 -0.0016
vn 0.7141 0.7000 -0.0017
vn 0.5076 0.5559 -0.6582
vn -0.1621 0.5649 0.8091
vn -0.1688 0.9856 -0.0000
vn -0.2463 0.9692 0.0001
vn -0.1655 0.5649 -0.8084
vn -0.3002 0.9539 0.0001
vn -0.1125 0.5961 0.7950
vn -0.1163 0.9932 -0.0001
vn -0.1687 0.9857 -0.0000
vn -0.0716 0.6372 0.7674
vn -0.1160 0.5961 -0.7945
vn -0.0750 0.6371 -0.7671
vn -0.0494 0.6820 -0.7297
vn -0.0749 0.6372 -0.7671
vn -0.0638 0.9980 -0.0001
vn -0.0717 0.6371 0.7674
vn -0.1688 0.9857 0.0009
vn -0.1619 0.5650 0.8091
vn -0.2464 0.9692 0.0009
vn -0.1861 0.5468 0.8163
vn -0.1159 0.5961 -0.7945
vn -0.1689 0.9856 -0.0010
vn -0.1653 0.5650 -0.8084
vn -0.1896 0.5467 -0.8156
vn -0.2464 0.9692 -0.0008
vn -0.3750 0.4250 0.8239
vn -0.3356 0.4632 0.8203
vn 0.5470 0.8372 -0.0016
vn 0.3261 0.5706 -0.7537
vn 0.3472 0.5523 -0.7579
vn 0.5116 0.8592 -0.0016
vn 0.5469 0.8372 0.0002
vn 0.3293 0.5702 0.7526
vn 0.5116 0.8592 0.0002
vn 0.3505 0.5518 0.7568
vn 0.3990 0.5166 0.7576
vn 0.7398 0.6728 -0.0001
vn 0.4975 0.4524 0.7401
vn 0.6141 0.7892 -0.0000
vn 0.6138 0.7894 -0.0000
vn 0.3995 0.5171 0.7569
vn 0.5471 0.8371 0.0002
vn 0.3473 0.5523 -0.7579
vn 0.6138 0.7895 -0.0017
vn 0.5471 0.8371 -0.0016
vn 0.3959 0.5170 -0.7589
vn 0.4015 0.6905 0.6017
vn 0.5115 0.8593 0.0001
vn 0.5063 0.8624 0.0001
vn 0.3989 0.6909 -0.6029
vn 0.5115 0.8593 -0.0017
vn 0.5063 0.8623 -0.0016
vn 0.7398 0.6728 -0.0018
vn 0.3958 0.5171 -0.7589
vn 0.4946 0.4530 -0.7418
vn 0.6141 0.7892 -0.0017
vn -0.3183 0.4795 0.8178
vn -0.3090 0.4780 0.8222
vn -0.5502 0.8351 0.0004
vn -0.5595 0.8288 0.0004
vn -0.3215 0.4795 -0.8166
vn -0.3123 0.4778 -0.8210
vn -0.3303 0.4713 -0.8178
vn -0.3516 0.4668 -0.8115
vn -0.5690 0.8223 -0.0005
vn -0.6064 0.7952 -0.0004
vn -0.3482 0.4670 0.8128
vn -0.5690 0.8223 0.0013
vn -0.6064 0.7952 0.0014
vn -0.3269 0.4714 0.8191
vn -0.3516 0.4669 -0.8114
vn -0.6065 0.7951 -0.0004
vn -0.6479 0.7617 -0.0004
vn -0.6065 0.7951 0.0014
vn -0.6479 0.7617 0.0015
vn -0.3483 0.4670 0.8128
vn -0.6293 0.4769 0.6136
vn -0.0061 -0.0016 1.0000
vn -0.1768 0.2191 0.9595
vn -0.0267 0.9996 -0.0011
vn -0.0200 0.6448 -0.7641
vn -0.0486 0.7062 -0.7064
vn -0.0639 0.9980 -0.0010
vn 0.0421 0.6456 -0.7625
vn -0.0199 0.6449 -0.7640
vn 0.0608 0.9981 -0.0011
vn -0.0264 0.9997 -0.0011
vn -0.0454 0.7063 0.7065
vn -0.0267 0.9996 0.0007
vn -0.0638 0.9980 0.0007
vn -0.0167 0.6448 0.7642
vn -0.0165 0.6448 0.7642
vn 0.0608 0.9982 0.0007
vn -0.0264 0.9997 0.0007
vn 0.0455 0.6455 0.7624
vn -0.2770 0.5062 0.8167
vn -0.2590 0.5119 0.8191
vn -0.4533 0.8914 0.0003
vn -0.4788 0.8779 0.0004
vn -0.2804 0.5061 -0.8156
vn -0.2624 0.5119 -0.8180
vn -0.2591 0.5119 0.8191
vn -0.4378 0.8991 0.0005
vn -0.4532 0.8914 0.0003
vn -0.2224 0.4555 0.8620
vn -0.2625 0.5118 -0.8180
vn -0.2260 0.4556 -0.8610
vn 0.7145 0.6996 -0.0008
vn 0.5949 -0.0067 0.8038
vn 1.0000 -0.0081 -0.0011
vn 0.7146 0.6996 -0.0009
vn 1.0000 -0.0081 -0.0010
vn 0.5921 -0.0064 -0.8059
vn -0.3055 0.4889 -0.8171
vn -0.4789 0.8779 -0.0005
vn -0.5253 0.8509 -0.0006
vn -0.3021 0.4890 0.8183
vn -0.4789 0.8779 0.0012
vn -0.5253 0.8509 0.0013
vn -0.2771 0.5061 0.8167
vn -0.5689 0.8224 -0.0005
vn -0.5254 0.8508 -0.0006
vn -0.3055 0.4890 -0.8171
vn -0.3271 0.4714 0.8191
vn -0.5254 0.8508 0.0013
vn -0.5689 0.8224 0.0014
vn -0.7291 0.0096 -0.6843
vn -0.7270 0.0093 0.6865
vn -0.7269 0.0093 0.6867
vn -0.6313 0.4766 -0.6118
vn -0.0103 -0.0011 -0.9999
vn -0.7214 0.0099 -0.6925
vn -0.1809 0.2194 -0.9587
vn -0.8285 0.5600 0.0009
vn -0.7193 0.0097 0.6946
vn -0.7136 0.0101 -0.7004
vn -0.8654 0.5011 0.0008
vn -0.6532 0.4184 -0.6312
vn -0.7115 0.0098 0.7026
vn -0.6511 0.4187 0.6331
vn -0.9999 0.0154 0.0011
vn -0.7135 0.0092 -0.7006
vn -1.0000 0.0069 0.0010
vn -0.7550 0.0074 -0.6557
vn -0.7113 0.0089 0.7028
vn 0.3227 0.0560 -0.9448
vn -0.5135 0.3013 -0.8034
vn -0.1421 0.9346 -0.3261
vn 0.1884 0.8749 -0.4461
vn -0.2769 0.9609 0.0001
vn -0.5105 0.3014 0.8053
vn -0.1408 0.9348 0.3261
vn -0.7528 0.0072 0.6582
vn 0.3270 0.0545 0.9434
vn 0.1914 0.8747 0.4453
vn 0.8361 0.0029 0.5485
vn 0.4947 0.8136 0.3054
vn 0.6137 0.7895 -0.0007
vn 0.4935 0.8138 -0.3068
vn 0.8346 0.0031 -0.5509
vn 0.1903 0.8746 -0.4460
vn 0.3231 0.0550 -0.9448
vn -0.3089 0.4779 0.8223
vn -0.5447 0.8387 0.0004
vn -0.5500 0.8352 0.0004
vn -0.2573 0.3960 0.8815
vn -0.3123 0.4779 -0.8210
vn -0.2609 0.3960 -0.8804
vn -0.3215 0.4794 -0.8166
vn -0.3390 0.4630 -0.8190
vn -0.5595 0.8288 -0.0005
vn -0.3390 0.4630 -0.8189
vn -0.3783 0.4249 -0.8224
vn -0.5879 0.8090 -0.0006
vn -0.6526 0.7577 0.0006
vn -0.3751 0.4249 0.8239
vn -0.3357 0.4632 0.8202
vn -0.5595 0.8288 0.0013
vn -0.5877 0.8091 0.0014
vn -0.3181 0.4796 0.8178
vn 0.5638 0.8259 -0.0008
vn 0.7136 -0.0102 0.7004
vn 1.0000 -0.0080 -0.0010
vn 0.3620 0.8001 0.4783
vn 0.0019 -0.0012 1.0000
vn -0.1372 0.7218 0.6783
vn 0.7113 -0.0099 -0.7028
vn 0.3599 0.8004 -0.4794
vn -0.0024 -0.0008 -1.0000
vn -0.1401 0.7216 -0.6779
vn -0.0438 -0.0009 -0.9990
vn -0.7283 0.0099 -0.6852
vn -0.6120 0.6528 -0.4465
vn -0.1411 0.7365 -0.6616
vn -0.0427 -0.0012 -0.9991
vn 0.6789 -0.0031 -0.7342
vn -1.0000 -0.0007 0.0020
vn -0.9447 0.3280 0.0019
vn -0.3738 -0.0038 -0.9275
vn -0.1077 -0.0034 -0.9942
vn 0.5451 -0.2499 -0.8003
vn 0.5769 -0.2311 -0.7835
vn -0.2295 -0.0597 -0.9715
vn -0.0507 -0.0015 -0.9987
vn 0.4943 -0.3208 -0.8079
vn -0.5021 0.2086 -0.8393
vn -0.5213 0.0516 -0.8518
vn -0.7328 0.0093 -0.6803
vn -0.8226 -0.0451 -0.5669
vn -0.1524 -0.1435 -0.9778
vn -0.1996 -0.2132 -0.9564
vn 0.5927 -0.2833 -0.7539
vn 0.2740 0.0272 -0.9614
vn 0.1209 0.6919 -0.7118
vn 0.3835 0.6211 -0.6835
vn 0.0794 0.0291 -0.9964
vn -0.0589 -0.0017 -0.9983
vn -0.7368 0.0093 -0.6761
vn 0.8659 0.5002 -0.0012
vn 0.6748 -0.0103 -0.7379
vn 0.8659 0.5002 -0.0019
vn -0.0339 -0.0000 -0.9994
vn 0.3468 0.5517 -0.7585
vn 0.3257 0.5699 -0.7544
vn -0.0179 0.0006 -0.9998
vn -0.0177 0.0005 -0.9998
vn 0.3469 0.5516 -0.7586
vn 0.0065 0.0013 -1.0000
vn 0.4939 0.4526 -0.7424
vn 0.0390 0.0024 -0.9992
vn 0.0058 0.0005 -1.0000
vn -0.0265 -0.0006 -0.9996
vn -0.4231 0.3663 -0.8287
vn 0.4343 -0.3732 -0.8198
vn -0.4583 0.2964 -0.8379
vn 0.4615 -0.3482 -0.8160
vn -0.0588 -0.0017 -0.9983
vn -0.1812 -0.0055 -0.9834
vn -0.4852 0.1648 -0.8587
vn -0.1325 -0.0038 -0.9912
vn -0.1811 -0.0054 -0.9834
vn -0.4640 0.1580 -0.8717
vn -0.3123 0.4778 -0.8211
vn 0.3254 -0.4780 -0.8159
vn 0.3167 -0.4862 -0.8145
vn -0.3738 -0.0039 -0.9275
vn 0.3182 -0.4795 -0.8178
vn 0.3428 -0.4617 -0.8181
vn 0.0139 0.0008 -0.9999
vn -0.3515 0.4669 -0.8115
vn 0.3843 0.6207 -0.6834
vn 0.5073 0.5553 -0.6590
vn 0.2743 0.0281 -0.9612
vn 0.3700 -0.0034 -0.9290
vn 0.4282 -0.3572 -0.8301
vn 0.4616 -0.3128 -0.8301
vn 0.0787 0.0032 -0.9969
vn -0.0103 -0.0000 -0.9999
vn -0.4269 0.4066 -0.8077
vn -0.4631 0.1672 -0.8704
vn -0.3769 0.4681 -0.7993
vn 0.0544 0.0022 -0.9985
vn 0.3860 -0.4190 -0.8219
vn 0.0140 0.0008 -0.9999
vn 0.3429 -0.4616 -0.8181
vn -0.1803 -0.0059 -0.9836
vn 0.7225 -0.0092 -0.6913
vn -0.0338 -0.0009 -0.9994
vn -0.0010 -0.0000 -1.0000
vn 0.7105 -0.0101 -0.7036
vn 0.7640 -0.0079 -0.6451
vn 0.0470 0.0015 -0.9989
vn -0.0010 -0.0001 -1.0000
vn 0.7026 -0.0105 -0.7115
vn 0.6677 -0.3920 -0.6328
vn 0.1544 -0.1874 -0.9701
vn 0.6236 0.0051 -0.7817
vn -0.1500 0.1860 -0.9710
vn -0.0273 -0.0013 -0.9996
vn 0.6792 -0.0110 -0.7339
vn 0.6293 -0.4769 -0.6136
vn -0.1816 0.2202 -0.9584
vn 0.1698 -0.2203 -0.9605
vn 0.5687 0.0119 -0.8225
vn -0.0110 -0.0009 -0.9999
vn 0.7075 -0.0110 -0.7066
vn 0.5076 0.5551 -0.6589
vn 0.5519 0.5310 -0.6430
vn 0.3702 -0.0035 -0.9290
vn 0.5921 -0.0043 -0.8059
vn -0.0803 -0.1498 -0.9855
vn -0.7615 -0.1279 -0.6354
vn -0.0247 -0.2003 -0.9794
vn 0.7070 -0.1657 -0.6876
vn -0.0493 0.6812 -0.7304
vn 0.0792 0.0291 -0.9964
vn -0.0263 0.0081 -0.9996
vn 0.1199 0.6920 -0.7119
vn 0.7752 -0.0086 -0.6316
vn -0.0272 -0.0014 -0.9996
vn 0.0457 0.0011 -0.9990
vn 0.6955 -0.0105 -0.7184
vn 0.6079 -0.5347 -0.5869
vn 0.5467 -0.2154 -0.8091
vn 0.1849 -0.2456 -0.9516
vn 0.5603 -0.2665 -0.7842
vn 0.0149 0.0003 -0.9999
vn 0.6026 -0.2132 -0.7690
vn 0.0636 0.0108 -0.9979
vn 0.6340 -0.1159 -0.7646
vn 0.0314 0.0098 -0.9995
vn 0.6051 -0.0221 -0.7959
vn -0.1719 0.0119 -0.9850
vn 0.6623 0.0488 -0.7477
vn -0.0512 -0.0189 -0.9985
vn 0.2753 0.0448 -0.9603
vn 0.7941 0.1299 -0.5938
vn 0.0060 0.0015 -1.0000
vn 0.0420 0.6449 -0.7631
vn 0.0059 0.0015 -1.0000
vn -0.0198 0.6441 -0.7647
vn -0.0750 0.6364 -0.7677
vn -0.0261 0.0081 -0.9996
vn -0.0105 0.0010 -0.9999
vn -0.0494 0.6812 -0.7305
vn -0.0104 0.0009 -0.9999
vn -0.0749 0.6364 -0.7677
vn -0.0105 0.0009 -0.9999
vn -0.1652 0.5650 -0.8084
vn -0.0186 0.0008 -0.9998
vn -0.1894 0.5468 -0.8156
vn -0.1654 0.5648 -0.8085
vn -0.0188 0.0006 -0.9998
vn -0.0267 0.0003 -0.9996
vn -0.0186 0.0007 -0.9998
vn -0.2624 0.5118 -0.8180
vn 0.0059 0.0005 -1.0000
vn 0.2517 -0.5131 -0.8206
vn 0.2679 -0.5043 -0.8209
vn 0.0962 -0.1959 -0.9759
vn -0.0023 0.0005 -1.0000
vn 0.3143 -0.6561 -0.6861
vn 0.2517 -0.5132 -0.8205
vn 0.3256 0.5700 -0.7544
vn 0.1187 0.2478 -0.9615
vn -0.0340 -0.0000 -0.9994
vn 0.3986 0.6903 -0.6038
vn 0.5994 0.1074 -0.7932
vn 0.0391 0.0023 -0.9992
vn 0.1525 -0.0112 -0.9882
vn 0.4942 0.4523 -0.7424
vn -0.0103 -0.0001 -0.9999
vn 0.4616 -0.3129 -0.8301
vn 0.5353 -0.2935 -0.7920
vn -0.2030 -0.0160 -0.9791
vn -0.4633 0.1662 -0.8705
vn -0.6340 0.0216 -0.7730
vn -0.8517 -0.0205 -0.5237
vn -0.1984 -0.1198 -0.9728
vn 0.6187 -0.2217 -0.7537
vn -0.2004 -0.1196 -0.9724
vn -0.7615 -0.1280 -0.6354
vn -0.0803 -0.1497 -0.9855
vn -0.0783 -0.1499 -0.9856
vn -0.1994 -0.1196 -0.9726
vn 0.6686 -0.1765 -0.7224
vn 0.6187 -0.2215 -0.7537
vn 0.0938 -0.0659 -0.9934
vn 0.5993 0.1068 -0.7934
vn 0.1526 -0.0115 -0.9882
vn 0.5359 -0.0681 -0.8416
vn -0.0133 0.1573 -0.9875
vn -0.0200 0.6441 -0.7647
vn 0.0058 0.0015 -1.0000
vn -0.0484 0.7055 -0.7071
vn 0.5359 -0.0683 -0.8415
vn 0.0803 0.0289 -0.9964
vn 0.2733 0.0263 -0.9616
vn 0.0938 -0.0658 -0.9934
vn 0.8362 -0.0493 -0.5462
vn 0.9987 -0.0504 -0.0001
vn 0.1611 -0.1764 -0.9711
vn 0.8372 -0.0486 -0.5447
vn -0.1591 -0.1266 -0.9791
vn 0.6117 -0.1171 -0.7824
vn -0.0031 0.0007 -1.0000
vn -0.5047 0.1572 -0.8488
vn -0.0354 -0.0004 -0.9994
vn -0.1591 -0.1267 -0.9791
vn 0.5784 -0.1965 -0.7918
vn 0.6117 -0.1173 -0.7823
vn -0.2206 -0.0073 -0.9753
vn -0.0184 -0.0003 -0.9998
vn -0.1895 0.5467 -0.8156
vn -0.2060 0.5480 -0.8107
vn 0.1542 -0.5659 -0.8100
vn 0.1291 -0.5706 -0.8110
vn 0.2026 -0.5482 -0.8115
vn -0.0262 -0.0016 -0.9997
vn 0.1127 -0.5778 -0.8084
vn 0.1290 -0.5706 -0.8110
vn -0.0181 -0.0014 -0.9998
vn 0.2502 -0.5194 -0.8170
vn -0.2388 0.5314 -0.8128
vn 0.2841 -0.4951 -0.8210
vn -0.2786 0.5028 -0.8182
vn 0.3162 -0.4765 -0.8204
vn -0.3194 0.4764 -0.8191
vn 0.3500 -0.4601 -0.8160
vn 0.0220 0.0011 -0.9998
vn 0.4005 -0.4258 -0.8114
vn -0.3686 0.4860 -0.7924
vn 0.0464 0.0019 -0.9989
vn 0.4350 -0.4003 -0.8066
vn -0.4088 0.4671 -0.7840
vn 0.4489 -0.4068 -0.7957
vn -0.4440 0.3716 -0.8154
vn -0.0668 -0.0020 -0.9978
vn 0.4517 -0.4094 -0.7927
vn -0.4656 0.2692 -0.8430
vn -0.1316 -0.0043 -0.9913
vn -0.4719 0.2018 -0.8582
vn 0.4471 -0.4141 -0.7929
vn -0.1317 -0.0043 -0.9913
vn -0.2207 -0.0073 -0.9753
vn -0.0337 -0.0013 -0.9994
vn 0.5783 -0.1967 -0.7918
vn -0.0356 -0.0007 -0.9994
vn -0.5050 0.1566 -0.8488
vn -0.2215 -0.0069 -0.9751
vn 0.4262 -0.3821 -0.8200
vn -0.0338 -0.0015 -0.9994
vn -0.0014 -0.0004 -1.0000
vn 0.4943 -0.3210 -0.8079
vn 0.0920 -0.0659 -0.9936
vn -0.0885 -0.1850 -0.9788
vn 0.0784 0.0289 -0.9965
vn -0.0260 0.0071 -0.9996
vn -0.8108 -0.1044 -0.5760
vn -0.2216 -0.0076 -0.9751
vn -0.1601 -0.1266 -0.9789
vn -0.7507 0.0172 -0.6604
vn 0.2680 -0.5042 -0.8210
vn 0.2914 -0.4938 -0.8193
vn 0.0064 -0.0005 -1.0000
vn 0.0064 -0.0004 -1.0000
vn 0.0054 0.0013 -1.0000
vn 0.0054 0.0015 -1.0000
vn -0.2804 0.5060 -0.8157
vn -0.3054 0.4890 -0.8171
vn 0.0053 0.0013 -1.0000
vn -0.0027 0.0011 -1.0000
vn -0.3055 0.4888 -0.8171
vn -0.3302 0.4714 -0.8178
vn 0.2742 0.0262 -0.9613
vn 0.2368 -0.5058 -0.8295
vn 0.5358 -0.0686 -0.8415
vn 0.3694 -0.0054 -0.9293
vn -0.1602 -0.1269 -0.9789
vn -0.6929 -0.2357 -0.6814
vn 0.1602 -0.1762 -0.9712
vn -0.3205 0.3537 -0.8787
vn 0.0052 0.0013 -1.0000
vn -0.4066 0.3842 -0.8289
vn 0.1693 -0.1941 -0.9663
vn 0.1698 -0.1948 -0.9660
vn 0.3927 -0.4176 -0.8194
vn 0.0066 -0.0004 -1.0000
vn 0.5113 -0.5809 -0.6333
vn -0.4568 0.3222 -0.8292
vn 0.0051 0.0011 -1.0000
vn -0.0030 0.0009 -1.0000
vn -0.0014 -0.0005 -1.0000
vn 0.3928 -0.4175 -0.8194
vn 0.4261 -0.3822 -0.8200
vn 0.0066 -0.0002 -1.0000
vn -0.3769 -0.3610 -0.8530
vn 0.0929 -0.0664 -0.9935
vn 0.1518 -0.0120 -0.9883
vn 0.0921 -0.0671 -0.9935
vn -0.3758 -0.3616 -0.8532
vn -0.0885 -0.1850 -0.9787
vn -0.5212 -0.3878 -0.7603
vn -0.3767 -0.3610 -0.8531
vn -0.5213 -0.3877 -0.7602
vn 0.0383 0.0016 -0.9993
vn -0.0101 -0.0011 -0.9999
vn 0.0370 -0.5178 -0.8547
vn 0.0894 -0.5796 -0.8100
vn -0.0261 0.0071 -0.9996
vn 0.0369 -0.5178 -0.8547
vn -0.0885 -0.1851 -0.9787
vn -0.0190 -0.0012 -0.9998
vn -0.3676 -0.5310 -0.7635
vn -0.3910 -0.5240 -0.7567
vn -0.0352 -0.0018 -0.9994
vn 0.3695 -0.0054 -0.9292
vn 0.1344 -0.6434 -0.7537
vn 0.2365 -0.5058 -0.8296
vn 0.5924 -0.0054 -0.8056
vn 0.0895 -0.5796 -0.8099
vn -0.0182 -0.0013 -0.9998
vn -0.0264 -0.0017 -0.9997
vn 0.0465 0.0007 -0.9989
vn -0.6313 0.4767 -0.6118
vn 0.1697 -0.2205 -0.9605
vn -0.1817 0.2200 -0.9584
vn -0.5863 -0.0121 -0.8100
vn -0.0277 -0.0002 -0.9996
vn -0.1514 -0.1437 -0.9780
vn 0.6078 -0.2559 -0.7517
vn -0.0783 -0.1498 -0.9856
vn 0.6685 -0.1765 -0.7224
vn 0.7069 -0.1658 -0.6876
vn 0.4470 -0.4141 -0.7929
vn 0.4266 -0.4093 -0.8065
vn -0.1803 -0.0060 -0.9836
vn -0.3746 -0.0034 -0.9272
vn -0.7128 0.0102 -0.7013
vn -0.6531 0.4184 -0.6311
vn -0.1495 0.1870 -0.9709
vn -0.6038 -0.0038 -0.7971
vn 0.1540 -0.1867 -0.9703
vn -0.0034 0.0004 -1.0000
vn -0.7011 0.0106 -0.7130
vn -0.7170 0.0098 -0.6970
vn 0.0463 0.0019 -0.9989
vn -0.0034 0.0005 -1.0000
vn -0.7136 0.0102 -0.7004
vn -0.7550 0.0084 -0.6556
vn -0.0353 -0.0006 -0.9994
vn -0.1812 -0.0065 -0.9834
vn -0.7590 -0.0001 -0.6511
vn -0.5127 0.3019 -0.8038
vn 0.3241 0.0547 -0.9444
vn 0.4865 -0.0708 -0.8708
vn 0.3232 0.0549 -0.9447
vn 0.8346 0.0031 -0.5508
vn 0.0165 -0.6441 -0.7648
vn 0.0059 -0.0006 -1.0000
vn -0.0299 -0.6448 -0.7638
vn 0.0418 -0.5973 -0.8010
vn 0.0167 -0.6441 -0.7648
vn -0.0133 0.1562 -0.9876
vn 0.7067 -0.1668 -0.6876
vn 0.9802 -0.1978 -0.0001
vn -0.0257 -0.2002 -0.9794
vn 0.1767 -0.9843 -0.0005
vn 0.3181 -0.4796 -0.8178
vn -0.0016 -0.0007 -1.0000
vn 0.2915 -0.4938 -0.8193
vn -0.5210 -0.3882 -0.7602
vn 0.0382 0.0016 -0.9993
vn -0.4519 -0.4843 -0.7492
vn -0.0191 -0.0012 -0.9998
vn -0.3911 -0.5240 -0.7566
vn 0.6079 -0.2559 -0.7517
vn 0.5928 -0.2833 -0.7539
vn -0.1514 -0.1436 -0.9780
vn -0.0351 -0.0018 -0.9994
vn -0.3219 -0.4665 -0.8239
vn 0.1189 0.2477 -0.9615
vn -0.2609 0.3962 -0.8803
vn 0.1506 -0.2275 -0.9621
vn 0.4269 -0.6567 -0.6217
vn 0.3254 -0.4781 -0.8158
vn 0.3341 -0.4699 -0.8170
vn -0.0016 -0.0006 -1.0000
vn 0.0065 -0.0003 -1.0000
vn -0.0028 0.0010 -1.0000
vn -0.3215 0.4795 -0.8165
vn -0.3389 0.4631 -0.8190
vn -0.3781 0.4250 -0.8224
vn -0.3390 0.4629 -0.8190
vn 0.0133 0.0016 -0.9999
vn 0.0146 -0.0001 -0.9999
vn 0.0065 -0.0004 -1.0000
vn 0.3601 -0.4449 -0.8200
vn 0.3341 -0.4698 -0.8171
vn 0.3602 -0.4448 -0.8200
vn 0.4012 -0.4087 -0.8197
vn -0.2295 -0.0598 -0.9715
vn 0.5769 -0.2312 -0.7835
vn 0.9178 -0.3971 0.0001
vn -0.8828 -0.4697 0.0010
vn -0.2016 -0.2131 -0.9560
vn 0.5936 -0.2844 -0.7528
vn -1.0000 -0.0004 0.0011
vn -0.3732 -0.0045 -0.9277
vn 0.7175 -0.6966 0.0004
vn 0.4273 -0.4106 -0.8055
vn 0.7117 -0.0089 -0.7025
vn 0.6255 -0.6341 -0.4546
vn 0.1390 -0.7215 -0.6783
vn -0.0017 -0.0008 -1.0000
vn -0.7141 0.0005 -0.7001
vn -0.6270 0.6337 -0.4531
vn -0.1419 0.7213 -0.6779
vn 1.0000 -0.0001 -0.0003
vn 0.6818 -0.0027 0.7315
vn 0.8217 -0.5699 -0.0008
vn 1.0000 -0.0001 -0.0018
vn 0.8218 -0.5698 -0.0008
vn 0.5804 -0.2313 0.7808
vn 0.9241 -0.3822 -0.0000
vn 0.5486 -0.2502 0.7978
vn 0.9533 -0.3019 -0.0000
vn 0.5776 -0.2313 -0.7828
vn 0.9241 -0.3822 -0.0019
vn 0.9533 -0.3019 -0.0020
vn 0.5458 -0.2500 -0.7998
vn 0.6778 -0.0112 0.7352
vn 0.9999 -0.0162 -0.0002
vn 0.9999 -0.0161 -0.0020
vn 0.6753 -0.0109 -0.7374
vn 0.8595 -0.5112 -0.0018
vn 0.5458 -0.2502 -0.7997
vn 0.4951 -0.3212 -0.8073
vn 0.9239 -0.3826 -0.0018
vn 0.5993 0.1072 -0.7933
vn 0.9726 -0.2325 -0.0020
vn 1.0000 0.0083 -0.0018
vn 0.5358 -0.0682 -0.8416
vn 0.7403 0.6723 -0.0018
vn 0.5995 0.1062 -0.7933
vn 1.0000 0.0080 -0.0007
vn 0.4946 0.4529 -0.7418
vn 0.6025 0.1057 0.7911
vn 0.7403 0.6723 -0.0001
vn 1.0000 0.0080 -0.0014
vn 0.4975 0.4524 0.7402
vn 0.9726 -0.2325 -0.0001
vn 0.6022 0.1067 0.7912
vn 1.0000 0.0083 -0.0003
vn 0.5389 -0.0686 0.8395
vn 0.4315 -0.3571 0.8285
vn 0.6660 -0.7459 0.0003
vn 0.3891 -0.4191 0.8204
vn 0.7499 -0.6616 0.0003
vn 0.4283 -0.3571 -0.8301
vn 0.6659 -0.7460 -0.0015
vn 0.7499 -0.6616 -0.0016
vn 0.3860 -0.4191 -0.8218
vn 0.4648 -0.3127 0.8284
vn 0.7501 -0.6613 0.0003
vn 0.4313 -0.3572 0.8285
vn 0.8257 -0.5641 0.0002
vn 0.4617 -0.3127 -0.8301
vn 0.7501 -0.6613 -0.0016
vn 0.8257 -0.5641 -0.0017
vn 0.4282 -0.3571 -0.8301
vn 1.0000 -0.0090 -0.0011
vn 0.9782 -0.2076 -0.0010
vn 0.7258 -0.0097 0.6879
vn 0.7237 -0.0088 -0.6901
vn 0.7132 -0.0110 0.7008
vn 0.7109 -0.0107 -0.7032
vn 0.9998 -0.0179 -0.0012
vn 0.7641 -0.0080 -0.6450
vn 0.9999 -0.0154 -0.0010
vn 0.7035 -0.0102 -0.7106
vn 0.7660 -0.0082 0.6427
vn 0.6682 -0.3923 -0.6322
vn 0.7058 -0.0105 0.7083
vn 0.8875 -0.4608 -0.0009
vn 0.6241 0.0044 -0.7813
vn 0.6701 -0.3922 0.6301
vn 0.6268 0.0040 0.7791
vn 0.9999 -0.0153 -0.0010
vn 0.6816 -0.0113 0.7316
vn 0.5716 0.0106 0.8205
vn 0.8224 -0.5689 -0.0008
vn 0.6321 -0.4762 0.6113
vn 1.0000 -0.0070 -0.0010
vn 0.7093 -0.0110 0.7048
vn 0.5686 0.0109 -0.8225
vn 0.6301 -0.4765 -0.6131
vn 0.7071 -0.0107 -0.7071
vn 0.9999 -0.0166 -0.0010
vn 0.7749 -0.0077 -0.6320
vn 0.9999 -0.0165 -0.0011
vn 0.7769 -0.0080 0.6296
vn 0.6949 -0.0112 -0.7190
vn 0.6973 -0.0115 0.7167
vn 0.8259 -0.5638 -0.0017
vn 0.5360 -0.2937 -0.7915
vn 0.9130 -0.4080 -0.0018
vn 0.8259 -0.5638 0.0002
vn 0.5389 -0.2938 0.7895
vn 0.9130 -0.4079 0.0001
vn 0.4647 -0.3129 0.8284
vn 0.9685 -0.2490 -0.0019
vn 0.6693 -0.1765 -0.7217
vn 0.6194 -0.2217 -0.7531
vn 0.9852 -0.1713 -0.0019
vn 0.5947 -0.0065 0.8039
vn 0.5554 0.5310 0.6400
vn 0.5918 -0.0062 -0.8061
vn 0.5529 0.5316 -0.6417
vn 0.7145 0.6996 -0.0010
vn 0.9706 -0.2408 -0.0019
vn 0.6125 -0.1172 -0.7817
vn 0.5791 -0.1966 -0.7912
vn 0.9982 -0.0593 -0.0020
vn 0.9706 -0.2408 -0.0000
vn 0.6152 -0.1173 0.7796
vn 0.9982 -0.0593 -0.0001
vn 0.5819 -0.1967 0.7891
vn 0.8372 -0.0485 -0.5447
vn 0.9983 -0.0590 -0.0010
vn 0.9987 -0.0506 -0.0010
vn 0.8387 -0.0487 0.5424
vn 0.1643 -0.1770 0.9704
vn 0.9616 -0.2745 -0.0010
vn 0.1602 -0.1765 -0.9712
vn 0.8388 -0.0487 0.5423
vn 0.9983 -0.0590 -0.0001
vn 0.6152 -0.1174 0.7796
vn 0.9983 -0.0589 -0.0021
vn 0.5819 -0.1968 0.7891
vn 0.8595 -0.5111 0.0001
vn 0.4973 -0.3210 0.8060
vn 0.9704 -0.2415 -0.0002
vn 0.5791 -0.1967 -0.7912
vn 0.8595 -0.5111 -0.0017
vn 0.9704 -0.2415 -0.0018
vn 0.4950 -0.3212 -0.8073
vn 0.7579 -0.6523 -0.0016
vn 0.8593 -0.5115 -0.0017
vn 0.4262 -0.3822 -0.8199
vn 0.7580 -0.6523 0.0003
vn 0.4980 -0.3212 0.8055
vn 0.8593 -0.5115 0.0002
vn 0.4293 -0.3822 0.8183
vn 0.5118 -0.5814 -0.6325
vn 0.6569 -0.7540 -0.0006
vn 0.6876 -0.7261 -0.0006
vn 0.3960 -0.4174 0.8179
vn 0.5140 -0.5810 0.6310
vn 0.4262 -0.3821 -0.8199
vn 0.7578 -0.6525 -0.0006
vn 0.4294 -0.3821 0.8183
vn 0.3959 -0.4175 0.8179
vn 0.9132 -0.4075 -0.0018
vn 0.6195 -0.2217 -0.7531
vn 0.9684 -0.2494 -0.0019
vn 0.9132 -0.4074 -0.0000
vn 0.6220 -0.2217 0.7510
vn 0.9684 -0.2493 -0.0000
vn 0.5389 -0.2937 0.7895
vn 0.7098 -0.1659 0.6846
vn 0.9852 -0.1712 -0.0001
vn 0.6716 -0.1766 0.7196
vn 0.9852 -0.1712 -0.0019
vn 0.7076 -0.1657 -0.6869
vn 0.6692 -0.1765 -0.7218
vn 0.8366 0.0023 0.5478
vn 0.4897 -0.0695 0.8691
vn 1.0000 -0.0007 -0.0010
vn 0.4864 -0.0692 -0.8710
vn 0.8351 0.0026 -0.5501
vn 0.9685 -0.2490 -0.0000
vn 0.6717 -0.1766 0.7195
vn 0.9852 -0.1713 -0.0001
vn 0.7070 -0.1658 -0.6875
vn 0.9852 -0.1712 -0.0010
vn 0.9802 -0.1979 -0.0010
vn 0.7092 -0.1658 0.6853
vn 0.4646 -0.3481 0.8142
vn 0.7699 -0.6381 0.0003
vn 0.4375 -0.3732 0.8181
vn 0.8148 -0.5797 0.0002
vn 0.4615 -0.3481 -0.8160
vn 0.7699 -0.6381 -0.0017
vn 0.8148 -0.5797 -0.0016
vn 0.8149 -0.5796 0.0002
vn 0.4646 -0.3481 0.8143
vn 0.8593 -0.5114 0.0001
vn 0.4950 -0.3213 -0.8073
vn 0.8149 -0.5796 -0.0018
vn 0.8593 -0.5114 -0.0017
vn 0.8595 -0.5112 0.0001
vn 0.9239 -0.3826 -0.0000
vn 0.5961 -0.2835 0.7512
vn 0.9533 -0.3019 0.0001
vn 0.6112 -0.2561 0.7489
vn 0.9533 -0.3020 -0.0020
vn 0.5935 -0.2834 -0.7533
vn 0.6087 -0.2560 -0.7510
vn 0.4013 -0.4087 -0.8197
vn 0.6300 -0.7766 -0.0014
vn 0.7090 -0.7052 -0.0016
vn 0.3602 -0.4449 -0.8200
vn 0.6300 -0.7766 0.0004
vn 0.4044 -0.4087 0.8182
vn 0.7090 -0.7052 0.0003
vn 0.3634 -0.4448 0.8186
vn 0.7092 -0.7050 -0.0016
vn 0.4012 -0.4089 -0.8197
vn 0.7698 -0.6383 -0.0016
vn 0.7092 -0.7050 0.0003
vn 0.4375 -0.3731 0.8181
vn 0.7698 -0.6383 0.0003
vn 0.9533 -0.3019 -0.0019
vn 0.5776 -0.2313 -0.7829
vn 0.6112 -0.2560 0.7489
vn 0.5935 -0.2835 -0.7533
vn 0.9533 -0.3019 -0.0010
vn 0.9177 -0.3972 -0.0009
vn 0.5961 -0.2833 0.7512
vn 0.6704 -0.7420 -0.0015
vn 0.4350 -0.4002 -0.8066
vn 0.7257 -0.6880 -0.0016
vn 0.6704 -0.7420 0.0004
vn 0.4380 -0.4002 0.8050
vn 0.7257 -0.6880 0.0003
vn 0.4036 -0.4257 0.8099
vn 0.7258 -0.6879 -0.0015
vn 0.4495 -0.4073 -0.7950
vn 0.4349 -0.4004 -0.8066
vn 0.7621 -0.6474 -0.0017
vn 0.7258 -0.6879 0.0003
vn 0.4525 -0.4072 0.7934
vn 0.7621 -0.6474 0.0003
vn 0.4380 -0.4003 0.8050
vn 0.4554 -0.4097 0.7904
vn 0.7622 -0.6473 0.0003
vn 0.7775 -0.6289 0.0003
vn 0.4523 -0.4098 -0.7921
vn 0.7622 -0.6474 -0.0017
vn 0.7775 -0.6289 -0.0017
vn 0.4296 -0.4092 0.8050
vn 0.7817 -0.6236 0.0003
vn 0.4507 -0.4144 0.7907
vn 0.7176 -0.6964 0.0003
vn 0.7817 -0.6236 -0.0016
vn 0.7177 -0.6964 -0.0015
vn 0.4266 -0.4093 -0.8066
vn 0.4477 -0.4145 -0.7923
vn 0.7817 -0.6236 -0.0017
vn 0.7775 -0.6289 0.0002
vn 0.4553 -0.4097 0.7905
vn 0.6283 -0.6334 0.4517
vn 1.0000 -0.0080 -0.0011
vn 0.7134 -0.0092 0.7007
vn 0.7996 -0.6005 -0.0007
vn 0.6269 -0.6338 -0.4532
vn 0.7110 -0.0090 -0.7031
vn -0.1863 -0.8036 -0.5652
vn -0.5698 -0.7283 -0.3808
vn -0.7369 0.0103 -0.6760
vn -0.0585 -0.0007 -0.9983
vn -0.1829 -0.8040 0.5659
vn -0.7346 0.0102 0.6784
vn -0.5682 -0.7286 0.3824
vn -0.0545 -0.0021 0.9985
vn 0.2392 -0.8780 0.4146
vn 0.6779 -0.0113 0.7351
vn 0.4179 -0.9085 -0.0003
vn 0.9999 -0.0167 -0.0011
vn 0.6753 -0.0110 -0.7375
vn 0.2375 -0.8783 -0.4149
vn -0.0587 -0.0017 -0.9983
vn -0.1845 -0.8040 -0.5653
vn 0.6022 -0.7984 -0.0014
vn 0.5541 -0.8324 -0.0013
vn 0.3429 -0.4617 -0.8181
vn 0.6657 -0.7462 0.0003
vn 0.3462 -0.4616 0.8168
vn 0.3892 -0.4190 0.8203
vn 0.6024 -0.7982 0.0005
vn 0.6657 -0.7462 -0.0015
vn 0.6023 -0.7983 -0.0014
vn 0.7135 -0.0092 0.7006
vn 1.0000 -0.0069 -0.0011
vn 0.7112 -0.0089 -0.7030
vn 0.7639 -0.0069 -0.6452
vn 0.7660 -0.0072 0.6429
vn -0.0221 -0.0000 0.9998
vn 0.6319 -0.4757 0.6119
vn 0.6817 -0.0113 0.7316
vn 0.1731 -0.2200 0.9600
vn 0.8218 -0.5697 -0.0007
vn 0.9998 -0.0177 -0.0012
vn 0.6791 -0.0110 -0.7339
vn -0.0058 -0.0005 1.0000
vn 0.7766 -0.0092 0.6299
vn 0.7097 -0.0114 0.7044
vn 0.6299 -0.4760 -0.6137
vn -0.0265 0.0004 -0.9996
vn 0.1691 -0.2197 -0.9608
vn 0.9998 -0.0177 -0.0010
vn 1.0000 -0.0092 -0.0012
vn 0.7073 -0.0110 -0.7068
vn -0.0104 -0.0001 -0.9999
vn 0.7748 -0.0089 -0.6321
vn -0.0264 -0.0006 -0.9997
vn 0.6951 -0.0115 -0.7188
vn 0.6087 -0.5337 -0.5871
vn 0.1834 -0.2449 -0.9520
vn 0.7782 -0.6281 -0.0006
vn 0.6977 -0.0119 0.7163
vn -0.0220 -0.0010 0.9998
vn 0.6106 -0.5334 0.5854
vn 0.1887 -0.2453 0.9509
vn 0.2517 -0.5132 -0.8206
vn 0.4691 -0.8831 -0.0004
vn 0.2679 -0.5042 -0.8210
vn 0.3146 -0.6567 -0.6854
vn 0.4435 -0.8963 -0.0003
vn 0.2516 -0.5132 -0.8206
vn 0.0784 -0.9969 0.0009
vn 0.5923 -0.0054 -0.8057
vn 1.0000 -0.0072 -0.0005
vn 0.1347 -0.6447 -0.7525
vn 0.0784 -0.9969 -0.0006
vn 1.0000 -0.0071 -0.0015
vn 0.5951 -0.0057 0.8037
vn 0.1379 -0.6446 0.7520
vn 0.4370 -0.8995 -0.0002
vn 0.4436 -0.8962 -0.0003
vn 0.3170 -0.6559 0.6850
vn 0.2550 -0.5131 0.8196
vn 0.2713 -0.5042 0.8199
vn 0.2914 -0.4939 -0.8192
vn 0.2948 -0.4937 0.8182
vn -0.7291 0.0107 -0.6843
vn 0.1839 -0.2460 -0.9517
vn -0.5631 -0.0093 -0.8264
vn -0.7269 0.0104 0.6866
vn -0.5601 -0.0098 0.8284
vn -0.7215 0.0110 -0.6923
vn -0.7291 0.0107 -0.6844
vn 0.0507 0.0015 0.9987
vn -0.7192 0.0107 0.6947
vn -0.7270 0.0105 0.6865
vn 0.0200 -0.6448 0.7641
vn 0.0785 -0.9969 0.0010
vn 0.0267 -0.9996 0.0011
vn 0.0452 -0.5973 0.8007
vn 0.0785 -0.9969 -0.0008
vn 0.0167 -0.6448 -0.7642
vn 0.0267 -0.9996 -0.0007
vn -0.0301 -0.6456 -0.7631
vn 0.0265 -0.9996 -0.0007
vn 0.0166 -0.6448 -0.7642
vn -0.0463 -0.9989 -0.0006
vn -0.0266 -0.6457 0.7631
vn 0.0264 -0.9997 0.0011
vn -0.0463 -0.9989 0.0011
vn 0.0199 -0.6448 0.7641
vn 0.2947 -0.4938 0.8181
vn 0.3215 -0.4795 0.8165
vn 0.2914 -0.4939 -0.8193
vn 0.3182 -0.4796 -0.8177
vn 0.6022 -0.7983 0.0005
vn 0.5542 -0.8324 0.0005
vn 0.3461 -0.4616 0.8168
vn -0.3680 -0.5316 -0.7628
vn -0.5421 -0.8403 -0.0001
vn -0.5553 -0.8316 -0.0002
vn -0.3647 -0.5321 0.7641
vn -0.5553 -0.8316 0.0016
vn -0.5420 -0.8404 0.0017
vn -0.3183 -0.4670 0.8250
vn -0.3883 -0.5251 0.7573
vn -0.5851 -0.8110 0.0017
vn -0.6768 -0.7361 0.0018
vn -0.4524 -0.4849 -0.7485
vn -0.5851 -0.8110 -0.0001
vn -0.6768 -0.7362 0.0001
vn -0.3915 -0.5246 -0.7560
vn -0.5554 -0.8316 -0.0001
vn -0.3681 -0.5316 -0.7628
vn -0.5849 -0.8111 -0.0001
vn -0.3882 -0.5251 0.7573
vn -0.5849 -0.8111 0.0017
vn -0.5554 -0.8316 0.0017
vn -0.3648 -0.5321 0.7641
vn 0.3166 -0.4862 -0.8145
vn 0.5540 -0.8325 -0.0004
vn 0.3255 -0.4781 -0.8158
vn 0.4273 -0.6572 -0.6209
vn 0.5446 -0.8387 -0.0004
vn 0.5443 -0.8389 -0.0004
vn 0.4296 -0.6568 0.6197
vn 0.3199 -0.4862 0.8132
vn 0.5445 -0.8388 -0.0004
vn 0.3287 -0.4780 0.8145
vn 0.5784 -0.8158 -0.0004
vn 0.3254 -0.4782 -0.8158
vn 0.3287 -0.4781 0.8145
vn 0.3342 -0.4700 -0.8170
vn 0.3374 -0.4698 0.8157
vn 0.3341 -0.4700 -0.8170
vn 0.6299 -0.7767 -0.0005
vn 0.5784 -0.8157 -0.0004
vn 0.3374 -0.4699 0.8157
vn 0.3635 -0.4447 0.8186
vn -0.3728 -0.3616 0.8546
vn -0.0837 -0.1845 0.9793
vn -0.6693 -0.7430 0.0009
vn -0.1403 -0.9901 0.0003
vn -0.0883 -0.1848 -0.9788
vn -0.1403 -0.9901 0.0004
vn -0.3763 -0.3612 -0.8532
vn 0.2065 -0.9784 0.0009
vn 0.0928 -0.5797 0.8095
vn 0.1162 -0.5778 0.8079
vn 0.2404 -0.5057 0.8286
vn 0.9723 -0.2339 -0.0006
vn -0.0024 -1.0000 0.0010
vn 0.5398 -0.0697 0.8389
vn -0.0024 -1.0000 -0.0006
vn 0.9722 -0.2340 -0.0012
vn 0.5366 -0.0694 -0.8410
vn 0.1615 -0.9869 -0.0000
vn 0.0368 -0.5178 -0.8547
vn 0.0932 -0.9956 0.0001
vn 0.0894 -0.5797 -0.8099
vn 0.0405 -0.5179 0.8545
vn 0.0925 -0.5798 0.8095
vn -0.1399 -0.9902 0.0011
vn 0.0407 -0.5179 0.8545
vn 0.0930 -0.9957 0.0010
vn -0.0842 -0.1854 0.9790
vn -0.1399 -0.9902 -0.0004
vn 0.0930 -0.9957 -0.0008
vn 0.0928 -0.5797 0.8096
vn 0.2065 -0.9785 0.0009
vn 0.1616 -0.9869 0.0010
vn 0.2065 -0.9785 -0.0009
vn 0.0894 -0.5796 -0.8099
vn 0.1616 -0.9869 -0.0009
vn 0.2463 -0.9692 -0.0010
vn 0.2066 -0.9784 -0.0010
vn 0.2463 -0.9692 0.0008
vn 0.2066 -0.9784 0.0009
vn 0.1325 -0.5706 0.8105
vn 0.2837 -0.9589 -0.0010
vn 0.2463 -0.9692 -0.0009
vn 0.2837 -0.9589 0.0008
vn 0.2464 -0.9692 0.0008
vn 0.1576 -0.5659 0.8093
vn 0.2370 -0.5058 -0.8295
vn 0.1345 -0.6434 -0.7536
vn -0.0030 -1.0000 -0.0006
vn 0.0780 -0.9970 -0.0007
vn 0.1376 -0.6433 0.7532
vn -0.0030 -1.0000 0.0010
vn 0.0780 -0.9970 0.0009
vn 0.2406 -0.5057 0.8285
vn 0.3560 -0.9345 0.0008
vn 0.2839 -0.9589 0.0008
vn 0.2060 -0.5481 0.8107
vn 0.3560 -0.9345 -0.0011
vn 0.1541 -0.5659 -0.8099
vn 0.2839 -0.9589 -0.0010
vn 0.4434 -0.8963 -0.0013
vn 0.3563 -0.9344 -0.0011
vn 0.2504 -0.5194 -0.8171
vn 0.2059 -0.5482 0.8106
vn 0.4434 -0.8963 0.0006
vn 0.3563 -0.9344 0.0008
vn 0.2537 -0.5194 0.8160
vn 0.2536 -0.5195 0.8160
vn 0.5100 -0.8602 0.0006
vn 0.4436 -0.8962 0.0006
vn 0.2874 -0.4951 0.8199
vn 0.5100 -0.8602 -0.0013
vn 0.2502 -0.5195 -0.8170
vn 0.4436 -0.8962 -0.0012
vn 0.2842 -0.4952 -0.8210
vn 0.5635 -0.8261 -0.0014
vn 0.2840 -0.4952 -0.8210
vn 0.5101 -0.8601 -0.0013
vn 0.3161 -0.4765 -0.8204
vn 0.2875 -0.4952 0.8199
vn 0.5635 -0.8261 0.0005
vn 0.5101 -0.8601 0.0006
vn 0.3194 -0.4764 0.8192
vn 0.6114 -0.7913 0.0004
vn 0.3194 -0.4765 0.8191
vn 0.3532 -0.4600 0.8146
vn 0.5637 -0.8260 0.0005
vn 0.6114 -0.7913 -0.0014
vn 0.3161 -0.4766 -0.8203
vn 0.5637 -0.8260 -0.0014
vn 0.6702 -0.7422 -0.0016
vn 0.6116 -0.7912 -0.0014
vn 0.4006 -0.4257 -0.8114
vn 0.3532 -0.4601 0.8146
vn 0.6702 -0.7422 0.0005
vn 0.6116 -0.7912 0.0004
vn 0.0024 0.0008 1.0000
vn -0.3599 -0.8004 0.4794
vn 0.1401 -0.7217 0.6779
vn -0.7115 0.0012 0.7026
vn -0.5637 -0.8260 0.0008
vn -0.7139 0.0015 -0.7003
vn -0.3620 -0.8001 -0.4783
vn -0.0019 0.0012 -1.0000
vn 0.1371 -0.7218 -0.6784
vn -0.0395 -0.0013 0.9992
vn -0.6105 0.6532 0.4479
vn -0.7261 0.0096 0.6875
vn -0.1384 0.7367 0.6619
vn 0.6814 -0.0034 0.7319
vn -0.0383 -0.0016 0.9993
vn -0.9447 0.3280 -0.0001
vn -1.0000 -0.0007 0.0001
vn -0.3701 -0.0043 0.9290
vn -0.1033 -0.0039 0.9946
vn -0.4990 0.2084 0.8412
vn -0.5181 0.0513 0.8538
vn 0.5796 -0.2312 0.7814
vn 0.5479 -0.2500 0.7983
vn -0.7307 0.0090 0.6827
vn -0.2253 -0.0602 0.9724
vn -0.8209 -0.0454 0.5692
vn -0.1482 -0.1440 0.9784
vn -0.8425 -0.0802 0.5326
vn -0.1955 -0.2137 0.9571
vn 0.5954 -0.2833 0.7518
vn 0.1240 0.6918 0.7114
vn 0.0838 0.0287 0.9961
vn 0.2779 0.0267 0.9602
vn 0.3864 0.6207 0.6822
vn -0.7346 0.0091 0.6785
vn -0.0544 -0.0021 0.9985
vn 0.8659 0.5002 -0.0008
vn -0.0545 -0.0022 0.9985
vn 0.6773 -0.0106 0.7356
vn 0.8660 0.5001 -0.0002
vn 0.4970 0.4520 0.7407
vn 0.0110 0.0009 0.9999
vn 0.3991 0.5165 0.7576
vn 0.0433 0.0020 0.9991
vn -0.0134 0.0001 0.9999
vn 0.3502 0.5511 0.7574
vn -0.0296 -0.0005 0.9996
vn 0.3500 0.5512 0.7574
vn -0.0135 0.0002 0.9999
vn 0.3290 0.5695 0.7533
vn 0.0183 0.0004 0.9998
vn -0.3270 0.4714 0.8191
vn 0.0016 0.0006 1.0000
vn -0.3022 0.4890 0.8183
vn -0.3269 0.4715 0.8191
vn 0.0097 0.0009 1.0000
vn 0.5100 0.5547 0.6574
vn 0.2785 0.0277 0.9600
vn 0.3738 -0.0038 0.9275
vn 0.3872 0.6202 0.6822
vn 0.3892 -0.4189 0.8204
vn 0.3462 -0.4614 0.8168
vn 0.0587 0.0018 0.9983
vn 0.4315 -0.3571 0.8284
vn -0.3737 0.4682 0.8008
vn 0.0829 0.0026 0.9966
vn -0.4239 0.4067 0.8093
vn 0.4648 -0.3128 0.8283
vn -0.0060 -0.0005 1.0000
vn -0.4598 0.1670 0.8722
vn 0.7128 -0.0103 0.7013
vn 0.7248 -0.0089 0.6889
vn 0.7662 -0.0090 0.6426
vn 0.6698 -0.3917 0.6309
vn 0.7050 -0.0107 0.7091
vn 0.0502 0.0006 0.9987
vn -0.7148 0.0095 0.6993
vn -0.7113 0.0099 0.7028
vn -0.6987 0.0103 0.7153
vn -0.6009 -0.0042 0.7993
vn 0.1572 -0.1875 0.9696
vn 0.6263 0.0047 0.7796
vn -0.1441 0.1863 0.9719
vn -0.6511 0.4187 0.6330
vn -0.0219 0.0005 0.9998
vn -0.7105 0.0099 0.7036
vn -0.5835 -0.0125 0.8120
vn 0.1719 -0.2212 0.9599
vn -0.1757 0.2203 0.9595
vn 0.6313 -0.4767 0.6118
vn 0.5721 0.0116 0.8201
vn -0.0066 -0.0013 1.0000
vn 0.7099 -0.0113 0.7043
vn 0.3739 -0.0039 0.9274
vn 0.5544 0.5305 0.6412
vn 0.5103 0.5546 0.6573
vn 0.5950 -0.0046 0.8037
vn -0.0218 0.0077 0.9997
vn 0.0836 0.0286 0.9961
vn -0.0462 0.6813 0.7306
vn 0.1231 0.6919 0.7114
vn 0.7771 -0.0089 0.6293
vn -0.0225 -0.0022 0.9997
vn 0.6978 -0.0107 0.7162
vn 0.0103 0.0011 0.9999
vn 0.0454 0.6447 0.7631
vn -0.0166 0.6440 0.7648
vn -0.0715 0.6364 0.7680
vn -0.0219 0.0077 0.9997
vn -0.0060 0.0005 1.0000
vn -0.1124 0.5961 0.7950
vn -0.0061 0.0005 1.0000
vn -0.0716 0.6364 0.7680
vn -0.0059 0.0005 1.0000
vn -0.0224 -0.0001 0.9997
vn -0.0144 0.0003 0.9999
vn -0.1620 0.5649 0.8091
vn -0.1618 0.5650 0.8091
vn -0.0062 0.0005 1.0000
vn -0.1126 0.5961 0.7950
vn -0.0142 0.0002 0.9999
vn 0.4011 0.6900 0.6025
vn 0.3289 0.5696 0.7533
vn 0.1230 0.2473 0.9611
vn -0.0297 -0.0004 0.9996
vn 0.0434 0.0018 0.9991
vn 0.6023 0.1070 0.7911
vn 0.1568 -0.0117 0.9876
vn 0.4972 0.4518 0.7408
vn -0.8503 -0.0206 0.5260
vn -0.7595 -0.1283 0.6377
vn -0.1962 -0.1201 0.9732
vn -0.0760 -0.1502 0.9857
vn 0.0982 -0.0663 0.9930
vn 0.6022 0.1064 0.7912
vn 0.5390 -0.0683 0.8395
vn 0.1569 -0.0118 0.9875
vn -0.0167 0.6440 0.7648
vn -0.0091 0.1568 0.9876
vn 0.0102 0.0011 0.9999
vn -0.0454 0.7056 0.7072
vn -0.7596 -0.1284 0.6376
vn -0.0203 -0.2006 0.9795
vn 0.7091 -0.1658 0.6853
vn 0.0095 0.0007 1.0000
vn 0.0014 0.0004 1.0000
vn -0.4034 0.3841 0.8305
vn 0.2773 0.0258 0.9604
vn 0.0847 0.0285 0.9960
vn 0.5390 -0.0686 0.8395
vn 0.0982 -0.0662 0.9930
vn 0.9987 -0.0504 -0.0020
vn 0.8378 -0.0495 0.5438
vn 0.1654 -0.1766 0.9703
vn -0.1549 -0.1272 0.9797
vn 0.6144 -0.1174 0.7802
vn -0.5016 0.1570 0.8507
vn 0.0013 0.0003 1.0000
vn 0.1162 -0.5777 0.8080
vn -0.0218 -0.0021 0.9998
vn -0.0138 -0.0018 0.9999
vn -0.0221 -0.0010 0.9998
vn -0.0140 -0.0008 0.9999
vn -0.1861 0.5468 0.8164
vn -0.2026 0.5482 0.8115
vn 0.2536 -0.5194 0.8160
vn -0.2355 0.5314 0.8138
vn 0.2874 -0.4950 0.8200
vn -0.2752 0.5030 0.8193
vn 0.3195 -0.4764 0.8191
vn 0.3532 -0.4600 0.8147
vn 0.0264 0.0006 0.9997
vn -0.3656 0.4861 0.7938
vn -0.4058 0.4673 0.7855
vn 0.0184 0.0004 0.9998
vn 0.4519 -0.4067 0.7940
vn -0.4408 0.3716 0.8171
vn -0.0625 -0.0025 0.9980
vn 0.4547 -0.4093 0.7911
vn -0.1266 -0.0054 0.9919
vn 0.4500 -0.4140 0.7913
vn -0.4687 0.2015 0.8601
vn -0.1751 -0.0069 0.9845
vn 0.4296 -0.4093 0.8049
vn -0.4607 0.1577 0.8735
vn -0.3691 -0.0046 0.9294
vn -0.4819 0.1646 0.8606
vn -0.2165 -0.0077 0.9762
vn 0.5812 -0.1966 0.7897
vn 0.0029 -0.0008 1.0000
vn -0.0294 -0.0020 0.9996
vn 0.4294 -0.3820 0.8183
vn 0.4973 -0.3209 0.8060
vn -0.0311 -0.0008 0.9995
vn 0.0014 0.0003 1.0000
vn -0.5017 0.1564 0.8508
vn -0.0312 -0.0011 0.9995
vn -0.2173 -0.0073 0.9761
vn -0.0293 -0.0018 0.9996
vn 0.4974 -0.3208 0.8060
vn 0.5811 -0.1968 0.7897
vn 0.0828 0.0284 0.9962
vn -0.0217 0.0067 0.9997
vn 0.0964 -0.0663 0.9931
vn -0.8091 -0.1047 0.5783
vn -0.6906 -0.2362 0.6836
vn -0.1558 -0.1274 0.9795
vn 0.1643 -0.1766 0.9705
vn -0.7487 0.0169 0.6627
vn -0.8090 -0.1048 0.5783
vn -0.2175 -0.0081 0.9760
vn -0.1560 -0.1271 0.9796
vn 0.3170 -0.6558 0.6851
vn 0.1004 -0.1962 0.9754
vn -0.2224 0.4556 0.8620
vn 0.2550 -0.5130 0.8196
vn 0.0103 0.0001 0.9999
vn 0.2712 -0.5042 0.8199
vn 0.0021 -0.0003 1.0000
vn -0.2771 0.5062 0.8167
vn 0.0107 -0.0008 0.9999
vn -0.2770 0.5061 0.8167
vn 0.0098 0.0009 1.0000
vn 0.0097 0.0010 1.0000
vn -0.3020 0.4891 0.8183
vn 0.3732 -0.0058 0.9277
vn 0.2783 0.0258 0.9602
vn 0.2403 -0.5058 0.8285
vn 0.5390 -0.0692 0.8394
vn 0.5137 -0.5805 0.6318
vn 0.1740 -0.1951 0.9652
vn 0.0110 -0.0007 0.9999
vn 0.0096 0.0008 1.0000
vn 0.1734 -0.1944 0.9655
vn -0.4033 0.3843 0.8305
vn 0.0030 -0.0009 1.0000
vn 0.4293 -0.3821 0.8184
vn 0.0109 -0.0008 0.9999
vn 0.0972 -0.0668 0.9930
vn -0.3733 -0.3615 0.8544
vn 0.1561 -0.0124 0.9877
vn -0.3724 -0.3621 0.8546
vn 0.0964 -0.0675 0.9931
vn 0.6709 -0.1766 0.7202
vn -0.1952 -0.1201 0.9734
vn -0.0740 -0.1503 0.9859
vn -0.5182 -0.3884 0.7620
vn -0.3731 -0.3614 0.8545
vn 0.1560 -0.0123 0.9877
vn -0.5183 -0.3883 0.7620
vn 0.0426 0.0012 0.9991
vn 0.0406 -0.5179 0.8545
vn -0.0218 0.0066 0.9997
vn -0.0058 -0.0015 1.0000
vn 0.5381 -0.2935 0.7901
vn -0.1942 -0.1203 0.9736
vn 0.6213 -0.2217 0.7516
vn -0.1987 -0.0164 0.9799
vn -0.8503 -0.0207 0.5260
vn -0.6314 0.0213 0.7752
vn -0.4600 0.1660 0.8723
vn -0.0059 -0.0005 1.0000
vn -0.0308 -0.0022 0.9995
vn -0.0146 -0.0016 0.9999
vn -0.3644 -0.5314 0.7647
vn -0.3878 -0.5245 0.7580
vn 0.5952 -0.0057 0.8035
vn 0.2399 -0.5058 0.8286
vn 0.1161 -0.5777 0.8079
vn 0.0929 -0.5796 0.8096
vn 0.0929 -0.5797 0.8095
vn 0.0505 0.0003 0.9987
vn 0.6104 -0.2559 0.7496
vn -0.2254 -0.0603 0.9724
vn -0.1472 -0.1441 0.9786
vn -0.0740 -0.1502 0.9859
vn -0.1755 -0.0074 0.9845
vn -0.5097 0.3019 0.8057
vn -0.7570 -0.0004 0.6535
vn -0.7531 0.0090 0.6578
vn 0.3260 0.0546 0.9438
vn -0.0298 -0.0005 0.9996
vn 0.4898 -0.0711 0.8689
vn 0.8362 0.0029 0.5484
vn 0.0102 -0.0010 0.9999
vn 0.0198 -0.6441 0.7647
vn -0.0265 -0.6449 0.7638
vn 0.0103 -0.0010 0.9999
vn 0.0453 -0.5973 0.8007
vn 0.0201 -0.6441 0.7647
vn -0.0090 0.1558 0.9877
vn -0.1952 -0.1200 0.9734
vn 0.6213 -0.2216 0.7516
vn -0.0213 -0.2006 0.9794
vn 0.1765 -0.9843 0.0008
vn 0.9802 -0.1978 -0.0019
vn 0.7089 -0.1669 0.6853
vn 0.0108 -0.0009 0.9999
vn 0.3214 -0.4795 0.8166
vn 0.0028 -0.0011 1.0000
vn -0.0221 -0.0011 0.9998
vn 0.4645 -0.3481 0.8143
vn -0.4551 0.2963 0.8397
vn -0.0544 -0.0022 0.9985
vn -0.0464 -0.0019 0.9989
vn -0.5180 -0.3887 0.7620
vn 0.0102 -0.0000 0.9999
vn 0.0426 0.0011 0.9991
vn -0.4488 -0.4849 0.7506
vn -0.3879 -0.5245 0.7580
vn 0.5954 -0.2832 0.7519
vn 0.6105 -0.2560 0.7495
vn -0.0307 -0.0022 0.9995
vn -0.3644 -0.5315 0.7647
vn 0.1230 0.2474 0.9611
vn 0.3286 -0.4780 0.8146
vn 0.3199 -0.4861 0.8132
vn 0.0021 -0.0002 1.0000
vn -0.3089 0.4778 0.8223
vn -0.3182 0.4795 0.8178
vn 0.3199 -0.4860 0.8133
vn 0.4293 -0.6563 0.6205
vn 0.1548 -0.2278 0.9613
vn -0.2573 0.3961 0.8814
vn 0.0027 -0.0010 1.0000
vn 0.3287 -0.4779 0.8146
vn 0.0108 -0.0007 0.9999
vn 0.0097 0.0008 1.0000
vn 0.0016 0.0007 1.0000
vn -0.3358 0.4631 0.8203
vn 0.0177 0.0011 0.9998
vn -0.3750 0.4251 0.8238
vn 0.3634 -0.4449 0.8185
vn 0.3374 -0.4698 0.8158
vn 0.0190 -0.0005 0.9998
vn 0.0184 0.0003 0.9998
vn -0.2253 -0.0601 0.9724
vn 0.6105 -0.2559 0.7495
vn 0.5797 -0.2312 0.7814
vn 0.9178 -0.3971 -0.0018
vn 0.5961 -0.2844 0.7508
vn -0.1974 -0.2136 0.9568
vn -0.8828 -0.4698 0.0009
vn 0.7175 -0.6966 -0.0016
vn -0.3693 -0.0048 0.9293
vn 0.4305 -0.4105 0.8038
vn 0.0018 0.0008 1.0000
vn 0.6269 -0.6337 0.4531
vn 0.7140 -0.0091 0.7001
vn 0.1419 -0.7213 0.6780
vn -0.6255 0.6341 0.4546
vn 0.0026 -0.0012 1.0000
vn -0.1391 0.7215 0.6783
vn -0.7118 0.0003 0.7024
vn -0.9987 -0.0513 0.0011
vn -0.5200 -0.0871 0.8497
vn -0.6965 -0.0415 0.7164
vn -0.9858 -0.1681 0.0011
vn -0.5232 -0.0866 -0.8478
vn -0.6989 -0.0412 -0.7141
vn -0.7771 0.0253 -0.6289
vn -0.6080 0.1004 -0.7876
vn -0.7752 0.0251 0.6312
vn -0.9880 0.1545 0.0010
vn -0.5525 0.1725 -0.8154
vn -0.6052 0.1002 0.7898
vn -0.9558 0.2940 0.0010
vn -0.5415 0.2597 -0.7996
vn -0.5496 0.1723 0.8175
vn -0.5386 0.2597 0.8015
vn -0.9015 0.4328 0.0009
vn -0.5865 0.2478 -0.7711
vn -0.5838 0.2478 0.7732
vn -0.9209 0.3898 0.0009
vn -0.5626 -0.0100 -0.8267
vn -1.0000 0.0071 0.0011
vn -0.5592 -0.0116 0.8289
vn -1.0000 0.0093 0.0012
vn -0.7288 0.0106 -0.6846
vn -0.7265 0.0103 0.6870
vn 0.7782 -0.6280 -0.0007
vn 0.5475 -0.2156 -0.8086
vn 0.6088 -0.5342 -0.5866
vn 0.5504 -0.2157 0.8065
vn 0.6108 -0.5338 0.5848
vn 0.9313 -0.3643 -0.0009
vn 0.5610 -0.2668 -0.7836
vn 0.5638 -0.2668 0.7816
vn 0.6034 -0.2134 -0.7684
vn 0.6060 -0.2135 0.7663
vn 0.9447 -0.3280 -0.0009
vn 0.6348 -0.1160 -0.7639
vn 0.6374 -0.1162 0.7617
vn 0.9834 -0.1813 -0.0010
vn 0.6087 -0.0224 0.7931
vn 0.6059 -0.0221 -0.7952
vn 0.9994 -0.0336 -0.0012
vn 0.9977 0.0681 -0.0010
vn 0.6655 0.0485 0.7448
vn 0.9858 0.1681 -0.0011
vn 0.6629 0.0489 -0.7471
vn 0.7947 0.1300 -0.5930
vn 0.7965 0.1296 0.5906
vn 0.1873 -0.2454 0.9512
vn 0.5496 -0.2154 0.8072
vn 0.6100 -0.5343 0.5852
vn 0.5630 -0.2665 0.7823
vn 0.0183 0.0003 0.9998
vn 0.6052 -0.2133 0.7670
vn 0.0671 0.0107 0.9977
vn 0.6366 -0.1161 0.7624
vn 0.0348 0.0096 0.9993
vn 0.6079 -0.0224 0.7937
vn -0.5200 -0.0870 0.8497
vn -0.0469 -0.0193 0.9987
vn -0.6950 -0.0414 0.7178
vn 0.2772 0.0440 0.9598
vn 0.6647 0.0485 0.7455
vn 0.7958 0.1295 0.5915
vn -0.7745 0.0250 0.6321
vn -0.1665 0.0113 0.9860
vn -0.6044 0.1001 0.7904
vn -0.5487 0.1721 0.8181
vn -0.5379 0.2593 0.8022
vn -0.5830 0.2475 0.7739
vn -0.5594 -0.0103 0.8288
vn -0.0524 -0.0190 -0.9984
vn -0.6974 -0.0410 -0.7155
vn -0.7764 0.0253 -0.6297
vn -0.1729 0.0119 -0.9849
vn -0.6071 0.1003 -0.7882
vn 0.0294 0.0102 -0.9995
vn -0.5517 0.1723 -0.8160
vn 0.0627 0.0112 -0.9980
vn -0.5408 0.2594 -0.8002
vn 0.0131 0.0012 -0.9999
vn -0.5858 0.2475 -0.7718
vn -0.0517 -0.0011 -0.9987
vn -0.5624 -0.0099 -0.8268
vn 0.1848 -0.2466 -0.9513
vt 13.891400 -50.851700
vt 13.872200 -50.830002
vt 13.862600 -50.852600
vt 13.852400 -50.892101
vt 13.887000 -50.919300
vt 13.854400 -50.927299
vt 13.862200 -50.967800
vt 13.897700 -50.969299
vt 13.897600 -50.828400
vt 13.926000 -50.901699
vt 13.929000 -50.849701
vt 13.927400 -50.926800
vt 14.019400 -50.850300
vt 14.035900 -50.900299
vt 13.930100 -50.827000
vt 14.043600 -50.826698
vt 14.065800 -50.849899
vt 14.079700 -50.826000
vt 14.170300 -51.194698
vt 14.127700 -51.206100
vt 14.167500 -51.216400
vt 14.159800 -51.152901
vt 14.127000 -51.184399
vt 14.103900 -51.151199
vt 14.088200 -51.178101
vt 14.079800 -51.189899
vt 14.082400 -51.159000
vt 14.086800 -51.150501
vt 14.076000 -51.152000
vt 14.074700 -51.177101
vt 14.075100 -51.161098
vt 14.059300 -51.169601
vt 14.069400 -51.154800
vt 14.038200 -51.171501
vt 14.035900 -51.167599
vt 14.039800 -51.141800
vt 14.061600 -51.116100
vt 14.050500 -51.107101
vt 14.061300 -51.068401
vt 14.020400 -51.098598
vt 14.048000 -51.034302
vt 14.030800 -51.041000
vt 14.058200 -51.049500
vt 14.026900 -51.029800
vt 14.006000 -51.034302
vt 13.998100 -51.050201
vt 13.998600 -51.071701
vt 14.006500 -51.108101
vt 14.025300 -51.159100
vt 14.135900 -51.119999
vt 14.132800 -51.096802
vt 14.128200 -51.119999
vt 14.130900 -51.122299
vt 14.127200 -51.096298
vt 14.118900 -51.114399
vt 14.120000 -51.121201
vt 14.120800 -51.096802
vt 14.115100 -51.121300
vt 14.128500 -51.127102
vt 14.120900 -51.142799
vt 14.128200 -51.148800
vt 14.121700 -51.150398
vt 14.123300 -51.122898
vt 14.119300 -51.125801
vt 14.113500 -51.124500
vt 14.113200 -51.129799
vt 14.116400 -51.147598
vt 14.097500 -50.851398
vt 14.133300 -50.900501
vt 14.121800 -50.856701
vt 14.095300 -50.900501
vt 14.103100 -50.927101
vt 14.043400 -50.927101
vt 14.042200 -50.964600
vt 13.983400 -50.955002
vt 14.117000 -50.987000
vt 13.936900 -50.981998
vt 13.995000 -51.015800
vt 13.917200 -51.033699
vt 14.092200 -50.993000
vt 14.119500 -51.030602
vt 14.084200 -51.049599
vt 14.049500 -51.053101
vt 14.061700 -51.069901
vt 13.986800 -51.071400
vt 13.959300 -51.063900
vt 13.974600 -51.077801
vt 13.927400 -51.064499
vt 13.897500 -51.056000
vt 13.883900 -51.025002
vt 14.171700 -51.133400
vt 14.165100 -51.147099
vt 14.170500 -51.146900
vt 14.158600 -51.133400
vt 14.159800 -51.146900
vt 14.165100 -51.127102
vt 14.159200 -51.125301
vt 14.171000 -51.125301
vt 14.098300 -51.118198
vt 14.090400 -51.110600
vt 14.090600 -51.118000
vt 14.108700 -51.117699
vt 14.098300 -51.108601
vt 14.108200 -51.095798
vt 14.094700 -51.090900
vt 14.100300 -51.091099
vt 14.107500 -51.090000
vt 14.172600 -51.053200
vt 14.146200 -51.066898
vt 14.176400 -51.066898
vt 14.146200 -51.053902
vt 14.131400 -51.062000
vt 14.170600 -51.035999
vt 14.146600 -50.994801
vt 14.182500 -51.007301
vt 14.192400 -50.994801
vt 14.131500 -51.040798
vt 14.145700 -51.036499
vt 14.131800 -51.007000
vt 14.142500 -51.095402
vt 14.139400 -51.098701
vt 14.144300 -51.098301
vt 14.149800 -51.119099
vt 14.147700 -51.097801
vt 14.145400 -51.119499
vt 14.142500 -51.122601
vt 14.138300 -51.119900
vt 14.133600 -51.114799
vt 14.105400 -50.953400
vt 14.105200 -50.970402
vt 14.138900 -50.954300
vt 14.119200 -50.982800
vt 14.090600 -50.963699
vt 14.105400 -50.998798
vt 14.122100 -51.007401
vt 14.105400 -51.010700
vt 14.166400 -51.010899
vt 14.105100 -50.994499
vt 14.105400 -51.010899
vt 14.180800 -50.991001
vt 14.105400 -50.966099
vt 14.189500 -50.966202
vt 14.185500 -50.948601
vt 14.105400 -50.948601
vt 14.155900 -51.103699
vt 14.160200 -51.096901
vt 14.155400 -51.096100
vt 14.150800 -51.097099
vt 14.161600 -51.102100
vt 14.160700 -51.120899
vt 14.149300 -51.103500
vt 14.149600 -51.122700
vt 14.155300 -51.122601
vt 14.139600 -51.146702
vt 14.144100 -51.150600
vt 14.146200 -51.147301
vt 14.147400 -51.133099
vt 14.138600 -51.125702
vt 14.151300 -51.148300
vt 14.147500 -51.124599
vt 14.154700 -51.127399
vt 14.162600 -51.093300
vt 14.158700 -51.096699
vt 14.162900 -51.097301
vt 14.165500 -51.092300
vt 14.156500 -51.120499
vt 14.168000 -51.097000
vt 14.168400 -51.121498
vt 14.162400 -51.121498
vt 14.169300 -51.150902
vt 14.154500 -51.151100
vt 14.169300 -51.156300
vt 14.153900 -51.156300
vt 14.159000 -51.147202
vt 14.169300 -51.145901
vt 14.179600 -51.147202
vt 14.184100 -51.151100
vt 14.184700 -51.156300
vt 14.159600 -51.102299
vt 14.158700 -51.096199
vt 14.153800 -51.097401
vt 14.152000 -51.111900
vt 14.148700 -51.097301
vt 14.158000 -51.120499
vt 14.146200 -51.119900
vt 14.151700 -51.121899
vt 14.166100 -51.124298
vt 14.171000 -51.123901
vt 14.172500 -51.121300
vt 14.159600 -51.120800
vt 14.166100 -51.121300
vt 14.166000 -51.115398
vt 14.159500 -51.102501
vt 14.172800 -51.114399
vt 14.166100 -51.096401
vt 14.161500 -51.094101
vt 14.171800 -51.096699
vt 14.168400 -51.092800
vt 14.056400 -51.169300
vt 14.067500 -51.160500
vt 14.060400 -51.153599
vt 14.046300 -51.150700
vt 14.033700 -51.161999
vt 14.070800 -51.184799
vt 14.004100 -51.100700
vt 14.043800 -51.109299
vt 14.152500 -51.222000
vt 14.004300 -51.046700
vt 13.994700 -51.057899
vt 14.025100 -51.044399
vt 14.045400 -51.043701
vt 14.063300 -51.051102
vt 14.057900 -51.054100
vt 14.064000 -51.129101
vt 14.057600 -51.130001
vt 14.066900 -51.149300
vt 14.151700 -51.147202
vt 14.087200 -51.147202
vt 14.116800 -51.152500
vt 14.144300 -51.152699
vt 14.149700 -51.127499
vt 14.142000 -51.142502
vt 14.148900 -51.148201
vt 14.142400 -51.149700
vt 14.144400 -51.123501
vt 14.140700 -51.126301
vt 14.134500 -51.125000
vt 14.134200 -51.130100
vt 14.136900 -51.147202
vt 14.128700 -51.095402
vt 14.123000 -51.097500
vt 14.130300 -51.101799
vt 14.133200 -51.096901
vt 14.118800 -51.095402
vt 14.116600 -51.101799
vt 14.122800 -51.120499
vt 14.115100 -51.115501
vt 14.131900 -51.115398
vt 14.115800 -51.121498
vt 14.131800 -51.121399
vt 14.164600 -51.112301
vt 14.169800 -51.095600
vt 14.165700 -51.095001
vt 14.160600 -51.094898
vt 14.163900 -51.091900
vt 14.157900 -51.118401
vt 14.164100 -51.120499
vt 14.170100 -51.119099
vt 14.159800 -51.122299
vt 14.148100 -51.187199
vt 14.107200 -51.201000
vt 14.152400 -51.213699
vt 14.115200 -51.184898
vt 14.079300 -51.151699
vt 14.071100 -51.172901
vt 14.171400 -51.142101
vt 14.165100 -51.147202
vt 14.169600 -51.148998
vt 14.165200 -51.127300
vt 14.171400 -51.126801
vt 14.158600 -51.132099
vt 14.159600 -51.146900
vt 14.159300 -51.125401
vt 14.166100 -51.120602
vt 14.171600 -51.096699
vt 14.166100 -51.096500
vt 14.160500 -51.096699
vt 14.172800 -51.120499
vt 14.159300 -51.120499
vt 14.166100 -51.124401
vt 14.161100 -51.123901
vt 14.108000 -51.106499
vt 14.114600 -51.094002
vt 14.108300 -51.090000
vt 14.100600 -51.090000
vt 14.115600 -51.107101
vt 14.107300 -51.116699
vt 14.097300 -51.109299
vt 14.097500 -51.118198
vt 14.114500 -51.118000
vt 14.098600 -51.145901
vt 14.103500 -51.150002
vt 14.105900 -51.146599
vt 14.111700 -51.147400
vt 14.107400 -51.132000
vt 14.097500 -51.131199
vt 14.115500 -51.125500
vt 14.107800 -51.123001
vt 14.098000 -51.123100
vt 14.140400 -50.927101
vt 14.131000 -50.954800
vt 14.153700 -50.900501
vt 14.134100 -51.032600
vt 14.117900 -51.050999
vt 14.136100 -51.050400
vt 14.155300 -51.085701
vt 14.149500 -51.094398
vt 14.121500 -51.086399
vt 14.120400 -51.147202
vt 14.124600 -51.151199
vt 14.127100 -51.147800
vt 14.112700 -51.130299
vt 14.119300 -51.125198
vt 14.128400 -51.132900
vt 14.131800 -51.148800
vt 14.128300 -51.124001
vt 14.135200 -51.126900
vt 14.149100 -51.102001
vt 14.144900 -51.097801
vt 14.145100 -51.118801
vt 14.138600 -51.121201
vt 14.147000 -51.121899
vt 14.138400 -51.113998
vt 14.133600 -51.119801
vt 14.140100 -51.098202
vt 14.136500 -51.098400
vt 14.139700 -51.095200
vt 14.165800 -51.147701
vt 14.161700 -51.142200
vt 14.160500 -51.149101
vt 14.168100 -51.127998
vt 14.161800 -51.126900
vt 14.154800 -51.126598
vt 14.155200 -51.146599
vt 14.091100 -51.146400
vt 14.103300 -51.147099
vt 14.095100 -51.146400
vt 14.100900 -51.147701
vt 14.100600 -51.141300
vt 14.108500 -51.147499
vt 14.091900 -51.128601
vt 14.109300 -51.133099
vt 14.099000 -51.124699
vt 14.109200 -51.125000
vt 14.092300 -51.123299
vt 14.102500 -51.121601
vt 14.162900 -51.147701
vt 14.158000 -51.133301
vt 14.157200 -51.146801
vt 14.152600 -51.146198
vt 14.165800 -51.127800
vt 14.152200 -51.126301
vt 14.158800 -51.125198
vt 14.063200 -50.852299
vt 14.087400 -50.897301
vt 14.092300 -50.872898
vt 14.031900 -50.838200
vt 14.035400 -50.863400
vt 13.999900 -50.853500
vt 13.999900 -50.880299
vt 13.964300 -50.863201
vt 13.967900 -50.837898
vt 13.936600 -50.851799
vt 13.912400 -50.896999
vt 13.907500 -50.872200
vt 14.017200 -50.910000
vt 13.999900 -50.957802
vt 14.046700 -50.953999
vt 14.028600 -51.011299
vt 14.031100 -50.882702
vt 14.061600 -50.911701
vt 14.064500 -51.026600
vt 14.077100 -50.951698
vt 14.099900 -50.935699
vt 14.113300 -50.898201
vt 14.099000 -51.025902
vt 14.122300 -50.930599
vt 14.120200 -51.043701
vt 14.087200 -51.052200
vt 14.104300 -51.079601
vt 14.031400 -51.084999
vt 13.886500 -50.897598
vt 13.899900 -50.935501
vt 13.877500 -50.930099
vt 13.879600 -51.043598
vt 13.900800 -51.025902
vt 13.912600 -51.052200
vt 13.895500 -51.079700
vt 13.923300 -50.952599
vt 13.934400 -51.022400
vt 13.938000 -50.912201
vt 13.951400 -50.965900
vt 13.966200 -50.920200
vt 13.968400 -50.882702
vt 13.971200 -51.011299
vt 13.971300 -51.058300
vt 13.999900 -51.002602
vt 13.988000 -51.041401
vt 13.966500 -51.126598
vt 13.924400 -51.134201
vt 13.967100 -51.155800
vt 13.999900 -51.126499
vt 13.968400 -51.084999
vt 13.999900 -51.067101
vt 14.025000 -51.053299
vt 14.136900 -50.998402
vt 14.130300 -50.993301
vt 14.128400 -51.006001
vt 13.924100 -51.076000
vt 13.911900 -51.075100
vt 13.916600 -51.082401
vt 13.918600 -51.069801
vt 13.940000 -51.133301
vt 13.943200 -51.128601
vt 13.938900 -51.128300
vt 13.940300 -51.120998
vt 13.935100 -51.129101
vt 13.934200 -51.121201
vt 13.934100 -51.132801
vt 13.930600 -51.127201
vt 13.930500 -51.120800
vt 13.943800 -51.123100
vt 13.934900 -51.116798
vt 13.940700 -51.117599
vt 13.952300 -51.128899
vt 13.945800 -51.131699
vt 13.948200 -51.135201
vt 13.940600 -51.132900
vt 13.934200 -51.123299
vt 13.933300 -51.128502
vt 13.941400 -51.124500
vt 13.948700 -51.125401
vt 13.942500 -51.113800
vt 13.949800 -51.119301
vt 13.937100 -51.117001
vt 13.931300 -51.119301
vt 13.935400 -51.113499
vt 13.882900 -51.097500
vt 13.899200 -51.121799
vt 14.024300 -51.165100
vt 14.020600 -51.159000
vt 14.020300 -51.165100
vt 14.020600 -51.171299
vt 14.016300 -51.159500
vt 14.012200 -51.156101
vt 14.004200 -51.159199
vt 14.005400 -51.165100
vt 13.999800 -51.165100
vt 14.016300 -51.170700
vt 14.004200 -51.171001
vt 14.012200 -51.174198
vt 14.076900 -51.108299
vt 14.071400 -51.102699
vt 14.071500 -51.112400
vt 14.064600 -51.107700
vt 14.064100 -51.112999
vt 14.075300 -51.100601
vt 14.067700 -51.095100
vt 14.062700 -51.097900
vt 14.059200 -51.094700
vt 14.055300 -51.100300
vt 14.059500 -51.105202
vt 14.057500 -51.107498
vt 14.010200 -51.131401
vt 14.009100 -51.146198
vt 14.017600 -51.146198
vt 14.017600 -51.176399
vt 14.009100 -51.178200
vt 13.999900 -51.146198
vt 13.999900 -51.178398
vt 13.990700 -51.178200
vt 13.999900 -51.131802
vt 13.990700 -51.146198
vt 13.982200 -51.176399
vt 13.993100 -51.131802
vt 13.982200 -51.146198
vt 13.985400 -51.131699
vt 14.055500 -51.138100
vt 14.050500 -51.139400
vt 14.051600 -51.142502
vt 14.049500 -51.144299
vt 14.054000 -51.144001
vt 14.052200 -51.147701
vt 14.056500 -51.145302
vt 14.056400 -51.148102
vt 14.060600 -51.140301
vt 14.060100 -51.144901
vt 14.054100 -51.136002
vt 14.058500 -51.136501
vt 14.087100 -51.129501
vt 14.105000 -51.122101
vt 14.102600 -51.105400
vt 14.080900 -51.105400
vt 14.065000 -51.137699
vt 14.047600 -51.105400
vt 14.075700 -51.090698
vt 14.047600 -51.154900
vt 14.048400 -51.090599
vt 14.031700 -51.105400
vt 14.031600 -51.166302
vt 13.894900 -51.122299
vt 13.918900 -51.105400
vt 13.897200 -51.105400
vt 13.913200 -51.129902
vt 13.934200 -51.138699
vt 13.952200 -51.105400
vt 13.952200 -51.154999
vt 13.924000 -51.090698
vt 13.951400 -51.090599
vt 13.968100 -51.105400
vt 13.968200 -51.166401
vt 14.042600 -51.150501
vt 14.046600 -51.149300
vt 14.041900 -51.147099
vt 14.048000 -51.153900
vt 14.042200 -51.160599
vt 14.046500 -51.158699
vt 14.039700 -51.156898
vt 14.037200 -51.160198
vt 14.035800 -51.155399
vt 14.037300 -51.150799
vt 14.046300 -51.133400
vt 14.051400 -51.137798
vt 14.053800 -51.133999
vt 14.056700 -51.140999
vt 14.044100 -51.137699
vt 14.038500 -51.138599
vt 14.036300 -51.147499
vt 14.053600 -51.144699
vt 14.046300 -51.144699
vt 14.038400 -51.154701
vt 14.041200 -51.151501
vt 14.046300 -51.154800
vt 14.053800 -51.149799
vt 14.027400 -51.160599
vt 14.021100 -51.162601
vt 14.022500 -51.165501
vt 14.029600 -51.165001
vt 14.031700 -51.160500
vt 14.032300 -51.165600
vt 14.024300 -51.168301
vt 14.028400 -51.169800
vt 14.019000 -51.167999
vt 14.023000 -51.170799
vt 13.962200 -51.150799
vt 13.957700 -51.147099
vt 13.958400 -51.150700
vt 13.952300 -51.148701
vt 13.963400 -51.156399
vt 13.954400 -51.153400
vt 13.957500 -51.160702
vt 13.962300 -51.160198
vt 13.952900 -51.158699
vt 13.949900 -51.153801
vt 13.991000 -51.158298
vt 13.985700 -51.161499
vt 13.990700 -51.163502
vt 13.986100 -51.168400
vt 13.995600 -51.163700
vt 13.994000 -51.169998
vt 13.999600 -51.166000
vt 13.990900 -51.173801
vt 13.997400 -51.171600
vt 13.984500 -51.171799
vt 13.982000 -51.166100
vt 14.087700 -51.066898
vt 14.080700 -51.060398
vt 14.081200 -51.069801
vt 14.072200 -51.067501
vt 14.086200 -51.077400
vt 14.076300 -51.075199
vt 14.065200 -51.079300
vt 14.066600 -51.087200
vt 14.045300 -51.116798
vt 14.073300 -51.089802
vt 14.078200 -51.094898
vt 14.030800 -51.159100
vt 14.025300 -51.151699
vt 14.018300 -51.149700
vt 14.026500 -51.144299
vt 13.999900 -51.159000
vt 13.999900 -51.154499
vt 13.999900 -51.169300
vt 14.034700 -51.167500
vt 13.999900 -51.179600
vt 14.045400 -51.159801
vt 14.077000 -51.105099
vt 14.012900 -51.181599
vt 13.999900 -51.184101
vt 13.964800 -51.147900
vt 13.958600 -51.151501
vt 13.961400 -51.154598
vt 13.953400 -51.154800
vt 13.946200 -51.144402
vt 13.945800 -51.149700
vt 13.953500 -51.144699
vt 13.960800 -51.144901
vt 13.953400 -51.133999
vt 13.961200 -51.138599
vt 13.948400 -51.137798
vt 13.942800 -51.140701
vt 13.946300 -51.134499
vt 14.059800 -51.133202
vt 14.060600 -51.129799
vt 14.056600 -51.128700
vt 14.065700 -51.132702
vt 14.059600 -51.124199
vt 14.055600 -51.123001
vt 14.064700 -51.129101
vt 14.059500 -51.118801
vt 14.063500 -51.120201
vt 14.069200 -51.127201
vt 14.067900 -51.121399
vt 14.064900 -51.116798
vt 13.980800 -51.167900
vt 13.979300 -51.164501
vt 13.976700 -51.169601
vt 13.973100 -51.167198
vt 13.975900 -51.162300
vt 13.967500 -51.165699
vt 13.971400 -51.169800
vt 13.970400 -51.163898
vt 13.972800 -51.158798
vt 13.968100 -51.160599
vt 14.000000 -51.165100
vt 13.996700 -51.158600
vt 13.995800 -51.165100
vt 13.995500 -51.171101
vt 13.983300 -51.170601
vt 13.987400 -51.174099
vt 13.978800 -51.171398
vt 13.979500 -51.165100
vt 13.975500 -51.165199
vt 13.979500 -51.159302
vt 13.992000 -51.159698
vt 13.987600 -51.156101
vt 13.987700 -51.165100
vt 14.000200 -51.166100
vt 14.005800 -51.162102
vt 14.002400 -51.160500
vt 14.013600 -51.163799
vt 14.008900 -51.158298
vt 14.005600 -51.166100
vt 14.005800 -51.169998
vt 14.013200 -51.169701
vt 14.017800 -51.166100
vt 14.015300 -51.160301
vt 14.008900 -51.173801
vt 14.002400 -51.171600
vt 13.922900 -51.108299
vt 13.928400 -51.112400
vt 13.928300 -51.106201
vt 13.938200 -51.107700
vt 13.935700 -51.112999
vt 13.924400 -51.100601
vt 13.939200 -51.102001
vt 13.942800 -51.107700
vt 13.930400 -51.100101
vt 13.944500 -51.100300
vt 13.939700 -51.095901
vt 13.932100 -51.095100
vt 14.064700 -51.111698
vt 14.061900 -51.115501
vt 14.071500 -51.115299
vt 14.080000 -51.109200
vt 14.077200 -51.107700
vt 14.070500 -51.104000
vt 14.057800 -51.107800
vt 14.080600 -51.100498
vt 14.066800 -51.096298
vt 14.060600 -51.098000
vt 14.076200 -51.096001
vt 14.083300 -51.099400
vt 14.078500 -51.092300
vt 14.069200 -51.091301
vt 14.116600 -51.098099
vt 14.091100 -51.126301
vt 14.033200 -51.126701
vt 14.032600 -51.155800
vt 13.999900 -51.163101
vt 14.068300 -51.119598
vt 14.064400 -51.113499
vt 14.062600 -51.117001
vt 14.057100 -51.113201
vt 14.065600 -51.123600
vt 14.055400 -51.117699
vt 14.050000 -51.119301
vt 14.058400 -51.124500
vt 14.059400 -51.134399
vt 14.066400 -51.128700
vt 14.048700 -51.128300
vt 14.054000 -51.131699
vt 14.051600 -51.135201
vt 13.947600 -51.147701
vt 13.947800 -51.144100
vt 13.943400 -51.146198
vt 13.946100 -51.140800
vt 13.949300 -51.139400
vt 13.945500 -51.137100
vt 13.941300 -51.136501
vt 13.941400 -51.139702
vt 13.939700 -51.144901
vt 13.973900 -51.163898
vt 13.972100 -51.169300
vt 13.978800 -51.165798
vt 13.978800 -51.158600
vt 13.961500 -51.163502
vt 13.963500 -51.168098
vt 13.960600 -51.156898
vt 13.957100 -51.161800
vt 13.974200 -51.157700
vt 13.956900 -51.154800
vt 13.963200 -51.151600
vt 13.971900 -51.152199
vt 13.974500 -51.151699
vt 13.981600 -51.149700
vt 13.973200 -51.144299
vt 13.933100 -51.087601
vt 13.954500 -51.116798
vt 13.934500 -51.079102
vt 13.968900 -51.159000
vt 13.965200 -51.167500
vt 13.927300 -51.067200
vt 13.919100 -51.060398
vt 13.912100 -51.066898
vt 13.923900 -51.091099
vt 13.919400 -51.086800
vt 13.925100 -51.103298
vt 13.954400 -51.159801
vt 13.986700 -51.181499
vt 13.916200 -51.098999
vt 13.923600 -51.096001
vt 13.921300 -51.092300
vt 13.930400 -51.091900
vt 13.919800 -51.102501
vt 13.929300 -51.104000
vt 13.928200 -51.115299
vt 13.919800 -51.109200
vt 13.938900 -51.105202
vt 13.939200 -51.098000
vt 13.942900 -51.108002
vt 13.935100 -51.111698
vt 13.938100 -51.115398
vt 14.042800 -51.154701
vt 14.036700 -51.151001
vt 14.039200 -51.156898
vt 14.042300 -51.161900
vt 14.033000 -51.153801
vt 14.027900 -51.152199
vt 14.022200 -51.158798
vt 14.026000 -51.163700
vt 14.021000 -51.165798
vt 14.038200 -51.163700
vt 14.027600 -51.169201
vt 13.919400 -50.890900
vt 13.897400 -50.852600
vt 13.888100 -50.892700
vt 13.928000 -50.854000
vt 13.914700 -50.927502
vt 13.907700 -50.830002
vt 13.956900 -50.893101
vt 13.936800 -50.831799
vt 13.878300 -50.940498
vt 13.963100 -50.855000
vt 13.955400 -50.940701
vt 13.999900 -50.859699
vt 13.968100 -50.833000
vt 14.000100 -50.833401
vt 14.000100 -50.812698
vt 14.032100 -50.833000
vt 14.037100 -50.855000
vt 14.063400 -50.831799
vt 14.042700 -50.892300
vt 14.072200 -50.854000
vt 14.092500 -50.830002
vt 14.080200 -50.892601
vt 13.999900 -50.916901
vt 14.044200 -50.939602
vt 14.102900 -50.852600
vt 14.111500 -50.892101
vt 14.085900 -50.938801
vt 14.119600 -50.927299
vt 14.121200 -50.967800
vt 14.083200 -50.991001
vt 13.884600 -51.171299
vt 13.886700 -51.158699
vt 13.881700 -51.166599
vt 13.876000 -51.108002
vt 13.882100 -51.106400
vt 13.874000 -51.074100
vt 13.865300 -51.070702
vt 13.869700 -51.048801
vt 13.863100 -51.050201
vt 14.115800 -51.171501
vt 14.118400 -51.167599
vt 14.113400 -51.159100
vt 14.130500 -51.048801
vt 14.136800 -51.050201
vt 14.128600 -51.034302
vt 14.134700 -51.071701
vt 14.126200 -51.074100
vt 14.124200 -51.108101
vt 14.117100 -51.109901
vt 14.065100 -51.097000
vt 14.059300 -51.097599
vt 14.061200 -51.115299
vt 14.068100 -51.115898
vt 14.069500 -51.096802
vt 14.062500 -51.121498
vt 14.073200 -51.114399
vt 14.068600 -51.121300
vt 14.064300 -51.129799
vt 14.064600 -51.124500
vt 14.057500 -51.123001
vt 14.050200 -51.125198
vt 14.056500 -51.130299
vt 14.060400 -51.147598
vt 14.049100 -51.147099
vt 14.054100 -51.146900
vt 14.056100 -51.150902
vt 14.111500 -51.025002
vt 14.076100 -51.042099
vt 14.096700 -51.056000
vt 14.057500 -51.059399
vt 14.039600 -51.032902
vt 14.023600 -51.060600
vt 14.000000 -51.059898
vt 14.042700 -50.989700
vt 14.000200 -51.008400
vt 14.000000 -50.964901
vt 13.957700 -50.989799
vt 13.960600 -51.033699
vt 13.977300 -51.060001
vt 13.935200 -51.057098
vt 13.921100 -51.013100
vt 13.903600 -51.056000
vt 13.914700 -50.966099
vt 13.892900 -51.034500
vt 13.882600 -50.995499
vt 13.990600 -51.146900
vt 13.993500 -51.150002
vt 13.996800 -51.146900
vt 13.984300 -51.146999
vt 13.986300 -51.149700
vt 13.997200 -51.133400
vt 13.979700 -51.132099
vt 13.987800 -51.127201
vt 13.979400 -51.126400
vt 13.983700 -51.124001
vt 13.995800 -51.125301
vt 13.928800 -51.111198
vt 13.924700 -51.090000
vt 13.920100 -51.109200
vt 13.920100 -51.118198
vt 13.927900 -51.117599
vt 13.937400 -51.118000
vt 13.938900 -51.110600
vt 13.932300 -51.090199
vt 13.940800 -51.090900
vt 13.948800 -51.119900
vt 13.944200 -51.114799
vt 13.943400 -51.121899
vt 13.938300 -51.119999
vt 13.949500 -51.098701
vt 13.945900 -51.098801
vt 13.941500 -51.098400
vt 13.944500 -51.095501
vt 13.958100 -51.097500
vt 13.953400 -51.095901
vt 13.951100 -51.101700
vt 13.963100 -51.103500
vt 13.962700 -51.097099
vt 13.954900 -51.111900
vt 13.958200 -51.122700
vt 13.948200 -51.119499
vt 13.953200 -51.121601
vt 13.950900 -51.147202
vt 13.955500 -51.150299
vt 13.957100 -51.146599
vt 13.954400 -51.130600
vt 13.962700 -51.146702
vt 13.946200 -51.125801
vt 13.953700 -51.124599
vt 13.961500 -51.125702
vt 13.972600 -51.092300
vt 13.977800 -51.096699
vt 13.978900 -51.093300
vt 13.972300 -51.095798
vt 13.968300 -51.094898
vt 13.966900 -51.113400
vt 13.973400 -51.120499
vt 13.981600 -51.097301
vt 13.979200 -51.121498
vt 13.974700 -51.124298
vt 13.965500 -51.121399
vt 13.960400 -51.118500
vt 14.036600 -51.102402
vt 14.042300 -51.097301
vt 14.037800 -51.096199
vt 14.043600 -51.111599
vt 14.047700 -51.097301
vt 14.049700 -51.119900
vt 14.038400 -51.120602
vt 14.044200 -51.120701
vt 14.047700 -51.123100
vt 14.042400 -51.123100
vt 14.004400 -51.092800
vt 14.002600 -51.097000
vt 14.009000 -51.096699
vt 14.002600 -51.120701
vt 14.012000 -51.120399
vt 14.005000 -51.123901
vt 14.017200 -51.102501
vt 14.014300 -51.094101
vt 14.016200 -51.124401
vt 14.020900 -51.120800
vt 13.895300 -51.147099
vt 13.905900 -51.161999
vt 13.891700 -51.100700
vt 13.897600 -51.167900
vt 13.926000 -51.184799
vt 13.975800 -51.213699
vt 13.967500 -51.223202
vt 13.992200 -51.224499
vt 14.022300 -51.223999
vt 14.000100 -51.213699
vt 14.035800 -51.222000
vt 14.024400 -51.213699
vt 13.877000 -51.057899
vt 13.879500 -51.046700
vt 13.871600 -51.034302
vt 13.981700 -51.152500
vt 14.000100 -51.147202
vt 13.974700 -51.147202
vt 14.053400 -51.130100
vt 14.053700 -51.125000
vt 14.046600 -51.123600
vt 14.038800 -51.125702
vt 14.045800 -51.130600
vt 14.037500 -51.146702
vt 14.049300 -51.147202
vt 14.043100 -51.146400
vt 14.044700 -51.150299
vt 13.940600 -51.101799
vt 13.940500 -51.095402
vt 13.935100 -51.097000
vt 13.929500 -51.100899
vt 13.932100 -51.116001
vt 13.939000 -51.115501
vt 13.937800 -51.121498
vt 13.931500 -51.121300
vt 13.927100 -51.114300
vt 14.022400 -51.096802
vt 14.027200 -51.093498
vt 14.024100 -51.091999
vt 14.029600 -51.101700
vt 14.031900 -51.094898
vt 14.039800 -51.118401
vt 14.027000 -51.120499
vt 14.034800 -51.119701
vt 14.032000 -51.123299
vt 14.018600 -51.097500
vt 14.021100 -51.121700
vt 14.000100 -51.189201
vt 13.977000 -51.187199
vt 14.017500 -51.188400
vt 14.000100 -51.156300
vt 14.000100 -51.151100
vt 13.973500 -51.152699
vt 14.018400 -51.152500
vt 14.026800 -51.152699
vt 14.009700 -51.146900
vt 14.003400 -51.146801
vt 14.006700 -51.150101
vt 14.003300 -51.127102
vt 14.020500 -51.132099
vt 14.015900 -51.146900
vt 14.012400 -51.127201
vt 14.020500 -51.125401
vt 14.008000 -51.123901
vt 13.994200 -51.092899
vt 13.991100 -51.096699
vt 13.997600 -51.096699
vt 13.980100 -51.114399
vt 13.984700 -51.096600
vt 13.997700 -51.120499
vt 13.988400 -51.120300
vt 13.995200 -51.123901
vt 13.979800 -51.121300
vt 13.984200 -51.124298
vt 14.067900 -51.090199
vt 14.060300 -51.089199
vt 14.059400 -51.096699
vt 14.071300 -51.110901
vt 14.075600 -51.090000
vt 14.062700 -51.117599
vt 14.080100 -51.109299
vt 14.072300 -51.117599
vt 14.080100 -51.118198
vt 13.926900 -51.146400
vt 13.934700 -51.148102
vt 13.934300 -51.141701
vt 13.941500 -51.145901
vt 13.941100 -51.131199
vt 13.922000 -51.128399
vt 13.930800 -51.122898
vt 13.921500 -51.123299
vt 13.931800 -51.129101
vt 13.939400 -51.123100
vt 13.939800 -51.147598
vt 13.944100 -51.150902
vt 13.946000 -51.146999
vt 13.943700 -51.130299
vt 13.951100 -51.147202
vt 13.936000 -51.129601
vt 13.942900 -51.124001
vt 13.935600 -51.124500
vt 13.950000 -51.125198
vt 14.055400 -51.123001
vt 14.056700 -51.120499
vt 14.051500 -51.119999
vt 14.054600 -51.104198
vt 14.061800 -51.119801
vt 14.058700 -51.098400
vt 14.050700 -51.098701
vt 14.054500 -51.096600
vt 14.026600 -51.146198
vt 14.022000 -51.146702
vt 14.025700 -51.149899
vt 14.028100 -51.126301
vt 14.021200 -51.126999
vt 14.036500 -51.130901
vt 14.036800 -51.124298
vt 14.043100 -51.126598
vt 14.033100 -51.146000
vt 14.033200 -51.149601
vt 14.037800 -51.146599
vt 14.025500 -51.147202
vt 14.120400 -51.046101
vt 14.123300 -51.057098
vt 14.106700 -51.104500
vt 14.104800 -51.148701
vt 14.097700 -51.145199
vt 14.095000 -51.162998
vt 14.101200 -51.168400
vt 14.026900 -51.189499
vt 14.059100 -51.131199
vt 14.058700 -51.145901
vt 14.065300 -51.145599
vt 14.073300 -51.146400
vt 14.067600 -51.149700
vt 14.068400 -51.129101
vt 14.078300 -51.128601
vt 14.069600 -51.121799
vt 14.078700 -51.123299
vt 14.060800 -51.123100
vt 13.967100 -51.146099
vt 13.962400 -51.146599
vt 13.967900 -51.149101
vt 13.973600 -51.146198
vt 13.974500 -51.149899
vt 13.978100 -51.146801
vt 13.963700 -51.130901
vt 13.957200 -51.126400
vt 13.972100 -51.126301
vt 13.979300 -51.133301
vt 13.963300 -51.125301
vt 13.967000 -51.123100
vt 14.136500 -50.852600
vt 14.107500 -50.852100
vt 14.145700 -50.892700
vt 14.127100 -50.830002
vt 14.101800 -50.828400
vt 14.070100 -50.848999
vt 14.069400 -50.827000
vt 14.067700 -50.903801
vt 13.981100 -50.849899
vt 13.956300 -50.826698
vt 13.934400 -50.849499
vt 13.920400 -50.826000
vt 13.840200 -51.152802
vt 13.829800 -51.194500
vt 13.876300 -51.183102
vt 13.894900 -51.151299
vt 13.861000 -51.209301
vt 13.832500 -51.216400
vt 13.897800 -51.198200
vt 13.915700 -51.180199
vt 13.922500 -51.188999
vt 13.922600 -51.161900
vt 13.905100 -51.147202
vt 13.941100 -51.169800
vt 13.930600 -51.154800
vt 13.962000 -51.171299
vt 13.964700 -51.166599
vt 13.938400 -51.116100
vt 13.949500 -51.107101
vt 13.958300 -51.138401
vt 13.938700 -51.068401
vt 13.979600 -51.098598
vt 13.993500 -51.108002
vt 13.975100 -51.158699
vt 13.969200 -51.068501
vt 13.941700 -51.049400
vt 14.001300 -51.070702
vt 14.001600 -51.050201
vt 13.971200 -51.040001
vt 13.994000 -51.034302
vt 13.952000 -51.034302
vt 13.973100 -51.029800
vt 13.869700 -51.101799
vt 13.871400 -51.095299
vt 13.866700 -51.096901
vt 13.876900 -51.096802
vt 13.882400 -51.097599
vt 13.879000 -51.094101
vt 13.877200 -51.102798
vt 13.868100 -51.115398
vt 13.884900 -51.115299
vt 13.877100 -51.120899
vt 13.868300 -51.121399
vt 13.884200 -51.121498
vt 13.879600 -51.147099
vt 13.872800 -51.147701
vt 13.875400 -51.151199
vt 13.864800 -51.126900
vt 13.868100 -51.148701
vt 13.871100 -51.125900
vt 13.874600 -51.122299
vt 13.880700 -51.125198
vt 13.887300 -51.130299
vt 14.081900 -51.033401
vt 14.100600 -51.056000
vt 14.110300 -51.034500
vt 14.070200 -51.064602
vt 14.126700 -50.995499
vt 14.033100 -51.065201
vt 14.097400 -50.978199
vt 14.141700 -50.940498
vt 14.046900 -50.987801
vt 14.007000 -51.015701
vt 14.001500 -51.058899
vt 13.916100 -51.050900
vt 13.940300 -50.959000
vt 14.006200 -50.928600
vt 14.069700 -50.927200
vt 14.109500 -50.924000
vt 13.828400 -51.132099
vt 13.829400 -51.146999
vt 13.834900 -51.147202
vt 13.841400 -51.132099
vt 13.840400 -51.146999
vt 13.834900 -51.127201
vt 13.841000 -51.126400
vt 13.828700 -51.126400
vt 13.885400 -51.094002
vt 13.892000 -51.106499
vt 13.891700 -51.090000
vt 13.899400 -51.090000
vt 13.884400 -51.107101
vt 13.902700 -51.109200
vt 13.892700 -51.116699
vt 13.885600 -51.118000
vt 13.902600 -51.118198
vt 13.823600 -51.066898
vt 13.853800 -51.066898
vt 13.827700 -51.051300
vt 13.853800 -51.053902
vt 13.868300 -51.058498
vt 13.829400 -51.035999
vt 13.868300 -51.035500
vt 13.854300 -51.036499
vt 13.853400 -50.994801
vt 13.817400 -51.007301
vt 13.807600 -50.994801
vt 13.868200 -51.007000
vt 13.855100 -51.097801
vt 13.861600 -51.113998
vt 13.859700 -51.096600
vt 13.854900 -51.118801
vt 13.850100 -51.111599
vt 13.850800 -51.120602
vt 13.856300 -51.122799
vt 13.861500 -51.121201
vt 13.866300 -51.119999
vt 13.863500 -51.098400
vt 13.894900 -50.994499
vt 13.833700 -51.010899
vt 13.894600 -51.010899
vt 13.820200 -50.992001
vt 13.894600 -50.966099
vt 13.810500 -50.966202
vt 13.815400 -50.947399
vt 13.894600 -50.948601
vt 13.894800 -50.970402
vt 13.894600 -50.953400
vt 13.861300 -50.954102
vt 13.880900 -50.982101
vt 13.909400 -50.963699
vt 13.894600 -50.998798
vt 13.877700 -51.007500
vt 13.894600 -51.010700
vt 13.846700 -51.099400
vt 13.852600 -51.101700
vt 13.850700 -51.095901
vt 13.846100 -51.094799
vt 13.841300 -51.095600
vt 13.840300 -51.101299
vt 13.848000 -51.110500
vt 13.853500 -51.119499
vt 13.851300 -51.122299
vt 13.848400 -51.120602
vt 13.842800 -51.121300
vt 13.859100 -51.131901
vt 13.851100 -51.148300
vt 13.857600 -51.147701
vt 13.863100 -51.147202
vt 13.850100 -51.127602
vt 13.866000 -51.125801
vt 13.859000 -51.125900
vt 13.855300 -51.123600
vt 13.834400 -51.094898
vt 13.836000 -51.118198
vt 13.839500 -51.094898
vt 13.830200 -51.095600
vt 13.829900 -51.119099
vt 13.834100 -51.122398
vt 13.840200 -51.122299
vt 13.841900 -51.118500
vt 13.849200 -51.096199
vt 13.844100 -51.101200
vt 13.850600 -51.102402
vt 13.843600 -51.094898
vt 13.839800 -51.096001
vt 13.838500 -51.101002
vt 13.839200 -51.119999
vt 13.844500 -51.121399
vt 13.850700 -51.120602
vt 13.834000 -51.096500
vt 13.839600 -51.097000
vt 13.836300 -51.092800
vt 13.833900 -51.120499
vt 13.828400 -51.096901
vt 13.840700 -51.120701
vt 13.827200 -51.120499
vt 13.833900 -51.124401
vt 13.838900 -51.123901
vt 13.843200 -51.223202
vt 13.924800 -51.152302
vt 13.860400 -51.146702
vt 13.853800 -51.147202
vt 13.856000 -51.150600
vt 13.845400 -51.127399
vt 13.848600 -51.148201
vt 13.852100 -51.126499
vt 13.855100 -51.123001
vt 13.861400 -51.125702
vt 13.878600 -51.094700
vt 13.872800 -51.096298
vt 13.879900 -51.100899
vt 13.883200 -51.097000
vt 13.867300 -51.096699
vt 13.872000 -51.112999
vt 13.885900 -51.116001
vt 13.880200 -51.121201
vt 13.885000 -51.121300
vt 13.881100 -51.114300
vt 13.872100 -51.121399
vt 13.865200 -51.121101
vt 13.864400 -51.114300
vt 13.832100 -51.097099
vt 13.837100 -51.097500
vt 13.835500 -51.093300
vt 13.831400 -51.121399
vt 13.837700 -51.091999
vt 13.841300 -51.096802
vt 13.843600 -51.120499
vt 13.837700 -51.121700
vt 13.834800 -51.147099
vt 13.829400 -51.146702
vt 13.832600 -51.150101
vt 13.828300 -51.132801
vt 13.834900 -51.127102
vt 13.840200 -51.146801
vt 13.841400 -51.127102
vt 13.828900 -51.125198
vt 13.836200 -51.092800
vt 13.833900 -51.096401
vt 13.839700 -51.096600
vt 13.840700 -51.114399
vt 13.828200 -51.096600
vt 13.830300 -51.093300
vt 13.827200 -51.114399
vt 13.840300 -51.121300
vt 13.833900 -51.120399
vt 13.827500 -51.121300
vt 13.891400 -51.109402
vt 13.899700 -51.091000
vt 13.892300 -51.090599
vt 13.907000 -51.096699
vt 13.904100 -51.089199
vt 13.901700 -51.108501
vt 13.909900 -51.117599
vt 13.901700 -51.118198
vt 13.891500 -51.118000
vt 13.891600 -51.147499
vt 13.898900 -51.148998
vt 13.899400 -51.143002
vt 13.904900 -51.146400
vt 13.890600 -51.133099
vt 13.900800 -51.130501
vt 13.890800 -51.125000
vt 13.908100 -51.128399
vt 13.900600 -51.124199
vt 13.899500 -51.121899
vt 13.907700 -51.123299
vt 13.962400 -50.900501
vt 13.901900 -50.851601
vt 13.897700 -50.916599
vt 13.866900 -50.900501
vt 13.904600 -50.939800
vt 13.859700 -50.927101
vt 13.845700 -50.898102
vt 13.873700 -50.853199
vt 13.844400 -50.930500
vt 13.879200 -50.972801
vt 13.908000 -50.982300
vt 13.882800 -51.016899
vt 13.905900 -51.019001
vt 13.881500 -51.050999
vt 13.866500 -51.030701
vt 13.863100 -51.051102
vt 13.845100 -51.018398
vt 13.853300 -51.032398
vt 13.862300 -51.019699
vt 13.855100 -51.094398
vt 13.828900 -51.085400
vt 13.829300 -51.095600
vt 13.839200 -51.083500
vt 13.857500 -51.084499
vt 13.846200 -51.057899
vt 13.873400 -51.094200
vt 13.881300 -51.084000
vt 13.919200 -51.070702
vt 13.966500 -51.070202
vt 14.024000 -51.078201
vt 13.871800 -51.148800
vt 13.871300 -51.127201
vt 13.864800 -51.134300
vt 13.880500 -51.131699
vt 13.878600 -51.148201
vt 13.883600 -51.147598
vt 13.886800 -51.129601
vt 13.880400 -51.125401
vt 13.886500 -51.124500
vt 13.876400 -51.122898
vt 13.852300 -51.097900
vt 13.855800 -51.098499
vt 13.855900 -51.095100
vt 13.859200 -51.094700
vt 13.850100 -51.118999
vt 13.860600 -51.098701
vt 13.854700 -51.119701
vt 13.853800 -51.122398
vt 13.861800 -51.119999
vt 13.865100 -51.104198
vt 13.834200 -51.127899
vt 13.837000 -51.147598
vt 13.842700 -51.146702
vt 13.841400 -51.126999
vt 13.847400 -51.146198
vt 13.883200 -51.152401
vt 13.848300 -51.147202
vt 13.855700 -51.152699
vt 13.912400 -51.147202
vt 13.939600 -51.153599
vt 13.942300 -51.128700
vt 13.933100 -51.149300
vt 13.936000 -51.129101
vt 13.942400 -51.054001
vt 13.936700 -51.051300
vt 13.955400 -51.044701
vt 13.975100 -51.044498
vt 13.955000 -51.108200
vt 13.971600 -51.104000
vt 13.995200 -51.046101
vt 13.993900 -51.104500
vt 14.005400 -51.057098
vt 13.973900 -51.145199
vt 13.943300 -51.168999
vt 13.932800 -51.160500
vt 13.966600 -51.162998
vt 13.968000 -51.168400
vt 13.926600 -51.186001
vt 13.928900 -51.172901
vt 13.920900 -51.151501
vt 13.892800 -51.201000
vt 13.884800 -51.184898
vt 13.855500 -51.189499
vt 13.847600 -51.213699
vt 13.888300 -51.147301
vt 13.894300 -51.147400
vt 13.893600 -51.141899
vt 13.901400 -51.145901
vt 13.896500 -51.150002
vt 13.902500 -51.131199
vt 13.892000 -51.124298
vt 13.902000 -51.123100
vt 13.884600 -51.125599
vt 13.838300 -51.132198
vt 13.834300 -51.147701
vt 13.838800 -51.147202
vt 13.841300 -51.150101
vt 13.844800 -51.146599
vt 13.845300 -51.126400
vt 13.838100 -51.126499
vt 13.831800 -51.128101
vt 14.057600 -51.131699
vt 14.061500 -51.123901
vt 14.057300 -51.122898
vt 14.062500 -51.115799
vt 14.062400 -51.136101
vt 14.069900 -51.130901
vt 14.068700 -51.135899
vt 14.073400 -51.119999
vt 14.073700 -51.128201
vt 14.068600 -51.115101
vt 14.062600 -51.128201
vt 14.062500 -51.121700
vt 14.058100 -51.125000
vt 14.056100 -51.118500
vt 14.055400 -51.129200
vt 14.050700 -51.124599
vt 14.051400 -51.131901
vt 14.049100 -51.120399
vt 14.057500 -51.132801
vt 14.047700 -51.127201
vt 14.054100 -51.115700
vt 14.060400 -51.116402
vt 14.085200 -50.941101
vt 14.098400 -50.974602
vt 14.110100 -50.959301
vt 14.110500 -50.927399
vt 14.076500 -50.904099
vt 14.096700 -50.897499
vt 14.076100 -50.871700
vt 14.057500 -50.879501
vt 13.996800 -51.170502
vt 13.993800 -51.165100
vt 13.993500 -51.168900
vt 13.986000 -51.167400
vt 13.990600 -51.172600
vt 13.984300 -51.170700
vt 13.981900 -51.165100
vt 13.998900 -51.165100
vt 13.986300 -51.161598
vt 13.993500 -51.161301
vt 13.984300 -51.159599
vt 13.996800 -51.159801
vt 13.990600 -51.157700
vt 13.918000 -51.107300
vt 13.923100 -51.114399
vt 13.921200 -51.106098
vt 13.920100 -51.097401
vt 13.931500 -51.111599
vt 13.932500 -51.115700
vt 13.929700 -51.103001
vt 13.938300 -51.107399
vt 13.928200 -51.094200
vt 13.941100 -51.108700
vt 13.927900 -51.090500
vt 13.935600 -51.093201
vt 13.938400 -51.099800
vt 13.937400 -51.090599
vt 13.942500 -51.098301
vt 13.950600 -51.145401
vt 13.946000 -51.147400
vt 13.947700 -51.149799
vt 13.939800 -51.143700
vt 13.942000 -51.149200
vt 13.948100 -51.142502
vt 13.939700 -51.136398
vt 13.936100 -51.138500
vt 13.938300 -51.133701
vt 13.943400 -51.134300
vt 13.948800 -51.138401
vt 13.929800 -51.152500
vt 13.917800 -51.105099
vt 13.906600 -51.143398
vt 13.893300 -51.138901
vt 13.956700 -51.105400
vt 13.972500 -51.184601
vt 13.894000 -51.105400
vt 13.974700 -51.105400
vt 13.906100 -51.090599
vt 13.924100 -51.090698
vt 13.959400 -51.090698
vt 14.070800 -51.152199
vt 14.092400 -51.144001
vt 14.082400 -51.105099
vt 14.106800 -51.138699
vt 14.048100 -51.173401
vt 14.106200 -51.105400
vt 14.094100 -51.090599
vt 14.043500 -51.105400
vt 14.076100 -51.090698
vt 14.040800 -51.090698
vt 14.025500 -51.105400
vt 14.025500 -51.185501
vt 13.958200 -51.158600
vt 13.960400 -51.160702
vt 13.961400 -51.155300
vt 13.958200 -51.149601
vt 13.953900 -51.153702
vt 13.953200 -51.145901
vt 13.948200 -51.146500
vt 13.949700 -51.148701
vt 13.946700 -51.151600
vt 13.949400 -51.157200
vt 13.954900 -51.161400
vt 13.955200 -51.148800
vt 13.950100 -51.148899
vt 13.955700 -51.152802
vt 13.961600 -51.151299
vt 13.950900 -51.142502
vt 13.958600 -51.146500
vt 13.947800 -51.142399
vt 13.964800 -51.146198
vt 13.961600 -51.144100
vt 13.955500 -51.138599
vt 13.950900 -51.136902
vt 13.962700 -51.139599
vt 13.957100 -51.135502
vt 13.975400 -51.166901
vt 13.973800 -51.172100
vt 13.978900 -51.168400
vt 13.979200 -51.162399
vt 13.972300 -51.169998
vt 13.974700 -51.160801
vt 13.969100 -51.163399
vt 13.963600 -51.165901
vt 13.973400 -51.156502
vt 13.965500 -51.155602
vt 13.962900 -51.159801
vt 13.960400 -51.158100
vt 14.051000 -51.151699
vt 14.044500 -51.159199
vt 14.048500 -51.158001
vt 14.047700 -51.148701
vt 14.049700 -51.146198
vt 14.042400 -51.148201
vt 14.044200 -51.145401
vt 14.035600 -51.155499
vt 14.038400 -51.149300
vt 14.043400 -51.153702
vt 14.039200 -51.158600
vt 14.042600 -51.161900
vt 14.037300 -51.160801
vt 14.003500 -51.166100
vt 14.002600 -51.159302
vt 13.999100 -51.166100
vt 14.002500 -51.172798
vt 14.005000 -51.161098
vt 14.016200 -51.160400
vt 14.012000 -51.156700
vt 14.011800 -51.166100
vt 14.007400 -51.171700
vt 14.018500 -51.171001
vt 14.011800 -51.175400
vt 14.020000 -51.166100
vt 14.020900 -51.159599
vt 14.023700 -51.166100
vt 14.020400 -51.172501
vt 13.898400 -51.043499
vt 13.926000 -51.070801
vt 13.897600 -51.031399
vt 13.931200 -51.098202
vt 13.944200 -51.107201
vt 13.967500 -51.156799
vt 13.975800 -51.152401
vt 14.000100 -51.157101
vt 13.992200 -51.167000
vt 14.024400 -51.152401
vt 14.022300 -51.163399
vt 14.035800 -51.152500
vt 14.056000 -51.107201
vt 14.068100 -51.099201
vt 14.072400 -51.073399
vt 14.102100 -51.044102
vt 14.101200 -51.032001
vt 14.115800 -51.038200
vt 14.086600 -51.079800
vt 14.061700 -51.127701
vt 14.033100 -51.167500
vt 14.019500 -51.175598
vt 13.992200 -51.177200
vt 13.967100 -51.167500
vt 13.945900 -51.139000
vt 13.924800 -51.102200
vt 13.911700 -51.077499
vt 13.884600 -51.037998
vt 14.050100 -51.148899
vt 14.050700 -51.142399
vt 14.046000 -51.145199
vt 14.044700 -51.138599
vt 14.042800 -51.148998
vt 14.038600 -51.144001
vt 14.044500 -51.152901
vt 14.037500 -51.139599
vt 14.038600 -51.151402
vt 14.035400 -51.146198
vt 14.043100 -51.135502
vt 14.049300 -51.136902
vt 13.943300 -51.122799
vt 13.937800 -51.115799
vt 13.939000 -51.124199
vt 13.942600 -51.131802
vt 13.931500 -51.115002
vt 13.926900 -51.119801
vt 13.927400 -51.127899
vt 13.931400 -51.134800
vt 13.937800 -51.136101
vt 14.039800 -51.157902
vt 14.034800 -51.154800
vt 14.037300 -51.159801
vt 14.032000 -51.157299
vt 14.027000 -51.156399
vt 14.023800 -51.162601
vt 14.021100 -51.162300
vt 14.031100 -51.163399
vt 14.039400 -51.164101
vt 14.024800 -51.166901
vt 14.021300 -51.168598
vt 14.026600 -51.171799
vt 14.030000 -51.169498
vt 14.034400 -51.170101
vt 14.009600 -51.172600
vt 14.014800 -51.169601
vt 14.009900 -51.167702
vt 14.014300 -51.162800
vt 14.005200 -51.167400
vt 14.006700 -51.161301
vt 14.003400 -51.170601
vt 14.009700 -51.157700
vt 14.001200 -51.165199
vt 14.003400 -51.159801
vt 14.018300 -51.165100
vt 14.015900 -51.159599
vt 13.996700 -51.166100
vt 13.997700 -51.172798
vt 14.001100 -51.166100
vt 13.997700 -51.159302
vt 13.995200 -51.161098
vt 13.988400 -51.166100
vt 13.995200 -51.171001
vt 13.984200 -51.160301
vt 13.988400 -51.156700
vt 13.984200 -51.171902
vt 13.988400 -51.175400
vt 13.980200 -51.166100
vt 13.979800 -51.159698
vt 13.979800 -51.172501
vt 13.976000 -51.166100
vt 14.079000 -51.106098
vt 14.082300 -51.107300
vt 14.080100 -51.097500
vt 14.072000 -51.094200
vt 14.072300 -51.090500
vt 14.070500 -51.103001
vt 14.077100 -51.114498
vt 14.064600 -51.093201
vt 14.062700 -51.090099
vt 14.064600 -51.109501
vt 14.067800 -51.115700
vt 14.061800 -51.099800
vt 14.059300 -51.108501
vt 14.057700 -51.098301
vt 13.930900 -51.108501
vt 13.924500 -51.108398
vt 13.931200 -51.113098
vt 13.936600 -51.107899
vt 13.924200 -51.101101
vt 13.930900 -51.099800
vt 13.926900 -51.095100
vt 13.939600 -51.103500
vt 13.934700 -51.095299
vt 13.943400 -51.105900
vt 13.939200 -51.111698
vt 13.941500 -51.098598
vt 13.927800 -51.126598
vt 13.911600 -51.118698
vt 13.925400 -51.142502
vt 13.917100 -51.102798
vt 13.899600 -51.080799
vt 13.938000 -51.049900
vt 13.898200 -51.033501
vt 13.902100 -50.976002
vt 14.007000 -51.090801
vt 13.915000 -50.943001
vt 13.890800 -50.966900
vt 13.889700 -50.929798
vt 13.950900 -50.969799
vt 14.000100 -51.017502
vt 13.956600 -50.935501
vt 13.923700 -50.905701
vt 13.903600 -50.899399
vt 13.935200 -50.881001
vt 13.968400 -50.900200
vt 13.977300 -50.867100
vt 14.000000 -50.862701
vt 14.023600 -50.867298
vt 14.001600 -50.937801
vt 14.042200 -50.904301
vt 14.048200 -50.942001
vt 14.080900 -51.007599
vt 14.102800 -50.986801
vt 14.101900 -51.061699
vt 14.062200 -51.049099
vt 14.084500 -51.099602
vt 14.084200 -51.121498
vt 14.070400 -51.129101
vt 14.061700 -51.149502
vt 14.036500 -51.154900
vt 14.037200 -51.171398
vt 14.000100 -51.177502
vt 13.958800 -51.150902
vt 13.961000 -51.170700
vt 13.934800 -51.144901
vt 13.942700 -51.128601
vt 13.937600 -51.128201
vt 13.942800 -51.132702
vt 13.948800 -51.131802
vt 13.939100 -51.121899
vt 13.946300 -51.126801
vt 13.936000 -51.121399
vt 13.952500 -51.127102
vt 13.949600 -51.124599
vt 13.944100 -51.118599
vt 13.939800 -51.116402
vt 13.951100 -51.120399
vt 13.946000 -51.115700
vt 14.052500 -51.146198
vt 14.051500 -51.138199
vt 14.049700 -51.145302
vt 14.052600 -51.149899
vt 14.058000 -51.150002
vt 14.059400 -51.146999
vt 14.057400 -51.141998
vt 14.064200 -51.138599
vt 14.055400 -51.136902
vt 14.060500 -51.136398
vt 14.061800 -51.133598
vt 14.056700 -51.133499
vt 14.033400 -51.165798
vt 14.036700 -51.160500
vt 14.031500 -51.160900
vt 14.033200 -51.154701
vt 14.027200 -51.162800
vt 14.025700 -51.156799
vt 14.027000 -51.166801
vt 14.026600 -51.152599
vt 14.022600 -51.162998
vt 14.022000 -51.157299
vt 14.037800 -51.155201
vt 14.057400 -51.105701
vt 14.061100 -51.111698
vt 14.060700 -51.103500
vt 14.067600 -51.097099
vt 14.058700 -51.098598
vt 14.067000 -51.103001
vt 14.065300 -51.093800
vt 14.066500 -51.108898
vt 14.073300 -51.102699
vt 14.073300 -51.095100
vt 14.077100 -51.100899
vt 14.075700 -51.108501
vt 14.069100 -51.113201
vt 13.971000 -51.163502
vt 13.966800 -51.165699
vt 13.973200 -51.166698
vt 13.977600 -51.162899
vt 13.965000 -51.158699
vt 13.973000 -51.160198
vt 13.962100 -51.161201
vt 13.967900 -51.153801
vt 13.962400 -51.155201
vt 13.974500 -51.156799
vt 13.978100 -51.157200
vt 13.973600 -51.152599
vt 14.030900 -51.153000
vt 14.035500 -51.194500
vt 14.045400 -51.152802
vt 14.016500 -51.192902
vt 14.012900 -51.152901
vt 14.032900 -51.216400
vt 14.007800 -51.217098
vt 14.086200 -51.161900
vt 14.086200 -51.180199
vt 14.096300 -51.154800
vt 14.104900 -51.169800
vt 14.109400 -51.116100
vt 13.999900 -51.156300
vt 13.999900 -51.151100
vt 13.999900 -51.192299
vt 13.980500 -51.215900
vt 13.986700 -51.153000
vt 13.964500 -51.194698
vt 13.966900 -51.216400
vt 13.968900 -51.153000
vt 13.954400 -51.152901
vt 13.911900 -51.161098
vt 13.918600 -51.155399
vt 13.912100 -51.149300
vt 13.903500 -51.154800
vt 13.907000 -51.177101
vt 13.903100 -51.129101
vt 13.890400 -51.116100
vt 13.894900 -51.169601
vt 13.878700 -51.051300
vt 13.873700 -51.068401
vt 13.871400 -51.049500
vt 13.876900 -51.034302
vt 13.938600 -51.115501
vt 13.940000 -51.096901
vt 13.934100 -51.096802
vt 13.944500 -51.101799
vt 13.943800 -51.115398
vt 13.942400 -51.121399
vt 13.937600 -51.121201
vt 13.931300 -51.119999
vt 13.948200 -51.126900
vt 13.942500 -51.148800
vt 13.948600 -51.148701
vt 13.937400 -51.148800
vt 13.940500 -51.127201
vt 13.945800 -51.123199
vt 13.933300 -51.127102
vt 13.940600 -51.124001
vt 14.006500 -51.150002
vt 14.009400 -51.146900
vt 14.003200 -51.146900
vt 14.020300 -51.132099
vt 14.015700 -51.146999
vt 14.002800 -51.133400
vt 14.012200 -51.127201
vt 14.020600 -51.126400
vt 14.016300 -51.124001
vt 14.004200 -51.125301
vt 14.071500 -51.088501
vt 14.064100 -51.090099
vt 14.074000 -51.094002
vt 14.076900 -51.090000
vt 14.076200 -51.107101
vt 14.067500 -51.116798
vt 14.076900 -51.118000
vt 14.056400 -51.095798
vt 14.058900 -51.117699
vt 14.057500 -51.090000
vt 14.010200 -51.062000
vt 13.999900 -51.040001
vt 13.999900 -51.057999
vt 13.993100 -51.062000
vt 13.985400 -51.058498
vt 13.984500 -51.035500
vt 14.000000 -51.007000
vt 14.016700 -51.040798
vt 14.060100 -51.097801
vt 14.056500 -51.094898
vt 14.056400 -51.097599
vt 14.057500 -51.111599
vt 14.052200 -51.097801
vt 14.052300 -51.119099
vt 14.058000 -51.120602
vt 14.063000 -51.118801
vt 14.054000 -51.122101
vt 14.075900 -50.957802
vt 14.064800 -50.982101
vt 14.093900 -50.963699
vt 14.040600 -50.957901
vt 14.092300 -50.999901
vt 14.109200 -50.970402
vt 14.108100 -50.998798
vt 14.102600 -51.010700
vt 14.080900 -51.019699
vt 14.075700 -51.007301
vt 14.048400 -51.005299
vt 14.032900 -50.990601
vt 14.031700 -51.010899
vt 14.017600 -50.994499
vt 14.029900 -50.971298
vt 14.025300 -50.948601
vt 14.013400 -50.966099
vt 13.890500 -50.970402
vt 13.907500 -50.999901
vt 13.905900 -50.963699
vt 13.891700 -50.998798
vt 13.897200 -51.010700
vt 13.918900 -51.019699
vt 13.924000 -51.007301
vt 13.935000 -50.982101
vt 13.951400 -51.005299
vt 13.966900 -50.990601
vt 13.968100 -51.010899
vt 13.982200 -50.994499
vt 13.923900 -50.957802
vt 13.959200 -50.957901
vt 13.969900 -50.971298
vt 13.986400 -50.966099
vt 13.974500 -50.948601
vt 14.046500 -51.095600
vt 14.042700 -51.102100
vt 14.048800 -51.101299
vt 14.042200 -51.095100
vt 14.037200 -51.096901
vt 14.036800 -51.102100
vt 14.039600 -51.120899
vt 14.045100 -51.121498
vt 14.050600 -51.121300
vt 14.049900 -51.148300
vt 14.045600 -51.134399
vt 14.044300 -51.148399
vt 14.038400 -51.148300
vt 14.053800 -51.127602
vt 14.038400 -51.127399
vt 14.046300 -51.125801
vt 14.028400 -51.095600
vt 14.024300 -51.092800
vt 14.023000 -51.096298
vt 14.026200 -51.120499
vt 14.019000 -51.097000
vt 14.021100 -51.121498
vt 14.034200 -51.119099
vt 14.027700 -51.123299
vt 14.036400 -51.122398
vt 13.957400 -51.102100
vt 13.962300 -51.096001
vt 13.957500 -51.094898
vt 13.963400 -51.101002
vt 13.952900 -51.096199
vt 13.951200 -51.102299
vt 13.962700 -51.119999
vt 13.957400 -51.120300
vt 13.951500 -51.120499
vt 13.955500 -51.122799
vt 13.960800 -51.122799
vt 13.990900 -51.096699
vt 13.997400 -51.096901
vt 13.994000 -51.092899
vt 13.997500 -51.120499
vt 13.992600 -51.124298
vt 13.988200 -51.120399
vt 13.981500 -51.123901
vt 13.979600 -51.121300
vt 13.979900 -51.114399
vt 13.984500 -51.096699
vt 14.121200 -51.051102
vt 14.128400 -51.049400
vt 14.122900 -51.034302
vt 14.126100 -51.068401
vt 14.096700 -51.129101
vt 14.087700 -51.149300
vt 14.081200 -51.155399
vt 14.034700 -51.147202
vt 13.949900 -51.148201
vt 13.955500 -51.148201
vt 13.954100 -51.133801
vt 13.961400 -51.148201
vt 13.961400 -51.127399
vt 13.945800 -51.127499
vt 13.953400 -51.125801
vt 14.055300 -51.101799
vt 14.061200 -51.115501
vt 14.059800 -51.096901
vt 14.065700 -51.096699
vt 14.056000 -51.115398
vt 14.057400 -51.121399
vt 14.068000 -51.114300
vt 14.062200 -51.121300
vt 14.068600 -51.121101
vt 13.976300 -51.101398
vt 13.980800 -51.097099
vt 13.976700 -51.094101
vt 13.978700 -51.121399
vt 13.971400 -51.095600
vt 13.973100 -51.092400
vt 13.973400 -51.120899
vt 13.965600 -51.119099
vt 13.961300 -51.112301
vt 13.970000 -51.123402
vt 13.996900 -51.132801
vt 13.990400 -51.146900
vt 13.996600 -51.146702
vt 13.987400 -51.127201
vt 13.995500 -51.125198
vt 13.982400 -51.142101
vt 13.985200 -51.148998
vt 13.978800 -51.126801
vt 13.983300 -51.123901
vt 14.008900 -51.096699
vt 14.015300 -51.096600
vt 14.013200 -51.093300
vt 14.005800 -51.092899
vt 14.002400 -51.096699
vt 14.002300 -51.120499
vt 14.019900 -51.114399
vt 14.011600 -51.120300
vt 14.004800 -51.123901
vt 14.020200 -51.121300
vt 14.015800 -51.124298
vt 13.935700 -51.090199
vt 13.928400 -51.088501
vt 13.925800 -51.094002
vt 13.922900 -51.090000
vt 13.923500 -51.107101
vt 13.942400 -51.109402
vt 13.942800 -51.090599
vt 13.932200 -51.116798
vt 13.922900 -51.118000
vt 13.940700 -51.118000
vt 14.070700 -51.133099
vt 14.060800 -51.147400
vt 14.068800 -51.147701
vt 14.075500 -51.147499
vt 14.079500 -51.133099
vt 14.061900 -51.125500
vt 14.071500 -51.124199
vt 14.080000 -51.125000
vt 14.091100 -50.853199
vt 14.032600 -50.850201
vt 14.077800 -50.877499
vt 14.105700 -50.898102
vt 14.130600 -50.927101
vt 14.115200 -50.930500
vt 14.033700 -50.875000
vt 13.999900 -50.875000
vt 13.999900 -50.850201
vt 13.967100 -50.850201
vt 13.999900 -50.900501
vt 13.966100 -50.875000
vt 14.039400 -50.900101
vt 14.088700 -50.900501
vt 14.093700 -50.927101
vt 14.068400 -50.927200
vt 14.070200 -50.945099
vt 14.036100 -50.927200
vt 14.093400 -50.948898
vt 14.027500 -50.947399
vt 14.106700 -50.954300
vt 13.999800 -50.927200
vt 14.125600 -50.982201
vt 14.109200 -50.982800
vt 14.140200 -50.972801
vt 14.119300 -51.007702
vt 14.105000 -51.007401
vt 14.129400 -51.016899
vt 14.107600 -51.030701
vt 14.087100 -51.017799
vt 14.087100 -51.031300
vt 14.065000 -51.019699
vt 14.096200 -51.051102
vt 14.061700 -51.032398
vt 14.070000 -51.057899
vt 14.047600 -51.018398
vt 14.032000 -51.034100
vt 14.031600 -51.010899
vt 14.021400 -51.035999
vt 14.007000 -51.007301
vt 14.016800 -50.992001
vt 14.022000 -51.053200
vt 13.999800 -50.994801
vt 14.013400 -50.966202
vt 13.999800 -50.955200
vt 13.986400 -50.966202
vt 13.983300 -50.991001
vt 13.992800 -51.007301
vt 13.968200 -51.010899
vt 13.978400 -51.035999
vt 13.963500 -50.927200
vt 13.951900 -50.943901
vt 13.967800 -51.034100
vt 13.952200 -51.018398
vt 13.977300 -51.051300
vt 13.934200 -51.020000
vt 13.931100 -50.927200
vt 13.929200 -50.945400
vt 13.907600 -50.948601
vt 13.943500 -51.053398
vt 13.886200 -50.926998
vt 13.893200 -50.954102
vt 13.964800 -50.900501
vt 13.920800 -50.897202
vt 13.918300 -50.876701
vt 13.877500 -50.954899
vt 13.890600 -50.982101
vt 13.892200 -50.900501
vt 13.869000 -50.927101
vt 13.874000 -50.982201
vt 13.924400 -50.851200
vt 13.899200 -50.856701
vt 13.862500 -50.954800
vt 13.880400 -51.007702
vt 13.894900 -51.007500
vt 13.860300 -50.987000
vt 13.895300 -51.032600
vt 13.913200 -51.017899
vt 13.877900 -51.030602
vt 13.911000 -51.048698
vt 13.888900 -51.050999
vt 13.956700 -51.086700
vt 13.902800 -51.050400
vt 13.936700 -51.085701
vt 13.938300 -51.094398
vt 13.962800 -51.095699
vt 13.973900 -51.087299
vt 13.982200 -51.066898
vt 13.999900 -51.096802
vt 13.990700 -51.069901
vt 14.000400 -51.087700
vt 13.999900 -51.064400
vt 14.009100 -51.069901
vt 14.025700 -51.087200
vt 14.017600 -51.066898
vt 14.039000 -51.095600
vt 14.046200 -51.085400
vt 14.065200 -51.094398
vt 14.059500 -51.083500
vt 14.074600 -51.084499
vt 14.058800 -51.134300
vt 14.057200 -51.148998
vt 14.062400 -51.148800
vt 14.051200 -51.148800
vt 14.059400 -51.125301
vt 14.066400 -51.127201
vt 14.051600 -51.126900
vt 13.942900 -51.102001
vt 13.947600 -51.097900
vt 13.943400 -51.095200
vt 13.947400 -51.118999
vt 13.942000 -51.119099
vt 13.936800 -51.118801
vt 13.940600 -51.121899
vt 13.939700 -51.097801
vt 13.973000 -51.133999
vt 13.966600 -51.147701
vt 13.973000 -51.147598
vt 13.977400 -51.147598
vt 13.978800 -51.127899
vt 13.963500 -51.127998
vt 13.960100 -51.142200
vt 13.961500 -51.124199
vt 13.957100 -51.126900
vt 13.965200 -51.147202
vt 13.938900 -51.147301
vt 13.929000 -51.132500
vt 13.930900 -51.147499
vt 13.924300 -51.147499
vt 13.920300 -51.133099
vt 13.919800 -51.125000
vt 13.928200 -51.124100
vt 13.938100 -51.125599
vt 14.033200 -51.147701
vt 14.026700 -51.134602
vt 14.026800 -51.147800
vt 14.022400 -51.147701
vt 14.036200 -51.128101
vt 14.042200 -51.132198
vt 14.021000 -51.127800
vt 14.042300 -51.126499
vt 14.038200 -51.124199
vt 14.027600 -51.126400
vt 0.790448 1.383280
vt 0.805161 1.399990
vt 0.788949 1.393280
vt 0.790298 1.362830
vt 0.786279 1.347880
vt 0.790929 1.343990
vt 0.786279 1.363150
vt 0.786279 1.379730
vt 0.786279 1.335920
vt 0.794358 1.329240
vt 0.771754 1.353230
vt 0.771754 1.363600
vt 0.771754 1.374850
vt 0.771754 1.384050
vt 0.843808 1.410900
vt 0.848593 1.363170
vt 0.862261 1.384260
vt 0.816393 1.407260
vt 0.849349 1.384260
vt 0.786279 1.398070
vt 0.786279 1.380530
vt 0.854932 1.405900
vt 0.838074 1.329020
vt 0.786279 1.348300
vt 0.786279 1.335740
vt 0.845247 1.344520
vt 0.786279 1.363430
vt 0.916550 1.388690
vt 0.903308 1.403210
vt 0.898336 1.388690
vt 0.890943 1.403210
vt 0.899906 1.358570
vt 0.876752 1.388690
vt 0.876850 1.345260
vt 0.919362 1.382720
vt 0.717611 1.403210
vt 0.704369 1.386020
vt 0.722583 1.375780
vt 0.729976 1.403210
vt 0.876291 1.403210
vt 0.744166 1.375780
vt 0.744628 1.403210
vt 0.853884 1.388690
vt 0.852423 1.331160
vt 0.701557 1.369810
vt 0.721013 1.358570
vt 0.744069 1.345260
vt 0.860766 1.403210
vt 0.760153 1.403210
vt 0.767035 1.375780
vt 0.768496 1.331160
vt 0.835846 1.388690
vt 0.833155 1.320030
vt 0.848521 1.403210
vt 0.787764 1.320030
vt 0.785073 1.375780
vt 0.772398 1.403210
vt 0.780465 1.403210
vt 0.796956 1.388690
vt 0.916549 1.393280
vt 0.919470 1.379730
vt 0.922480 1.383280
vt 0.699270 1.343990
vt 0.707788 1.335920
vt 0.702228 1.347880
vt 0.913130 1.335920
vt 0.921648 1.343990
vt 0.918690 1.347880
vt 0.903307 1.384050
vt 0.905290 1.374850
vt 0.701448 1.379730
vt 0.717611 1.384050
vt 0.704369 1.393280
vt 0.715628 1.374850
vt 0.719932 1.345110
vt 0.716157 1.353230
vt 0.900986 1.345110
vt 0.904761 1.353230
vt 0.715463 1.363600
vt 0.745604 1.364540
vt 0.875314 1.364540
vt 0.905455 1.363600
vt 0.731813 1.339910
vt 0.889105 1.339910
vt 0.722583 1.399170
vt 0.701557 1.399990
vt 0.729975 1.388050
vt 0.890943 1.388050
vt 0.744628 1.389850
vt 0.876290 1.389850
vt 0.744539 1.338990
vt 0.876379 1.338990
vt 0.760152 1.390050
vt 0.860766 1.390050
vt 0.757265 1.339910
vt 0.863653 1.339910
vt 0.772398 1.387300
vt 0.848521 1.387300
vt 0.768054 1.344990
vt 0.852864 1.344990
vt 0.780465 1.375390
vt 0.840453 1.375390
vt 0.775950 1.353520
vt 0.844968 1.353520
vt 0.779632 1.363790
vt 0.841286 1.363790
vt 0.785072 1.398070
vt 0.796956 1.380530
vt 0.778674 1.335740
vt 0.790305 1.348300
vt 0.842244 1.335740
vt 0.830614 1.348300
vt 0.795729 1.363430
vt 0.825189 1.363430
vt 0.823962 1.380530
vt 0.830620 1.362830
vt 0.834639 1.347880
vt 0.834639 1.363150
vt 0.829990 1.343990
vt 0.830471 1.383280
vt 0.834639 1.379730
vt 0.828670 1.399990
vt 0.834639 1.393280
vt 0.834639 1.335920
vt 0.826561 1.329240
vt 0.849164 1.353230
vt 0.849164 1.363600
vt 0.849164 1.374850
vt 0.804525 1.407260
vt 0.821728 1.398070
vt 0.849164 1.375390
vt 0.849164 1.387300
vt 0.758658 1.384260
vt 0.765986 1.405900
vt 0.834639 1.380530
vt 0.782844 1.329020
vt 0.834639 1.348300
vt 0.775671 1.344520
vt 0.834639 1.335740
vt 0.834639 1.363430
vt 0.772326 1.363170
vt 0.725290 1.388690
vt 0.719932 1.403210
vt 0.707788 1.388690
vt 0.731813 1.403210
vt 0.900986 1.403210
vt 0.895628 1.388690
vt 0.913130 1.388690
vt 0.889105 1.403210
vt 0.705209 1.380610
vt 0.723904 1.369820
vt 0.915709 1.380610
vt 0.897014 1.369820
vt 0.744036 1.388690
vt 0.744539 1.403210
vt 0.876882 1.388690
vt 0.876379 1.403210
vt 0.743929 1.358250
vt 0.876989 1.358250
vt 0.762782 1.388690
vt 0.763953 1.346690
vt 0.757265 1.403210
vt 0.858136 1.388690
vt 0.856965 1.346690
vt 0.863653 1.403210
vt 0.778674 1.388690
vt 0.768054 1.403210
vt 0.852864 1.403210
vt 0.842244 1.388690
vt 0.780929 1.336890
vt 0.839989 1.336890
vt 0.799147 1.363170
vt 0.744069 1.410530
vt 0.793353 1.344520
vt 0.780929 1.329020
vt 0.763953 1.319790
vt 0.743929 1.318120
vt 0.768496 1.410900
vt 0.800458 1.384260
vt 0.787764 1.405900
vt 0.698178 1.362830
vt 0.723905 1.319790
vt 0.721013 1.407260
vt 0.705210 1.329240
vt 0.698438 1.383280
vt 0.876850 1.410530
vt 0.922741 1.362830
vt 0.899906 1.407260
vt 0.876990 1.318120
vt 0.897014 1.319790
vt 0.915709 1.329240
vt 0.856966 1.319790
vt 0.839989 1.329020
vt 0.827566 1.344520
vt 0.821772 1.363170
vt 0.852423 1.410900
vt 0.820461 1.384260
vt 0.833155 1.405900
vt 46.002998 -49.208599
vt 45.997002 -49.128502
vt 45.997002 -49.208599
vt 46.002998 -49.128502
vt 46.002998 -49.013599
vt 45.997002 -49.013599
vt 45.997002 -49.074699
vt 46.002998 -49.141800
vt 46.002998 -49.074699
vt 45.997002 -49.141800
vt 46.002998 -49.050701
vt 45.997002 -49.050701
vt 46.002998 -49.024399
vt 45.997002 -49.041100
vt 46.002998 -49.041100
vt 45.997002 -49.024399
vt 45.997002 -49.011299
vt 46.002998 -49.105301
vt 46.002998 -49.011299
vt 45.997002 -49.105301
vt 46.002998 -48.972900
vt 45.997002 -49.005402
vt 46.002998 -49.005402
vt 45.997002 -48.972900
vt 46.002998 -48.995300
vt 45.997002 -48.995300
vt 45.997002 -49.002201
vt 46.002998 -49.002201
vt 45.997700 -48.922798
vt 46.002300 -48.945099
vt 46.002300 -48.922798
vt 45.997700 -48.945099
vt 46.002998 -49.060200
vt 46.002998 -48.999599
vt 45.997002 -48.999599
vt 45.997002 -49.060200
vt 46.002300 -48.968700
vt 45.997700 -48.960098
vt 45.997700 -48.968700
vt 46.002300 -48.960098
vt 46.002300 -48.963299
vt 45.997700 -48.963299
vt 45.598202 -49.002998
vt 45.695301 -49.002998
vt 45.598202 -48.997002
vt 45.695301 -48.997002
vt 46.171600 -48.997002
vt 46.246101 -49.002998
vt 46.246101 -48.997002
vt 46.171600 -49.002998
vt 45.797298 -48.997002
vt 45.797298 -49.002998
vt 45.918598 -49.002998
vt 45.918598 -48.997002
vt 46.063702 -48.997002
vt 46.063702 -49.002998
vt 46.137001 -49.002998
vt 46.137001 -48.997002
vt 46.081402 -48.832100
vt 45.985199 -48.997200
vt 46.026402 -49.002701
vt 45.995098 -49.005402
vt 46.051498 -49.018600
vt 46.097099 -49.011299
vt 46.070801 -49.105301
vt 46.127201 -48.972900
vt 46.121899 -49.005402
vt 46.202702 -48.872101
vt 45.936298 -48.801102
vt 46.143101 -48.994999
vt 45.970100 -48.995300
vt 46.161598 -49.006100
vt 45.942402 -48.999599
vt 45.967602 -49.002201
vt 45.873798 -49.010399
vt 45.887901 -49.060200
vt 45.849400 -48.829201
vt 45.862999 -48.791401
vt 45.842098 -48.967602
vt 45.828400 -48.854500
vt 45.798100 -48.952599
vt 45.796001 -48.959000
vt 45.753899 -48.903801
vt 45.767200 -48.956200
vt 46.182499 -49.027302
vt 46.161499 -49.012001
vt 46.208302 -49.065498
vt 46.263401 -49.050701
vt 46.237900 -49.105301
vt 46.260700 -49.074699
vt 46.253201 -49.141800
vt 46.304699 -48.930199
vt 46.276699 -49.043301
vt 46.308701 -49.024399
vt 46.301399 -49.041100
vt 46.351501 -49.058800
vt 46.401798 -49.013599
vt 46.365700 -49.059700
vt 46.374401 -49.082699
vt 46.390800 -49.098099
vt 46.416302 -49.098801
vt 46.490700 -49.128502
vt 46.425999 -49.121799
vt 46.532101 -49.208599
vt 46.002998 -48.829201
vt 45.997002 -48.854500
vt 46.002998 -48.854500
vt 45.997002 -48.829201
vt 46.002998 -48.952599
vt 45.997002 -48.952599
vt 45.997002 -48.959000
vt 46.002998 -48.959000
vt 45.997002 -48.791401
vt 46.002998 -48.791401
vt 46.002998 -48.903801
vt 45.997002 -48.956200
vt 46.002998 -48.956200
vt 45.997002 -48.903801
vt 45.997002 -49.010399
vt 46.002998 -49.010399
vt 46.002998 -48.967602
vt 45.997002 -48.967602
vt 45.997002 -49.018600
vt 46.002998 -49.018600
vt 45.997002 -48.994999
vt 46.002998 -48.994999
vt 45.997002 -49.012001
vt 46.002998 -49.006100
vt 45.997002 -49.006100
vt 46.002998 -49.012001
vt 45.997002 -49.065498
vt 46.002998 -49.027302
vt 45.997002 -49.027302
vt 46.002998 -49.065498
vt 45.997002 -49.059700
vt 45.997002 -49.082699
vt 46.002998 -49.059700
vt 46.002998 -49.082699
vt 45.997002 -49.098801
vt 45.997002 -49.121799
vt 46.002998 -49.098801
vt 46.002998 -49.121799
vt 46.276699 -49.002998
vt 46.263401 -48.997002
vt 46.263401 -49.002998
vt 46.276699 -48.997002
vt 46.301399 -49.002998
vt 46.301399 -48.997002
vt 46.121899 -49.002998
vt 46.097099 -48.997002
vt 46.097099 -49.002998
vt 46.121899 -48.997002
vt 45.798100 -48.997002
vt 45.767200 -48.997002
vt 45.798100 -49.002998
vt 45.767200 -49.002998
vt 45.842098 -48.997002
vt 45.796001 -48.997002
vt 45.842098 -49.002998
vt 45.796001 -49.002998
vt 45.967602 -49.002998
vt 45.942402 -48.997002
vt 45.942402 -49.002998
vt 45.967602 -48.997002
vt 45.985199 -49.002998
vt 45.970100 -48.997002
vt 45.970100 -49.002998
vt 45.985199 -48.997002
vt 45.995098 -49.002998
vt 45.995098 -48.997002
vt 46.026402 -49.002998
vt 46.026402 -48.997002
vt 46.051498 -49.002998
vt 46.051498 -48.997002
vt 46.161598 -49.002998
vt 46.143101 -48.997002
vt 46.143101 -49.002998
vt 46.161598 -48.997002
vt 46.182499 -49.002998
vt 46.161499 -48.997002
vt 46.161499 -49.002998
vt 46.182499 -48.997002
vt 45.731899 -49.002300
vt 45.718399 -48.997700
vt 45.718399 -49.002300
vt 45.731899 -48.997700
vt 46.351501 -49.002998
vt 46.308701 -48.997002
vt 46.308701 -49.002998
vt 46.351501 -48.997002
vt 46.365700 -49.002998
vt 46.365700 -48.997002
vt 46.390800 -49.002998
vt 46.374401 -48.997002
vt 46.374401 -49.002998
vt 46.390800 -48.997002
vt 46.416302 -49.002998
vt 46.416302 -48.997002
vt 46.532101 -49.002998
vt 46.425999 -48.997002
vt 46.425999 -49.002998
vt 46.532101 -48.997002
vt 46.171600 -48.854500
vt 46.157902 -48.967602
vt 46.201900 -48.952599
vt 46.203999 -48.959000
vt 46.246101 -48.903801
vt 46.232800 -48.956200
vt 46.150600 -48.829201
vt 46.126202 -49.010399
vt 46.063702 -48.801102
vt 46.137001 -48.791401
vt 46.057598 -48.999599
vt 46.112099 -49.060200
vt 46.029900 -48.995300
vt 46.032398 -49.002201
vt 46.014801 -48.997200
vt 45.918598 -48.832100
vt 45.973598 -49.002701
vt 46.004902 -49.005402
vt 45.948502 -49.018600
vt 45.902901 -49.011299
vt 45.929199 -49.105301
vt 45.872799 -48.972900
vt 45.878101 -49.005402
vt 45.797298 -48.872101
vt 45.856899 -48.994999
vt 45.838402 -49.006100
vt 45.817501 -49.027302
vt 45.838501 -49.012001
vt 45.791698 -49.065498
vt 45.736599 -49.050701
vt 45.762100 -49.105301
vt 45.739300 -49.074699
vt 45.746799 -49.141800
vt 45.695301 -48.930199
vt 45.723301 -49.043301
vt 45.691299 -49.024399
vt 45.698601 -49.041100
vt 45.648499 -49.058800
vt 45.598202 -49.013599
vt 45.634300 -49.059700
vt 45.625599 -49.082699
vt 45.609200 -49.098099
vt 45.583698 -49.098801
vt 45.509300 -49.128502
vt 45.574001 -49.121799
vt 45.467899 -49.208599
vt 34.000000 -17.688900
vt 33.989201 -17.672800
vt 33.979801 -17.687201
vt 34.000000 -17.744499
vt 34.000000 -17.673800
vt 34.010799 -17.672800
vt 34.020199 -17.687201
vt 34.002602 -16.728500
vt 34.002602 -16.720900
vt 34.000000 -16.727400
vt 33.997398 -16.720900
vt 33.997398 -16.728500
vt 34.000000 -16.635500
vt 34.000000 -16.687201
vt 34.009102 -16.636801
vt 34.005299 -16.687401
vt 33.990898 -16.636801
vt 33.994701 -16.687401
vt 33.988300 -16.592600
vt 34.000000 -16.591101
vt 34.011700 -16.592600
vt 34.000000 -16.554701
vt 34.012501 -16.556299
vt 33.987499 -16.556299
vt 34.000000 -16.521799
vt 34.011799 -16.523899
vt 33.988201 -16.523899
vt 34.000000 -16.659700
vt 34.000000 -16.651400
vt 33.997898 -16.651600
vt 33.997898 -16.647600
vt 34.002102 -16.651600
vt 34.002102 -16.647600
vt 33.993000 -16.601700
vt 33.995701 -16.628500
vt 34.000000 -16.601299
vt 34.000000 -16.628700
vt 33.991699 -16.580200
vt 34.000000 -16.579500
vt 34.004299 -16.628500
vt 34.008301 -16.580200
vt 34.007000 -16.601700
vt 33.991001 -16.554199
vt 34.000000 -16.553101
vt 33.989799 -16.513599
vt 34.000000 -16.511999
vt 34.008999 -16.554199
vt 34.010201 -16.513599
vt 34.000000 -16.372101
vt 33.984001 -16.389900
vt 34.000000 -16.389000
vt 34.015999 -16.389900
vt 33.970699 -16.373800
vt 34.000000 -16.255501
vt 34.029301 -16.373800
vt 34.000000 -16.400801
vt 34.000000 -16.430700
vt 34.012001 -16.403601
vt 34.011902 -16.433300
vt 33.987999 -16.403601
vt 33.988098 -16.433300
vt 33.988602 -16.469200
vt 34.000000 -16.466999
vt 34.011398 -16.469200
vt 34.000000 -16.615200
vt 34.000000 -16.603100
vt 33.997398 -16.603300
vt 33.997501 -16.597401
vt 34.002602 -16.603300
vt 34.002499 -16.597401
vt 34.000000 -16.470400
vt 33.986801 -16.448400
vt 33.986401 -16.472200
vt 34.000000 -16.446100
vt 34.013199 -16.448400
vt 34.013599 -16.472200
vt 33.987900 -16.423901
vt 34.000000 -16.421200
vt 34.012100 -16.423901
vt 34.041000 -16.582001
vt 34.013000 -16.515100
vt 34.000000 -16.578800
vt 34.019798 -16.633600
vt 33.994801 -16.569099
vt 34.000000 -16.569500
vt 34.005199 -16.569099
vt 34.000000 -16.528000
vt 33.987701 -16.496799
vt 33.990799 -16.528500
vt 34.000000 -16.495701
vt 34.012299 -16.496799
vt 34.009201 -16.528500
vt 34.011002 -16.433500
vt 34.011700 -16.398600
vt 34.000000 -16.431601
vt 34.000000 -16.396000
vt 33.988300 -16.398600
vt 33.988998 -16.433500
vt 34.000000 -16.477501
vt 34.008999 -16.478600
vt 33.991001 -16.478600
vt 34.000000 -16.576401
vt 34.000000 -16.563299
vt 33.997299 -16.563999
vt 33.997398 -16.557400
vt 34.002701 -16.563999
vt 34.002602 -16.557400
vt 34.000000 -16.526800
vt 34.005402 -16.526699
vt 33.994598 -16.526699
vt 34.012001 -16.375799
vt 34.000000 -16.372900
vt 34.012100 -16.360001
vt 34.000000 -16.356899
vt 33.987900 -16.360001
vt 33.987999 -16.375799
vt 34.014999 -16.772600
vt 34.000000 -16.745100
vt 34.000000 -16.770901
vt 33.985001 -16.772600
vt 33.966202 -16.748800
vt 34.000000 -16.732000
vt 33.981201 -16.714600
vt 33.981201 -16.734100
vt 34.033798 -16.748800
vt 34.000000 -16.712500
vt 34.018799 -16.714600
vt 34.018799 -16.734100
vt 34.000000 -16.688900
vt 33.966400 -16.692499
vt 34.033600 -16.692499
vt 34.000000 -16.669201
vt 33.980202 -16.633600
vt 33.980202 -16.671101
vt 34.000000 -16.631800
vt 33.959000 -16.582001
vt 33.987000 -16.515100
vt 34.019798 -16.671101
vt 34.000000 -16.514200
vt 34.000000 -16.502001
vt 33.980801 -16.503401
vt 34.019199 -16.503401
vt 33.987499 -16.493700
vt 34.000000 -16.456600
vt 33.972000 -16.458300
vt 34.000000 -16.492800
vt 33.975399 -16.395500
vt 34.000000 -16.394100
vt 34.024601 -16.395500
vt 34.028000 -16.458300
vt 34.012501 -16.493700
vt 34.000000 -16.348600
vt 34.000000 -16.327101
vt 33.983601 -16.345400
vt 33.983501 -16.324400
vt 34.016399 -16.345400
vt 34.016499 -16.324400
vt 34.016499 -16.365299
vt 34.000000 -16.369400
vt 33.983501 -16.365299
vt 34.019600 -17.662399
vt 34.010799 -17.648500
vt 34.000000 -17.664101
vt 34.000000 -17.649401
vt 33.989201 -17.648500
vt 33.980400 -17.662399
vt 34.047600 -17.010799
vt 34.036999 -17.015301
vt 34.039600 -17.028500
vt 34.059399 -17.020201
vt 34.051998 -17.000000
vt 34.067501 -17.000000
vt 34.059399 -16.979799
vt 34.047600 -16.989201
vt 34.039600 -16.971500
vt 34.036999 -16.984699
vt 33.609402 -17.000000
vt 33.577999 -17.011801
vt 33.612400 -17.010900
vt 33.574402 -17.000000
vt 33.577999 -16.988199
vt 33.612400 -16.989100
vt 33.653900 -16.989100
vt 33.651199 -17.000000
vt 33.653900 -17.010900
vt 33.692699 -17.000000
vt 33.695400 -17.011400
vt 33.695400 -16.988600
vt 33.729900 -16.988300
vt 33.727299 -17.000000
vt 33.729900 -17.011700
vt 33.757301 -17.000000
vt 33.759701 -17.011900
vt 33.759701 -16.988100
vt 33.789299 -16.987700
vt 33.787201 -17.000000
vt 33.789299 -17.012300
vt 33.823399 -17.000000
vt 33.825199 -17.013000
vt 33.825199 -16.987000
vt 34.169601 -17.012199
vt 34.149502 -17.000000
vt 34.148800 -17.014299
vt 34.170300 -17.000000
vt 34.169601 -16.987801
vt 34.148800 -16.985701
vt 34.189602 -16.992500
vt 34.190300 -17.000000
vt 34.189602 -17.007500
vt 34.107800 -17.000000
vt 34.107300 -16.985201
vt 34.107300 -17.014799
vt 34.203098 -17.003700
vt 34.206001 -17.000000
vt 34.203098 -16.996300
vt 33.873699 -17.014000
vt 33.941002 -17.000000
vt 33.872299 -17.000000
vt 33.873699 -16.986000
vt 33.942001 -17.014799
vt 34.029499 -17.000000
vt 34.029598 -17.014999
vt 33.942001 -16.985201
vt 34.029598 -16.985001
vt 33.889900 -17.000000
vt 33.862202 -17.011999
vt 33.893299 -17.011999
vt 34.219200 -17.000000
vt 34.248402 -16.982401
vt 34.216400 -16.983000
vt 34.251499 -17.000000
vt 34.248402 -17.017599
vt 34.216400 -17.017000
vt 34.192501 -17.016800
vt 34.179798 -17.000000
vt 34.175999 -17.016800
vt 34.195900 -17.000000
vt 34.192501 -16.983200
vt 34.285198 -17.018400
vt 34.288898 -17.000000
vt 34.285198 -16.981600
vt 34.175999 -16.983200
vt 33.924500 -17.012100
vt 33.952202 -17.012100
vt 33.948898 -17.000000
vt 33.921200 -17.000000
vt 33.924500 -16.987900
vt 33.952202 -16.987900
vt 34.032398 -16.988001
vt 34.004501 -16.988199
vt 34.029202 -17.000000
vt 34.001202 -17.000000
vt 34.004501 -17.011801
vt 34.032398 -17.011999
vt 33.977901 -16.987900
vt 33.974300 -17.000000
vt 33.977901 -17.012100
vt 34.180401 -17.018801
vt 34.193401 -17.047899
vt 34.198502 -17.026600
vt 34.263802 -17.000000
vt 34.264099 -16.989799
vt 34.248798 -16.989700
vt 34.248001 -17.000000
vt 34.282700 -16.989799
vt 34.282600 -17.000000
vt 34.248798 -17.010300
vt 34.264099 -17.010201
vt 34.282700 -17.010201
vt 34.086498 -17.011999
vt 34.113201 -17.011999
vt 34.111000 -17.000000
vt 34.084099 -17.000000
vt 34.086498 -16.988001
vt 34.113201 -16.988001
vt 34.137798 -17.000000
vt 34.139999 -17.011999
vt 34.139999 -16.988001
vt 34.205399 -17.003901
vt 34.211399 -17.000000
vt 34.205399 -16.996099
vt 34.059700 -16.988001
vt 34.056900 -17.000000
vt 34.059700 -17.011999
vt 34.163101 -16.977400
vt 34.154099 -17.000000
vt 34.167702 -17.000000
vt 34.173698 -16.985001
vt 34.163101 -17.022600
vt 34.173698 -17.014999
vt 34.180401 -16.981199
vt 34.193401 -16.952101
vt 34.160801 -16.966200
vt 34.198502 -16.973400
vt 34.172901 -17.000000
vt 34.147301 -17.000000
vt 34.160801 -17.033800
vt 34.179401 -16.966400
vt 34.166000 -17.000000
vt 34.194302 -17.000000
vt 34.202202 -16.980200
vt 34.179401 -17.033600
vt 34.202202 -17.019800
vt 34.241402 -17.000000
vt 34.237999 -16.980801
vt 34.230099 -17.000000
vt 34.246498 -16.987499
vt 34.237999 -17.019199
vt 34.277802 -16.965200
vt 34.253399 -16.975401
vt 34.262901 -16.983999
vt 34.278702 -16.977400
vt 34.256302 -17.000000
vt 34.243301 -17.000000
vt 34.253399 -17.024599
vt 34.262901 -17.016001
vt 34.246498 -17.012501
vt 34.277802 -17.034800
vt 34.278702 -17.022600
vt 34.302101 -17.024599
vt 34.294498 -17.016001
vt 34.312199 -17.000000
vt 34.301102 -17.000000
vt 34.294498 -16.983999
vt 34.302101 -16.975401
vt 33.974098 -17.000000
vt 33.977402 -17.012199
vt 33.977402 -16.987801
vt 33.893299 -16.988001
vt 33.862202 -16.988001
vt 33.858799 -17.000000
vt 34.047001 -17.000000
vt 34.053699 -17.019600
vt 34.061600 -17.000000
vt 34.042599 -17.010799
vt 34.034500 -17.027700
vt 34.032001 -17.015301
vt 34.053699 -16.980400
vt 34.042599 -16.989201
vt 34.034500 -16.972300
vt 34.032001 -16.984699
vt 33.960400 -17.683100
vt 33.980099 -17.687201
vt 33.973598 -17.672800
vt 33.947601 -17.744499
vt 33.963001 -17.670601
vt 33.940601 -17.679001
vt 34.549599 -16.742100
vt 34.544498 -16.727400
vt 34.542099 -16.728500
vt 34.237202 -16.582100
vt 34.229198 -16.584000
vt 34.234299 -16.604099
vt 34.241199 -16.602900
vt 34.227200 -16.557199
vt 34.218700 -16.560101
vt 34.235699 -16.554199
vt 34.245300 -16.580200
vt 34.215698 -16.513599
vt 34.248100 -16.601700
vt 34.248798 -16.628500
vt 34.244598 -16.629499
vt 34.248901 -16.647600
vt 34.247200 -16.651600
vt 34.244701 -16.648100
vt 33.832199 -16.284599
vt 33.851200 -16.270500
vt 33.830399 -16.274401
vt 33.852901 -16.283199
vt 33.719299 -16.377800
vt 33.748299 -16.373800
vt 33.702400 -16.255501
vt 33.690399 -16.381800
vt 33.759800 -16.391600
vt 33.783600 -16.359600
vt 33.751598 -16.378700
vt 33.791401 -16.372101
vt 33.807499 -16.343399
vt 33.816399 -16.354300
vt 33.824001 -16.328501
vt 33.834301 -16.337000
vt 34.155201 -16.440100
vt 34.180500 -16.474899
vt 34.164902 -16.433300
vt 34.170700 -16.480600
vt 34.190300 -16.469200
vt 34.197300 -16.522200
vt 34.206501 -16.517900
vt 34.521099 -16.690201
vt 34.540901 -16.720900
vt 34.525501 -16.687401
vt 34.492599 -16.640301
vt 34.500801 -16.636801
vt 34.047798 -16.328100
vt 34.066700 -16.358101
vt 34.075500 -16.350000
vt 34.039101 -16.336201
vt 34.057800 -16.366199
vt 34.030300 -16.344400
vt 33.951000 -16.391800
vt 33.977901 -16.414499
vt 33.959301 -16.383301
vt 33.986698 -16.406601
vt 33.967602 -16.374800
vt 33.995499 -16.398800
vt 33.810398 -16.284401
vt 33.811199 -16.290400
vt 34.022099 -16.460800
vt 34.036301 -16.481701
vt 34.033501 -16.454599
vt 34.048901 -16.476999
vt 34.044899 -16.448400
vt 34.061501 -16.472200
vt 34.022099 -16.423901
vt 34.012402 -16.431101
vt 34.002701 -16.438299
vt 33.734402 -16.462299
vt 33.729000 -16.497801
vt 33.741199 -16.495800
vt 33.743099 -16.506599
vt 33.724201 -16.509800
vt 33.732101 -16.519400
vt 33.744900 -16.517200
vt 33.757599 -16.589800
vt 33.717300 -16.597601
vt 33.750198 -16.642401
vt 33.769402 -16.638000
vt 33.759399 -16.680500
vt 33.778599 -16.675800
vt 33.788300 -16.701401
vt 33.755901 -16.710300
vt 33.778000 -16.724501
vt 33.801498 -16.739000
vt 33.796200 -16.719500
vt 33.783401 -16.743999
vt 33.806599 -16.757799
vt 33.773998 -16.766701
vt 33.796902 -16.292500
vt 33.794601 -16.296400
vt 34.063702 -16.570101
vt 34.066002 -16.597401
vt 34.068901 -16.569099
vt 34.063400 -16.603300
vt 34.061001 -16.597700
vt 33.892700 -16.275400
vt 33.893101 -16.289000
vt 33.797298 -16.780500
vt 33.815201 -16.788900
vt 33.811798 -16.776501
vt 33.793400 -16.794800
vt 33.807499 -16.802000
vt 33.842098 -16.916800
vt 33.818001 -16.799101
vt 33.852798 -16.917101
vt 33.896801 -17.042700
vt 33.906601 -17.039700
vt 33.942902 -17.158400
vt 33.953701 -17.156700
vt 33.969501 -17.277500
vt 33.980202 -17.275600
vt 33.981899 -17.394400
vt 33.992699 -17.395599
vt 33.978600 -17.517200
vt 33.989399 -17.518400
vt 33.967999 -17.646299
vt 33.957401 -17.644100
vt 33.734901 -16.416901
vt 33.717300 -16.407000
vt 33.716999 -16.415800
vt 33.735901 -16.408100
vt 33.970402 -16.289301
vt 33.969700 -16.303400
vt 34.057999 -16.308599
vt 34.055599 -16.322901
vt 34.126301 -16.329100
vt 34.122398 -16.342501
vt 34.174801 -16.347900
vt 34.169998 -16.359900
vt 33.880798 -16.328300
vt 33.913502 -16.334900
vt 33.886799 -16.317900
vt 33.907101 -16.344999
vt 33.874802 -16.338800
vt 33.900600 -16.355101
vt 33.854198 -16.312300
vt 33.860001 -16.301701
vt 33.848301 -16.322800
vt 33.724602 -16.412201
vt 33.714802 -16.399500
vt 33.834301 -16.313601
vt 33.845600 -16.318701
vt 34.046398 -16.502701
vt 34.058201 -16.499800
vt 34.070000 -16.496799
vt 34.071602 -16.528500
vt 34.062599 -16.529900
vt 34.053501 -16.531200
vt 34.058498 -16.570000
vt 33.852001 -16.300400
vt 33.833698 -16.298500
vt 33.748901 -16.419001
vt 33.751202 -16.410299
vt 33.875500 -16.558701
vt 33.874500 -16.564600
vt 33.877102 -16.563999
vt 33.881599 -16.528700
vt 33.876400 -16.529600
vt 33.845798 -16.405600
vt 33.875500 -16.433500
vt 33.855099 -16.398600
vt 33.866001 -16.438601
vt 33.871899 -16.484600
vt 33.880299 -16.481600
vt 34.205002 -16.374100
vt 34.210701 -16.363300
vt 34.199299 -16.384800
vt 34.165199 -16.371901
vt 34.227501 -16.397499
vt 34.118599 -16.355900
vt 34.233898 -16.387600
vt 34.256199 -16.413401
vt 34.240299 -16.377701
vt 34.263100 -16.404100
vt 34.290199 -16.436800
vt 34.270100 -16.394800
vt 34.297401 -16.427999
vt 34.331501 -16.469601
vt 34.304600 -16.419100
vt 34.338799 -16.461399
vt 34.371700 -16.504499
vt 34.346100 -16.453300
vt 34.379700 -16.497499
vt 34.402802 -16.534901
vt 34.387600 -16.490400
vt 34.412399 -16.529400
vt 34.428600 -16.564899
vt 34.422001 -16.523899
vt 34.439499 -16.560600
vt 34.454899 -16.600401
vt 34.450500 -16.556299
vt 34.465401 -16.596500
vt 34.484402 -16.643801
vt 34.475899 -16.592600
vt 34.515900 -16.691799
vt 33.856499 -16.443701
vt 33.888599 -16.478600
vt 33.836498 -16.412500
vt 33.886101 -16.306999
vt 33.886902 -16.526699
vt 33.925598 -16.372299
vt 33.932899 -16.362900
vt 33.940300 -16.353600
vt 33.812500 -16.296499
vt 33.880600 -16.557400
vt 33.822399 -16.360001
vt 33.828400 -16.383699
vt 33.837502 -16.375799
vt 33.813499 -16.368200
vt 33.819401 -16.391600
vt 33.804699 -16.376499
vt 33.858200 -16.324400
vt 33.844601 -16.345400
vt 33.968601 -16.317801
vt 34.053101 -16.337099
vt 33.768002 -16.404499
vt 33.799099 -16.384501
vt 33.798000 -16.298201
vt 33.836899 -16.782900
vt 33.826302 -16.772600
vt 33.819599 -16.734100
vt 33.814301 -16.714600
vt 34.240200 -16.629700
vt 34.536301 -16.723101
vt 33.820599 -16.692499
vt 33.797798 -16.671101
vt 33.788601 -16.633600
vt 33.797798 -16.582001
vt 33.757702 -16.515100
vt 33.762001 -16.503401
vt 33.753502 -16.493700
vt 33.762100 -16.458300
vt 33.746601 -16.395500
vt 33.722198 -16.398899
vt 33.706799 -16.466299
vt 33.697899 -16.402300
vt 33.733898 -16.425600
vt 33.716702 -16.424601
vt 33.746700 -16.427700
vt 34.060799 -16.603399
vt 34.063202 -16.615200
vt 33.825401 -16.365299
vt 33.734299 -16.424999
vt 34.022598 -16.308399
vt 34.013901 -16.316500
vt 34.005100 -16.324699
vt 34.088799 -16.391500
vt 34.097698 -16.383600
vt 34.106701 -16.375601
vt 34.137798 -16.403601
vt 34.128502 -16.411200
vt 34.119202 -16.418699
vt 34.145500 -16.446899
vt 34.245098 -16.651899
vt 34.248100 -16.659700
vt 34.539799 -16.729601
vt 33.965500 -17.658501
vt 33.946301 -17.654499
vt 33.952400 -17.668400
vt 33.984600 -17.662399
vt 33.978600 -17.648500
vt 34.000000 -17.677299
vt 33.979801 -17.679001
vt 34.020199 -17.679001
vt 33.992901 -16.604099
vt 34.000000 -16.584700
vt 33.991600 -16.584000
vt 34.000000 -16.604500
vt 34.007099 -16.604099
vt 34.008400 -16.584000
vt 33.970699 -16.381800
vt 34.000000 -16.383499
vt 34.029301 -16.381800
vt 34.000000 -16.561199
vt 34.009201 -16.560101
vt 34.016701 -16.313601
vt 34.000000 -16.301800
vt 34.000000 -16.312000
vt 34.016399 -16.298500
vt 34.000000 -16.325399
vt 34.016800 -16.328501
vt 33.983299 -16.313601
vt 33.983200 -16.328501
vt 33.983601 -16.298500
vt 33.986599 -16.460800
vt 34.000000 -16.441000
vt 33.987701 -16.438299
vt 34.000000 -16.463100
vt 34.013401 -16.460800
vt 34.012299 -16.438299
vt 33.986099 -16.481701
vt 34.000000 -16.483500
vt 34.013901 -16.481701
vt 34.000000 -16.498699
vt 34.000000 -16.467899
vt 33.987499 -16.497801
vt 34.012501 -16.497801
vt 34.000000 -16.511200
vt 33.980801 -16.509800
vt 34.019199 -16.509800
vt 34.000000 -16.600901
vt 34.013000 -16.519400
vt 34.000000 -16.520300
vt 34.041000 -16.597601
vt 33.987000 -16.519400
vt 34.019798 -16.642401
vt 33.959000 -16.597601
vt 34.000000 -16.644199
vt 34.019798 -16.680500
vt 33.980202 -16.642401
vt 34.000000 -16.682501
vt 33.980202 -16.680500
vt 34.000000 -16.713900
vt 34.033600 -16.710300
vt 33.966400 -16.710300
vt 33.981201 -16.743999
vt 34.000000 -16.726601
vt 33.981201 -16.724501
vt 34.000000 -16.746099
vt 34.000000 -16.770399
vt 33.966202 -16.766701
vt 34.018799 -16.743999
vt 34.018799 -16.724501
vt 34.033798 -16.766701
vt 34.000000 -16.797300
vt 34.014999 -16.780500
vt 34.000000 -16.782101
vt 33.985001 -16.780500
vt 34.022598 -16.794800
vt 33.977402 -16.794800
vt 34.012501 -16.502701
vt 34.000000 -16.503799
vt 33.987499 -16.502701
vt 34.000000 -16.531700
vt 34.005402 -16.570000
vt 34.009399 -16.531200
vt 34.000000 -16.570801
vt 33.996101 -16.296400
vt 34.000000 -16.293600
vt 33.996300 -16.292500
vt 34.003899 -16.296400
vt 34.003700 -16.292500
vt 34.000000 -16.485701
vt 34.005699 -16.529600
vt 34.009399 -16.484600
vt 34.000000 -16.530701
vt 33.994301 -16.529600
vt 33.990601 -16.484600
vt 34.002800 -16.558701
vt 34.000000 -16.564600
vt 33.997200 -16.558701
vt 34.000000 -16.445700
vt 33.988701 -16.443701
vt 34.011299 -16.443701
vt 34.000000 -16.415199
vt 34.011902 -16.412500
vt 33.988098 -16.412500
vt 34.012100 -16.391600
vt 34.012001 -16.376499
vt 34.000000 -16.379499
vt 34.000000 -16.394600
vt 33.987900 -16.391600
vt 33.987999 -16.376499
vt 33.990601 -16.531200
vt 33.997398 -16.597700
vt 33.994598 -16.570000
vt 34.002602 -16.597700
vt 33.975399 -16.402300
vt 33.972000 -16.466299
vt 34.000000 -16.403700
vt 34.028000 -16.466299
vt 34.024601 -16.402300
vt 34.000000 -16.603399
vt 33.989601 -16.522200
vt 34.000000 -16.482700
vt 33.988499 -16.480600
vt 34.000000 -16.523800
vt 34.010399 -16.522200
vt 34.011501 -16.480600
vt 33.990799 -16.560101
vt 33.997898 -16.648100
vt 34.000000 -16.630301
vt 33.995701 -16.629700
vt 34.002102 -16.648100
vt 34.004299 -16.629700
vt 34.012100 -16.446899
vt 34.000000 -16.421499
vt 34.000000 -16.449400
vt 34.012100 -16.418699
vt 33.987900 -16.446899
vt 33.987900 -16.418699
vt 34.000000 -16.651899
vt 34.000000 -16.537001
vt 34.012600 -16.564899
vt 34.012001 -16.534901
vt 34.000000 -16.566500
vt 33.987400 -16.564899
vt 33.987999 -16.534901
vt 34.011799 -16.600401
vt 34.000000 -16.601801
vt 33.988201 -16.600401
vt 33.990799 -16.643801
vt 34.000000 -16.645100
vt 34.009201 -16.643801
vt 33.997398 -16.723101
vt 34.000000 -16.693199
vt 33.994701 -16.691799
vt 34.000000 -16.729601
vt 34.002602 -16.723101
vt 34.005299 -16.691799
vt 33.989201 -17.668400
vt 34.000000 -17.652800
vt 33.980400 -17.654499
vt 34.000000 -17.667500
vt 34.010799 -17.668400
vt 34.019600 -17.654499
vt 33.721298 -16.977400
vt 33.737099 -16.983999
vt 33.748299 -16.970699
vt 33.719299 -16.958599
vt 33.721298 -17.022600
vt 33.748299 -17.029301
vt 33.737099 -17.016001
vt 33.719299 -17.041401
vt 33.705502 -17.016001
vt 33.690399 -17.029301
vt 33.698898 -17.000000
vt 33.678398 -17.000000
vt 33.690399 -16.970699
vt 33.705502 -16.983999
vt 33.974602 -17.000000
vt 33.951000 -16.987900
vt 33.947899 -17.000000
vt 33.977901 -16.988001
vt 33.999100 -17.000000
vt 33.977901 -17.011999
vt 34.002701 -17.012300
vt 34.002701 -16.987700
vt 33.724201 -17.019199
vt 33.726799 -17.000000
vt 33.716301 -17.000000
vt 33.724201 -16.980801
vt 33.732101 -16.987000
vt 33.732101 -17.013000
vt 33.788300 -17.047501
vt 33.778000 -17.018801
vt 33.755901 -17.033600
vt 33.796200 -17.026600
vt 33.770500 -17.000000
vt 33.742500 -17.000000
vt 33.755901 -16.966400
vt 33.806599 -17.047899
vt 33.797298 -17.014999
vt 33.773998 -17.033800
vt 33.778000 -16.981199
vt 33.788300 -16.952499
vt 33.796200 -16.973400
vt 33.791302 -17.000000
vt 33.760502 -17.000000
vt 33.773998 -16.966200
vt 33.806599 -16.952101
vt 33.797298 -16.985001
vt 33.811798 -16.978701
vt 33.815201 -16.968100
vt 33.793400 -16.977400
vt 33.807499 -16.989201
vt 33.818001 -16.984699
vt 33.803200 -17.000000
vt 33.784401 -17.000000
vt 33.793400 -17.022600
vt 33.815201 -17.031900
vt 33.807499 -17.010799
vt 33.818001 -17.015301
vt 33.874802 -16.987900
vt 33.898201 -17.000000
vt 33.900600 -16.987900
vt 33.848301 -16.987900
vt 33.872601 -17.000000
vt 33.795200 -17.000000
vt 33.794601 -16.996099
vt 33.788601 -17.000000
vt 33.798000 -16.996000
vt 33.794601 -17.003901
vt 33.798000 -17.004000
vt 33.846199 -17.000000
vt 33.848301 -17.012100
vt 33.874802 -17.012100
vt 33.900600 -17.012100
vt 33.922798 -17.000000
vt 33.925598 -16.987900
vt 33.925598 -17.012100
vt 33.836899 -16.977400
vt 33.828400 -16.989201
vt 33.836899 -17.022600
vt 33.828400 -17.010799
vt 33.839199 -16.966200
vt 33.826302 -16.985001
vt 33.811798 -17.021299
vt 33.839199 -17.033800
vt 33.826302 -17.014999
vt 33.733898 -17.010300
vt 33.745899 -17.000000
vt 33.733501 -17.000000
vt 33.746700 -17.010300
vt 33.733898 -16.989700
vt 33.746700 -16.989700
vt 33.716702 -16.989799
vt 33.716599 -17.000000
vt 33.716702 -17.010201
vt 33.951000 -17.012100
vt 33.768002 -16.982500
vt 33.737999 -17.000000
vt 33.771000 -17.000000
vt 33.734299 -16.981600
vt 33.768002 -17.017500
vt 33.734299 -17.018400
vt 33.799099 -17.016899
vt 33.825401 -17.016500
vt 33.801998 -17.000000
vt 33.828701 -17.000000
vt 33.825401 -16.983500
vt 33.799099 -16.983101
vt 34.030300 -16.988100
vt 34.054501 -17.000000
vt 34.057800 -16.988001
vt 34.005100 -16.988199
vt 34.027000 -17.000000
vt 34.001900 -17.000000
vt 34.005100 -17.011801
vt 34.030300 -17.011900
vt 34.057800 -17.011999
vt 34.085400 -17.000000
vt 34.088799 -16.987900
vt 34.088799 -17.012100
vt 34.115700 -17.000000
vt 34.119202 -16.987900
vt 34.119202 -17.012100
vt 33.858200 -17.016500
vt 33.886101 -17.018000
vt 33.863201 -17.000000
vt 33.896198 -17.000000
vt 33.886101 -16.982000
vt 33.858200 -16.983500
vt 34.117100 -17.000000
vt 34.053101 -17.015100
vt 34.118599 -17.014099
vt 33.812500 -17.008499
vt 33.828800 -17.000000
vt 33.812199 -17.000000
vt 33.833698 -17.016399
vt 33.812500 -16.991501
vt 33.833698 -16.983601
vt 34.052200 -17.000000
vt 33.968601 -16.984200
vt 33.969101 -17.000000
vt 34.053101 -16.984900
vt 33.968601 -17.015800
vt 34.118599 -16.985901
vt 34.163399 -17.000000
vt 34.165199 -16.986900
vt 34.165199 -17.013100
vt 34.197201 -17.000000
vt 34.199299 -16.987700
vt 34.199299 -17.012300
vt 34.225101 -17.000000
vt 34.227501 -17.011999
vt 34.227501 -16.988001
vt 34.253601 -17.000000
vt 34.256199 -16.988199
vt 34.256199 -17.011801
vt 34.287498 -17.000000
vt 34.290199 -17.011600
vt 34.290199 -16.988400
vt 34.328701 -17.000000
vt 34.331501 -16.988899
vt 34.331501 -17.011101
vt 34.368698 -17.000000
vt 34.371700 -17.011101
vt 34.371700 -16.988899
vt 34.399200 -17.000000
vt 34.402802 -16.988001
vt 34.402802 -17.011999
vt 33.965500 -17.027700
vt 33.973598 -17.010799
vt 33.963001 -17.015301
vt 33.984600 -17.019600
vt 33.977901 -17.000000
vt 33.992599 -17.000000
vt 33.984600 -16.980400
vt 33.973598 -16.989201
vt 33.965500 -16.972300
vt 33.963001 -16.984699
vt 34.039600 -17.683100
vt 34.026402 -17.672800
vt 34.019901 -17.687201
vt 34.052399 -17.744499
vt 34.036999 -17.670601
vt 34.059399 -17.679001
vt 33.455502 -16.727400
vt 33.450401 -16.742100
vt 33.457901 -16.728500
vt 33.762798 -16.582100
vt 33.764301 -16.554199
vt 33.754700 -16.580200
vt 33.765701 -16.604099
vt 33.770802 -16.584000
vt 33.751900 -16.601700
vt 33.758801 -16.602900
vt 33.751202 -16.628500
vt 33.755402 -16.629499
vt 33.751099 -16.647600
vt 33.752800 -16.651600
vt 33.755299 -16.648100
vt 34.148800 -16.270500
vt 34.147099 -16.283199
vt 34.167801 -16.284599
vt 34.169601 -16.274401
vt 34.251701 -16.373800
vt 34.280701 -16.377800
vt 34.297600 -16.255501
vt 34.309601 -16.381800
vt 34.175999 -16.328501
vt 34.183601 -16.354300
vt 34.192501 -16.343399
vt 34.165699 -16.337000
vt 34.208599 -16.372101
vt 34.216400 -16.359600
vt 34.240200 -16.391600
vt 34.248402 -16.378700
vt 34.040699 -16.383301
vt 34.022099 -16.414499
vt 34.049000 -16.391800
vt 34.013302 -16.406601
vt 34.032398 -16.374800
vt 34.004501 -16.398800
vt 34.059700 -16.353600
vt 34.067101 -16.362900
vt 34.189602 -16.284401
vt 34.188801 -16.290400
vt 33.997299 -16.438299
vt 33.987598 -16.431101
vt 33.977901 -16.460800
vt 33.977901 -16.423901
vt 33.966499 -16.454599
vt 33.955101 -16.448400
vt 33.963699 -16.481701
vt 33.951099 -16.476999
vt 33.938499 -16.472200
vt 34.256901 -16.506599
vt 34.275799 -16.509800
vt 34.271000 -16.497801
vt 34.267899 -16.519400
vt 34.242401 -16.589800
vt 34.249802 -16.642401
vt 34.282700 -16.597601
vt 34.255100 -16.517200
vt 34.242298 -16.515100
vt 34.237999 -16.503401
vt 34.202202 -16.582001
vt 34.211399 -16.633600
vt 34.230598 -16.638000
vt 34.240601 -16.680500
vt 34.221401 -16.675800
vt 34.202202 -16.671101
vt 34.211700 -16.701401
vt 34.179401 -16.692499
vt 34.185699 -16.714600
vt 34.244099 -16.710300
vt 34.203800 -16.719500
vt 34.180401 -16.734100
vt 34.198502 -16.739000
vt 34.222000 -16.724501
vt 34.216599 -16.743999
vt 34.193401 -16.757799
vt 34.226002 -16.766701
vt 34.203098 -16.292500
vt 34.205399 -16.296400
vt 34.106899 -16.289000
vt 34.107300 -16.275400
vt 34.202702 -16.780500
vt 34.184799 -16.788900
vt 34.206600 -16.794800
vt 34.265099 -16.416901
vt 34.282700 -16.407000
vt 34.264099 -16.408100
vt 34.283001 -16.415800
vt 34.029598 -16.289301
vt 34.030300 -16.303400
vt 33.942001 -16.308599
vt 33.944401 -16.322901
vt 33.830002 -16.359900
vt 33.877602 -16.342501
vt 33.825199 -16.347900
vt 33.873699 -16.329100
vt 34.285198 -16.399500
vt 34.275398 -16.412201
vt 34.165699 -16.313601
vt 34.154400 -16.318701
vt 33.928398 -16.528500
vt 33.931099 -16.569099
vt 33.937401 -16.529900
vt 33.936298 -16.570101
vt 34.147999 -16.300400
vt 34.166302 -16.298500
vt 34.251099 -16.419001
vt 34.248798 -16.410299
vt 33.933998 -16.597401
vt 33.936600 -16.603300
vt 33.938999 -16.597700
vt 34.171600 -16.383699
vt 34.144901 -16.398600
vt 34.154202 -16.405600
vt 34.162498 -16.375799
vt 34.125500 -16.564600
vt 34.124500 -16.558701
vt 34.122898 -16.563999
vt 34.118401 -16.528700
vt 34.123600 -16.529600
vt 34.124500 -16.433500
vt 33.834801 -16.371901
vt 33.881401 -16.355900
vt 33.800701 -16.384800
vt 33.794998 -16.374100
vt 33.772499 -16.397499
vt 33.789299 -16.363300
vt 33.766102 -16.387600
vt 33.743801 -16.413401
vt 33.759701 -16.377701
vt 33.736900 -16.404100
vt 33.709801 -16.436800
vt 33.729900 -16.394800
vt 33.702599 -16.427999
vt 33.668499 -16.469601
vt 33.695400 -16.419100
vt 33.661201 -16.461399
vt 33.628300 -16.504499
vt 33.653900 -16.453300
vt 33.620300 -16.497499
vt 33.597198 -16.534901
vt 33.612400 -16.490400
vt 33.587601 -16.529400
vt 33.571400 -16.564899
vt 33.577999 -16.523899
vt 33.560501 -16.560600
vt 33.545101 -16.600401
vt 33.549500 -16.556299
vt 33.534599 -16.596500
vt 33.515598 -16.643801
vt 33.524101 -16.592600
vt 33.507401 -16.640301
vt 33.484100 -16.691799
vt 33.499199 -16.636801
vt 33.478901 -16.690201
vt 33.463699 -16.723101
vt 33.474499 -16.687401
vt 33.459099 -16.720900
vt 34.119701 -16.481600
vt 34.128101 -16.484600
vt 34.133999 -16.438601
vt 34.163502 -16.412500
vt 34.143501 -16.443701
vt 34.111401 -16.478600
vt 34.113899 -16.306999
vt 34.113098 -16.526699
vt 34.119400 -16.557400
vt 34.151699 -16.322800
vt 34.119202 -16.328300
vt 34.125198 -16.338800
vt 34.145802 -16.312300
vt 34.113201 -16.317900
vt 34.139999 -16.301701
vt 34.092899 -16.344999
vt 34.099400 -16.355101
vt 34.086498 -16.334900
vt 34.074402 -16.372299
vt 34.187500 -16.296499
vt 34.180599 -16.391600
vt 34.195301 -16.376499
vt 34.186501 -16.368200
vt 34.177601 -16.360001
vt 34.141800 -16.324400
vt 33.941502 -16.570000
vt 34.155399 -16.345400
vt 34.031399 -16.317801
vt 33.946899 -16.337099
vt 33.953602 -16.502701
vt 33.946499 -16.531200
vt 33.941799 -16.499800
vt 33.930000 -16.496799
vt 34.231998 -16.404499
vt 34.200901 -16.384501
vt 34.202000 -16.298201
vt 34.173698 -16.772600
vt 34.163101 -16.782900
vt 34.188202 -16.776501
vt 33.759800 -16.629700
vt 34.265598 -16.462299
vt 34.253399 -16.395500
vt 34.237900 -16.458300
vt 34.246498 -16.493700
vt 34.277802 -16.398899
vt 34.258801 -16.495800
vt 34.293201 -16.466299
vt 34.302101 -16.402300
vt 34.266102 -16.425600
vt 34.283298 -16.424601
vt 34.253300 -16.427700
vt 33.936798 -16.615200
vt 33.939201 -16.603399
vt 33.819500 -16.474899
vt 33.802700 -16.522200
vt 33.829300 -16.480600
vt 33.809700 -16.469200
vt 33.793499 -16.517900
vt 33.784302 -16.513599
vt 33.781300 -16.560101
vt 33.772800 -16.557199
vt 34.174599 -16.365299
vt 34.265701 -16.424999
vt 33.942200 -16.366199
vt 33.969700 -16.344400
vt 33.960899 -16.336201
vt 33.933300 -16.358101
vt 33.952202 -16.328100
vt 33.924500 -16.350000
vt 33.994900 -16.324699
vt 33.986099 -16.316500
vt 33.977402 -16.308399
vt 33.911201 -16.391500
vt 33.902302 -16.383600
vt 33.893299 -16.375601
vt 33.871498 -16.411200
vt 33.862202 -16.403601
vt 33.880798 -16.418699
vt 33.854500 -16.446899
vt 33.844799 -16.440100
vt 33.835098 -16.433300
vt 33.754902 -16.651899
vt 33.751900 -16.659700
vt 33.460201 -16.729601
vt 34.034500 -17.658501
vt 34.047600 -17.668400
vt 34.053699 -17.654499
vt 34.021400 -17.648500
vt 34.032001 -17.646299
vt 34.015400 -17.662399
vt 34.000000 -17.520201
vt 34.010799 -17.519699
vt 33.989201 -17.519699
vt 34.000000 -17.397301
vt 33.989201 -17.396799
vt 33.989201 -17.273701
vt 34.010799 -17.396799
vt 34.000000 -17.272900
vt 33.989201 -17.155100
vt 34.010799 -17.273701
vt 34.000000 -17.154301
vt 33.989201 -17.036600
vt 34.010799 -17.155100
vt 34.010799 -17.036600
vt 34.000000 -17.035299
vt 33.989201 -16.917400
vt 34.010799 -16.917400
vt 34.000000 -16.917500
vt 33.989201 -16.796301
vt 34.000000 -16.795099
vt 34.010799 -16.796301
vt 34.000000 -16.780500
vt 33.977402 -16.782900
vt 34.022598 -16.782900
vt 34.000000 -16.803200
vt 34.010799 -16.916800
vt 34.010799 -16.802000
vt 33.989201 -16.916800
vt 33.989201 -16.802000
vt 34.000000 -16.916599
vt 34.010799 -17.042700
vt 33.989201 -17.042700
vt 34.000000 -17.044001
vt 34.010799 -17.158400
vt 33.989201 -17.158400
vt 34.000000 -17.159100
vt 34.010799 -17.277500
vt 33.989201 -17.277500
vt 34.000000 -17.278200
vt 33.989201 -17.394400
vt 34.010799 -17.394400
vt 34.000000 -17.393900
vt 34.000000 -17.516701
vt 33.989201 -17.517200
vt 34.000000 -17.643200
vt 34.010799 -17.517200
vt 34.010799 -17.644100
vt 33.989201 -17.644100
vt 34.181999 -16.799101
vt 34.157902 -16.916800
vt 34.192501 -16.802000
vt 34.147202 -16.917101
vt 34.103199 -17.042700
vt 34.093399 -17.039700
vt 34.057098 -17.158400
vt 34.046299 -17.156700
vt 34.030499 -17.277500
vt 34.019798 -17.275600
vt 34.018101 -17.394400
vt 34.010601 -17.518400
vt 33.999901 -17.519699
vt 34.021400 -17.517200
vt 34.042599 -17.644100
vt 33.996601 -17.396799
vt 34.007301 -17.395599
vt 34.009201 -17.273701
vt 34.035599 -17.155100
vt 34.083500 -17.036600
vt 34.136200 -16.917400
vt 34.171600 -16.796301
vt 34.000099 -17.519699
vt 34.003399 -17.396799
vt 33.990799 -17.273701
vt 33.964401 -17.155100
vt 33.916500 -17.036600
vt 33.863800 -16.917400
vt 33.828400 -16.796301
s 1
usemtl Meshpart1Mtl.001
f 3/1/1 1/2/2 2/3/3
f 3/1/1 2/3/3 4/4/4
f 6/5/5 4/4/4 5/6/6
f 3/1/1 4/4/4 6/5/5
f 7/7/7 6/5/5 5/6/6
f 6/5/5 7/7/7 8/8/8
f 3/1/1 9/9/9 1/2/2
f 10/10/10 3/1/1 6/5/5
f 11/11/11 9/9/9 3/1/1
f 10/10/10 11/11/11 3/1/1
f 10/10/10 6/5/5 12/12/12
f 12/12/12 6/5/5 8/8/8
f 10/10/10 13/13/13 11/11/11
f 12/12/12 14/14/14 10/10/10
f 13/13/13 10/10/10 14/14/14
f 11/11/11 15/15/15 9/9/9
f 13/13/13 15/15/15 11/11/11
f 15/15/15 13/13/13 16/16/16
f 17/17/17 13/13/13 14/14/14
f 16/16/16 13/13/13 17/17/17
f 18/18/18 16/16/16 17/17/17
f 19/19/19 21/20/20 20/21/21
f 22/22/22 23/23/23 19/19/19
f 21/20/20 19/19/19 23/23/23
f 22/22/22 24/24/24 23/23/23
f 25/25/25 21/20/20 23/23/23
f 24/24/24 25/25/25 23/23/23
f 21/20/20 25/25/25 26/26/26
f 24/24/24 27/27/27 25/25/25
f 24/24/24 28/28/28 27/27/27
f 27/27/27 28/28/28 29/29/29
f 27/27/27 30/30/30 25/25/25
f 25/25/25 30/30/30 26/26/26
f 30/30/30 27/27/27 31/31/31
f 33/32/32 26/26/26 30/30/30
f 32/33/33 33/32/32 30/30/30
f 26/26/26 33/32/32 34/34/34
f 33/32/32 36/35/35 34/34/34
f 33/32/32 38/36/36 36/35/35
f 33/32/32 35/37/37 39/38/38
f 39/38/38 38/36/36 33/32/32
f 40/39/39 39/38/38 35/37/37
f 40/39/39 43/40/40 39/38/38
f 39/38/38 43/40/40 38/36/36
f 38/36/36 43/40/40 36/35/35
f 42/41/41 44/42/42 41/43/43
f 41/43/43 44/42/42 40/39/39
f 43/40/40 40/39/39 44/42/42
f 44/42/42 42/41/41 45/44/44
f 46/45/45 44/42/42 45/44/44
f 47/46/46 44/42/42 46/45/45
f 44/42/42 47/46/46 48/47/47
f 44/42/42 48/47/47 43/40/40
f 48/47/47 49/48/48 43/40/40
f 43/40/40 49/48/48 36/35/35
f 36/35/35 49/48/48 37/49/49
f 53/50/50 50/51/51 55/52/52
f 54/53/53 53/50/50 55/52/52
f 51/54/54 55/52/52 50/51/51
f 51/54/54 57/55/55 55/52/52
f 56/56/56 55/52/52 57/55/55
f 57/55/55 51/54/54 52/57/57
f 56/56/56 57/55/55 58/58/58
f 61/59/59 62/60/60 59/61/61
f 59/61/61 62/60/60 60/62/62
f 63/63/63 64/64/64 61/59/59
f 61/59/59 64/64/64 62/60/60
f 64/64/64 65/65/65 66/66/66
f 64/64/64 66/66/66 62/60/60
f 62/60/60 66/66/66 67/67/67
f 62/60/60 67/67/67 60/62/62
f 68/68/68 70/69/69 69/70/70
f 18/18/18 17/17/17 68/68/68
f 71/71/71 70/69/69 68/68/68
f 68/68/68 17/17/17 71/71/71
f 72/72/72 70/69/69 71/71/71
f 17/17/17 14/14/14 71/71/71
f 73/73/73 71/71/71 14/14/14
f 71/71/71 73/73/73 72/72/72
f 14/14/14 12/12/12 73/73/73
f 74/74/74 72/72/72 73/73/73
f 73/73/73 12/12/12 75/75/75
f 73/73/73 75/75/75 74/74/74
f 12/12/12 8/8/8 75/75/75
f 72/72/72 74/74/74 76/76/76
f 75/75/75 8/8/8 77/77/77
f 74/74/74 75/75/75 78/78/78
f 75/75/75 77/77/77 78/78/78
f 77/77/77 8/8/8 79/79/79
f 78/78/78 77/77/77 79/79/79
f 74/74/74 80/80/80 76/76/76
f 80/80/80 81/81/81 76/76/76
f 81/81/81 80/80/80 82/82/82
f 83/83/83 80/80/80 74/74/74
f 80/80/80 83/83/83 82/82/82
f 78/78/78 83/83/83 74/74/74
f 83/83/83 84/84/84 82/82/82
f 85/85/85 84/84/84 83/83/83
f 78/78/78 85/85/85 83/83/83
f 78/78/78 86/86/86 85/85/85
f 85/85/85 86/86/86 87/87/87
f 78/78/78 79/79/79 86/86/86
f 79/79/79 88/88/88 86/86/86
f 79/79/79 89/89/89 88/88/88
f 89/89/89 79/79/79 90/90/90
f 8/8/8 90/90/90 79/79/79
f 90/90/90 8/8/8 7/7/7
f 92/91/91 93/92/92 91/93/93
f 93/92/92 95/94/94 94/95/95
f 95/94/94 93/92/92 96/96/96
f 93/92/92 92/91/91 96/96/96
f 95/94/94 96/96/96 97/97/97
f 96/96/96 92/91/91 98/98/98
f 101/99/99 102/100/100 100/101/101
f 99/102/102 103/103/103 101/99/99
f 101/99/99 103/103/103 102/100/100
f 99/102/102 104/104/104 103/103/103
f 105/105/105 102/100/100 103/103/103
f 103/103/103 106/106/106 105/105/105
f 104/104/104 106/106/106 103/103/103
f 104/104/104 107/107/107 106/106/106
f 111/108/108 109/109/109 110/110/110
f 109/109/109 111/108/108 112/111/111
f 112/111/111 108/112/112 109/109/109
f 111/108/108 113/113/113 112/111/111
f 114/114/114 116/115/115 115/116/116
f 116/115/115 114/114/114 113/113/113
f 108/112/112 112/111/111 118/117/117
f 119/118/118 117/119/119 118/117/117
f 119/118/118 114/114/114 117/119/119
f 119/118/118 118/117/117 112/111/111
f 113/113/113 114/114/114 119/118/118
f 113/113/113 119/118/118 112/111/111
f 120/120/120 121/121/121 122/122/122
f 124/123/123 123/124/124 122/122/122
f 124/123/123 122/122/122 125/125/125
f 125/125/125 122/122/122 121/121/121
f 126/126/126 125/125/125 127/127/127
f 125/125/125 121/121/121 127/127/127
f 121/121/121 128/128/128 127/127/127
f 130/129/129 131/130/130 129/131/131
f 129/131/131 131/130/130 132/132/132
f 133/133/133 131/130/130 130/129/129
f 132/132/132 131/130/130 134/134/134
f 135/135/135 132/132/132 134/134/134
f 134/134/134 136/136/136 135/135/135
f 138/137/137 139/138/138 137/139/139
f 140/140/140 139/138/138 138/137/137
f 140/140/140 141/141/141 139/138/138
f 142/142/142 141/141/141 140/140/140
f 143/143/143 141/141/141 142/142/142
f 141/141/141 143/143/143 144/144/144
f 148/145/145 145/146/146 146/147/147
f 148/145/145 146/147/147 147/148/148
f 145/146/146 148/145/145 149/149/149
f 150/150/150 149/149/149 148/145/145
f 148/145/145 147/148/148 151/151/151
f 152/152/152 148/145/145 151/151/151
f 150/150/150 148/145/145 153/153/153
f 148/145/145 152/152/152 153/153/153
f 157/154/154 156/155/155 155/156/156
f 155/156/156 159/157/157 157/154/154
f 158/158/158 157/154/154 159/157/157
f 154/159/159 159/157/157 155/156/156
f 158/158/158 159/157/157 160/160/160
f 159/157/157 154/159/159 161/161/161
f 159/157/157 161/161/161 160/160/160
f 162/162/162 163/163/163 164/164/164
f 164/164/164 165/165/165 162/162/162
f 166/166/166 164/164/164 163/163/163
f 165/165/165 164/164/164 167/167/167
f 168/168/168 167/167/167 164/164/164
f 168/168/168 164/164/164 169/169/169
f 170/170/170 171/171/170 172/172/170
f 172/172/170 171/171/170 173/173/170
f 170/170/170 174/174/171 171/171/170
f 175/175/172 174/174/171 170/170/170
f 176/176/173 175/175/172 170/170/170
f 170/170/170 177/177/170 176/176/173
f 177/177/170 170/170/170 172/172/170
f 172/172/170 178/178/170 177/177/170
f 182/179/174 180/180/175 181/181/176
f 182/179/174 181/181/176 183/182/177
f 183/182/177 181/181/176 179/183/178
f 184/184/179 182/179/174 183/182/177
f 179/183/178 185/185/180 183/182/177
f 183/182/177 186/186/181 184/184/179
f 186/186/181 183/182/177 185/185/180
f 191/187/182 190/188/183 194/189/184
f 192/190/185 193/191/186 195/192/187
f 192/190/185 195/192/187 189/193/188
f 194/189/189 195/192/187 193/191/186
f 194/189/189 196/194/190 195/192/187
f 189/193/188 195/192/187 197/195/191
f 196/194/190 197/195/191 195/192/187
f 189/193/188 197/195/191 187/196/192
f 196/194/190 198/197/193 197/195/191
f 197/195/191 198/197/193 188/198/194
f 199/199/195 200/200/196 201/201/197
f 201/201/197 202/202/198 199/199/195
f 202/202/198 203/203/199 199/199/195
f 199/199/195 203/203/199 204/204/200
f 202/202/198 205/205/201 203/203/199
f 205/205/201 202/202/198 206/206/202
f 209/21/203 207/20/204 208/207/205
f 210/205/206 212/208/207 211/209/208
f 214/210/209 213/45/210 212/208/211
f 215/44/212 213/45/210 214/210/209
f 216/211/213 215/44/212 214/210/209
f 215/44/212 216/211/213 217/41/214
f 216/211/213 218/212/215 217/41/214
f 216/211/213 219/213/216 218/212/215
f 220/206/217 219/213/216 216/211/213
f 221/214/218 218/212/215 219/213/216
f 220/206/217 222/215/219 219/213/216
f 221/214/218 219/213/216 222/215/219
f 223/202/220 222/215/219 220/206/217
f 223/202/220 224/201/221 222/215/219
f 225/216/222 221/214/218 222/215/219
f 222/215/219 224/201/221 225/216/222
f 228/217/223 226/218/224 227/219/225
f 228/217/223 227/219/225 229/220/226
f 232/221/227 233/222/228 230/223/229
f 230/223/229 233/222/228 231/224/230
f 234/225/231 235/226/232 232/221/227
f 232/221/227 235/226/232 233/222/228
f 235/226/232 236/227/233 237/228/234
f 235/226/232 237/228/234 233/222/228
f 233/222/228 237/228/234 238/229/235
f 233/222/228 238/229/235 231/224/230
f 239/230/236 240/231/237 241/232/238
f 242/233/239 239/230/236 241/232/238
f 240/231/237 243/234/240 244/235/241
f 245/236/242 240/231/237 244/235/241
f 245/236/242 241/232/238 240/231/237
f 245/236/242 244/235/241 246/237/243
f 241/232/238 245/236/242 247/238/244
f 245/236/242 246/237/243 248/239/245
f 247/238/244 245/236/242 249/240/246
f 254/241/247 250/242/248 252/243/249
f 255/244/250 252/243/249 253/245/251
f 254/241/247 252/243/249 255/244/250
f 255/244/250 256/246/252 254/241/247
f 257/247/253 254/241/247 256/246/252
f 251/248/254 254/241/247 257/247/253
f 258/249/255 257/247/253 256/246/252
f 260/250/256 261/251/257 259/252/258
f 262/220/259 263/253/260 260/250/256
f 261/251/257 260/250/256 263/253/260
f 263/253/260 262/220/259 264/219/261
f 265/254/262 263/253/260 264/219/261
f 263/253/260 266/255/263 261/251/257
f 263/253/260 265/254/262 266/255/263
f 265/254/262 200/200/196 266/255/263
f 266/255/263 204/204/200 261/251/257
f 200/200/196 199/199/195 266/255/263
f 266/255/263 199/199/195 204/204/200
f 268/256/264 270/257/265 267/258/266
f 268/256/264 272/259/267 270/257/265
f 269/260/268 272/259/267 268/256/264
f 270/257/265 273/261/269 271/262/270
f 270/257/265 272/259/267 273/261/269
f 274/263/271 273/261/269 272/259/267
f 278/264/272 277/265/273 276/266/274
f 278/264/272 276/266/274 275/267/275
f 277/265/273 278/264/272 279/268/276
f 278/264/272 275/267/275 280/269/277
f 279/268/278 281/270/279 282/188/280
f 280/269/281 283/271/282 281/270/279
f 286/272/283 284/273/284 285/274/285
f 286/272/283 285/274/285 287/275/286
f 284/273/284 286/272/283 288/276/287
f 289/277/288 288/276/287 286/272/283
f 287/275/286 290/278/289 286/272/283
f 289/277/288 286/272/283 290/278/289
f 289/277/288 290/278/289 291/279/290
f 288/276/287 289/277/288 292/280/291
f 296/281/292 293/282/293 294/283/294
f 295/284/295 297/285/296 294/283/294
f 294/283/294 297/285/296 296/281/292
f 297/285/296 298/286/297 296/281/292
f 295/284/295 299/287/298 297/285/296
f 300/288/299 297/285/296 299/287/298
f 301/289/300 297/285/296 300/288/299
f 297/285/296 301/289/300 298/286/297
f 303/290/301 72/72/72 304/291/302
f 72/72/72 76/76/76 304/291/302
f 303/290/301 302/292/303 70/69/69
f 70/69/69 302/292/303 69/70/70
f 70/69/69 72/72/72 303/290/301
f 305/293/304 306/294/305 307/295/306
f 308/296/307 307/295/306 309/297/308
f 307/295/306 310/298/309 309/297/308
f 307/295/306 306/294/305 310/298/309
f 82/82/82 310/298/309 306/294/305
f 82/82/82 306/294/305 81/81/81
f 84/84/84 310/298/309 82/82/82
f 314/299/310 313/300/311 312/301/312
f 315/302/313 314/299/310 316/303/314
f 312/301/312 317/304/315 314/299/310
f 316/303/314 314/299/310 317/304/315
f 311/305/316 317/304/315 312/301/312
f 316/303/314 317/304/315 318/306/317
f 317/304/315 319/307/318 318/306/317
f 317/304/315 311/305/316 319/307/318
f 320/308/319 323/309/320 321/310/321
f 324/311/322 322/312/323 321/310/321
f 321/310/321 325/313/324 324/311/322
f 323/309/320 325/313/324 321/310/321
f 324/311/322 325/313/324 326/314/325
f 325/313/324 323/309/320 327/315/326
f 328/316/327 326/314/325 325/313/324
f 325/313/324 327/315/326 328/316/327
f 329/317/328 327/315/326 323/309/320
f 328/316/327 327/315/326 329/317/328
f 330/318/329 333/319/330 331/320/331
f 332/321/332 334/322/333 333/319/330
f 334/322/333 335/323/334 333/319/330
f 333/319/330 335/323/334 336/324/335
f 333/319/330 336/324/335 331/320/331
f 339/24/336 337/325/337 338/28/338
f 340/326/339 337/325/337 339/24/336
f 341/22/340 340/326/339 339/24/336
f 342/327/341 343/328/342 345/329/343
f 344/330/344 345/329/343 343/328/342
f 345/329/343 346/331/345 342/327/341
f 347/332/346 345/329/343 344/330/344
f 348/333/347 346/331/345 345/329/343
f 347/332/346 348/333/347 345/329/343
f 349/334/348 348/333/347 347/332/346
f 348/333/347 350/335/349 346/331/345
f 351/336/350 348/333/347 349/334/348
f 352/337/351 355/338/352 353/339/353
f 353/339/353 355/338/352 354/340/354
f 355/338/352 352/337/351 356/341/355
f 357/342/356 355/338/352 358/343/357
f 355/338/352 356/341/355 358/343/357
f 359/210/358 206/206/202 360/211/359
f 206/206/202 359/210/358 205/205/201
f 361/208/360 205/205/201 359/210/358
f 363/344/361 364/345/362 362/346/363
f 365/347/364 366/348/365 363/344/361
f 366/348/365 364/345/362 363/344/361
f 367/349/366 366/348/365 365/347/364
f 368/350/367 366/348/365 367/349/366
f 370/351/368 367/349/366 369/352/369
f 367/349/366 370/351/368 368/350/367
f 370/351/368 369/352/369 371/353/370
f 372/354/371 370/351/368 371/353/370
f 371/353/370 373/355/372 372/354/371
f 374/356/373 375/357/374 376/358/375
f 375/357/374 377/359/376 376/358/375
f 374/356/373 378/360/377 368/350/367
f 366/348/365 368/350/367 378/360/377
f 378/360/377 364/345/362 366/348/365
f 374/356/373 379/361/378 378/360/377
f 364/345/362 378/360/377 379/361/378
f 374/356/373 376/358/375 379/361/378
f 380/362/379 376/358/375 377/359/376
f 376/358/375 381/363/380 379/361/378
f 376/358/375 380/362/379 381/363/380
f 382/364/381 364/345/362 379/361/378
f 382/364/381 379/361/378 381/363/380
f 382/364/381 383/365/382 364/345/362
f 362/346/363 364/345/362 383/365/382
f 382/364/381 381/363/380 384/366/383
f 384/366/383 381/363/380 380/362/379
f 383/365/382 382/364/381 385/367/384
f 384/366/383 385/367/384 382/364/381
f 386/368/385 385/367/384 384/366/383
f 384/366/383 387/369/386 386/368/385
f 384/366/383 380/362/379 387/369/386
f 387/369/386 388/370/387 386/368/385
f 387/369/386 380/362/379 389/371/388
f 388/370/387 387/369/386 389/371/388
f 372/354/371 373/355/372 390/372/389
f 392/373/390 390/372/389 391/374/391
f 390/372/389 392/373/390 372/354/371
f 391/374/391 393/375/392 394/376/393
f 391/374/391 394/376/393 392/373/390
f 396/377/394 394/376/393 393/375/392
f 393/375/392 395/378/395 396/377/394
f 397/379/396 392/373/390 394/376/393
f 398/380/397 394/376/393 396/377/394
f 398/380/397 397/379/396 394/376/393
f 399/381/398 392/373/390 397/379/396
f 392/373/390 399/381/398 372/354/371
f 400/382/399 397/379/396 398/380/397
f 397/379/396 401/383/400 399/381/398
f 400/382/399 401/383/400 397/379/396
f 402/384/401 372/354/371 399/381/398
f 401/383/400 402/384/401 399/381/398
f 370/351/368 372/354/371 402/384/401
f 368/350/367 370/351/368 402/384/401
f 401/383/400 368/350/367 402/384/401
f 403/385/402 400/382/399 398/380/397
f 368/350/367 401/383/400 374/356/373
f 404/386/403 403/385/402 398/380/397
f 404/386/403 398/380/397 396/377/394
f 405/387/404 400/382/399 403/385/402
f 400/382/399 375/357/374 401/383/400
f 400/382/399 405/387/404 375/357/374
f 401/383/400 375/357/374 374/356/373
f 406/388/405 405/387/404 403/385/402
f 403/385/402 404/386/403 406/388/405
f 377/359/376 375/357/374 405/387/404
f 406/388/405 377/359/376 405/387/404
f 407/389/406 408/390/407 409/391/408
f 407/389/406 395/378/395 408/390/407
f 409/391/408 410/392/409 407/389/406
f 411/393/410 395/378/395 407/389/406
f 410/392/409 411/393/410 407/389/406
f 411/393/410 396/377/394 395/378/395
f 396/377/394 411/393/410 404/386/403
f 410/392/409 412/394/411 411/393/410
f 411/393/410 412/394/411 404/386/403
f 412/394/411 410/392/409 389/371/388
f 406/388/405 404/386/403 412/394/411
f 389/371/388 413/395/412 412/394/411
f 406/388/405 412/394/411 413/395/412
f 389/371/388 380/362/379 413/395/412
f 413/395/412 377/359/376 406/388/405
f 380/362/379 377/359/376 413/395/412
f 415/396/413 414/397/414 416/398/415
f 418/399/416 419/400/417 417/401/418
f 419/400/417 418/399/416 420/402/419
f 421/403/420 422/404/421 423/405/422
f 423/405/422 422/404/421 424/406/423
f 425/407/424 421/403/420 423/405/422
f 426/408/425 425/407/424 423/405/422
f 424/406/423 426/408/425 423/405/422
f 421/403/420 425/407/424 427/409/426
f 425/407/424 426/408/425 428/410/427
f 428/410/427 427/409/426 425/407/424
f 428/410/427 426/408/425 429/411/428
f 430/412/429 424/406/423 422/404/421
f 426/408/425 424/406/423 431/413/430
f 431/413/430 429/411/428 426/408/425
f 424/406/423 432/414/431 431/413/430
f 434/415/432 435/416/433 433/417/434
f 437/418/435 438/419/63 436/420/436
f 435/416/433 439/421/437 437/418/435
f 439/421/437 438/419/63 437/418/435
f 435/416/433 434/415/432 440/422/438
f 440/422/438 439/421/437 435/416/433
f 440/422/438 442/423/439 439/421/437
f 442/423/439 440/422/438 441/424/440
f 439/421/437 443/425/441 438/419/63
f 442/423/439 443/425/441 439/421/437
f 444/426/442 438/419/63 443/425/441
f 443/425/441 442/423/439 445/427/443
f 445/427/443 444/426/442 443/425/441
f 395/378/395 446/428/444 447/429/445
f 395/378/395 447/429/445 408/390/407
f 450/430/446 452/431/447 454/432/448
f 454/432/448 453/433/449 450/430/446
f 452/431/447 455/434/450 454/432/448
f 451/435/451 456/436/97 455/434/450
f 457/437/452 455/434/450 456/436/97
f 457/437/452 454/432/448 455/434/450
f 456/436/97 449/438/453 457/437/452
f 458/439/454 453/433/449 454/432/448
f 458/439/454 454/432/448 457/437/452
f 457/437/452 449/438/453 459/440/455
f 459/440/455 458/439/454 457/437/452
f 459/440/455 448/441/456 458/439/454
f 462/442/457 463/443/458 460/444/459
f 464/445/460 460/444/459 463/443/458
f 460/444/459 464/445/460 461/446/461
f 465/447/462 463/443/458 462/442/457
f 466/448/463 463/443/458 465/447/462
f 466/448/463 468/449/464 463/443/458
f 468/449/464 466/448/463 467/450/465
f 464/445/460 463/443/458 468/449/464
f 469/451/466 468/449/464 467/450/465
f 468/449/464 470/452/467 464/445/460
f 468/449/464 469/451/466 470/452/467
f 471/453/468 470/452/467 469/451/466
f 471/453/468 464/445/460 470/452/467
f 464/445/460 471/453/468 461/446/461
f 472/454/469 473/455/470 474/456/471
f 475/457/110 474/456/471 473/455/470
f 473/455/470 476/458/472 475/457/110
f 476/458/472 473/455/470 477/459/473
f 477/459/473 478/460/474 476/458/472
f 478/460/474 477/459/473 479/461/475
f 473/455/470 480/462/476 477/459/473
f 480/462/476 473/455/470 472/454/469
f 479/461/475 477/459/473 481/463/477
f 479/461/475 481/463/477 482/464/478
f 483/465/479 477/459/473 480/462/476
f 477/459/473 483/465/479 481/463/477
f 482/464/478 481/463/477 484/466/480
f 485/467/481 481/463/477 483/465/479
f 481/463/477 485/467/481 484/466/480
f 489/468/482 487/469/121 486/470/483
f 488/471/484 490/472/485 486/470/483
f 489/468/482 486/470/483 490/472/485
f 490/472/485 488/471/484 491/473/124
f 492/474/486 489/468/482 490/472/485
f 490/472/485 491/473/124 492/474/486
f 491/473/124 493/475/487 492/474/486
f 489/468/482 492/474/486 494/476/488
f 494/476/488 492/474/486 495/477/489
f 487/469/121 489/468/482 496/478/490
f 497/479/491 489/468/482 494/476/488
f 500/480/492 498/481/493 499/482/136
f 499/482/136 501/483/494 500/480/492
f 501/483/494 502/484/495 500/480/492
f 504/485/496 502/484/495 501/483/494
f 503/486/497 504/485/496 501/483/494
f 504/485/496 505/487/498 502/484/495
f 504/485/496 503/486/497 506/488/499
f 507/489/500 505/487/498 504/485/496
f 504/485/496 506/488/499 507/489/500
f 505/487/498 507/489/500 508/490/501
f 509/491/502 511/492/503 510/493/504
f 511/492/503 509/491/502 512/494/505
f 512/494/505 513/495/506 511/492/503
f 513/495/506 514/496/507 511/492/503
f 515/497/508 514/496/507 513/495/506
f 514/496/507 516/498/509 511/492/503
f 516/498/509 514/496/507 517/499/510
f 515/497/508 518/500/511 514/496/507
f 514/496/507 518/500/511 517/499/510
f 519/501/137 518/500/511 515/497/508
f 522/502/512 521/503/513 520/504/514
f 521/503/513 522/502/512 523/505/515
f 523/505/515 525/506/516 524/507/517
f 523/505/515 526/508/518 525/506/516
f 526/508/518 523/505/515 522/502/512
f 525/506/516 526/508/518 527/509/146
f 522/502/512 528/510/519 526/508/518
f 527/509/146 526/508/518 528/510/519
f 528/510/519 522/502/512 529/511/520
f 520/504/514 529/511/520 522/502/512
f 533/512/521 535/513/522 531/514/523
f 532/515/524 531/514/523 535/513/522
f 536/516/525 533/512/521 534/517/526
f 536/516/525 535/513/522 533/512/521
f 534/517/526 537/518/160 536/516/525
f 535/513/522 539/519/527 532/515/524
f 540/520/528 535/513/522 536/516/525
f 536/516/525 537/518/160 540/520/528
f 539/519/527 535/513/522 540/520/528
f 537/518/160 538/521/529 541/522/530
f 537/518/160 541/522/530 540/520/528
f 541/522/530 538/521/529 542/523/531
f 540/520/528 541/522/530 542/523/531
f 540/520/528 542/523/531 539/519/527
f 542/523/531 530/524/532 539/519/527
f 544/525/533 543/526/162 545/527/534
f 544/525/533 545/527/534 547/528/535
f 547/528/535 546/529/536 544/525/533
f 548/530/537 546/529/536 547/528/535
f 547/528/535 545/527/534 549/531/538
f 550/532/539 548/530/537 547/528/535
f 547/528/535 549/531/538 550/532/539
f 549/531/538 545/527/534 552/533/540
f 552/533/540 551/534/541 549/531/538
f 554/535/542 553/536/543 555/537/544
f 553/536/543 556/538/545 555/537/544
f 554/535/542 555/537/544 557/539/546
f 558/540/547 557/539/546 555/537/544
f 555/537/544 556/538/545 558/540/547
f 558/540/547 559/541/548 557/539/546
f 560/542/549 557/539/546 559/541/548
f 559/541/548 558/540/547 561/543/550
f 558/540/547 562/544/551 561/543/550
f 556/538/545 562/544/551 558/540/547
f 563/545/552 564/546/553 565/547/554
f 564/546/553 566/548/555 565/547/554
f 565/547/554 567/549/556 563/545/552
f 565/547/554 568/550/557 567/549/556
f 566/548/555 568/550/557 565/547/554
f 567/549/556 568/550/557 569/551/558
f 566/548/555 570/552/559 568/550/557
f 571/553/560 569/551/558 568/550/557
f 570/552/559 566/548/555 573/554/193
f 572/555/561 566/548/555 564/546/553
f 575/556/562 574/557/563 577/558/564
f 578/559/565 577/558/564 574/557/563
f 576/560/566 577/558/564 579/561/567
f 579/561/567 577/558/564 578/559/565
f 579/561/567 578/559/565 580/562/568
f 582/563/224 579/561/567 580/562/568
f 583/564/225 582/563/224 580/562/568
f 584/565/569 579/561/567 582/563/224
f 581/566/570 579/561/567 584/565/569
f 587/567/571 584/565/569 582/563/224
f 587/567/571 581/566/570 584/565/569
f 587/567/571 582/563/224 585/568/572
f 588/569/573 585/568/574 586/570/226
f 589/571/575 588/569/576 590/572/577
f 591/573/578 585/568/572 589/571/579
f 585/568/572 591/573/578 587/567/571
f 587/567/571 591/573/578 592/574/580
f 581/566/570 587/567/571 592/574/580
f 593/575/581 592/574/580 591/573/578
f 594/576/582 581/566/570 592/574/580
f 581/566/570 594/576/582 595/577/583
f 592/574/580 593/575/581 596/578/584
f 596/578/584 593/575/581 597/579/585
f 600/580/586 602/581/587 598/582/588
f 602/581/587 601/583/589 598/582/588
f 601/583/589 603/584/231 599/585/590
f 602/581/587 604/586/591 601/583/589
f 603/584/231 601/583/589 604/586/591
f 602/581/587 600/580/586 605/587/592
f 605/587/592 604/586/591 602/581/587
f 605/587/592 607/588/593 604/586/591
f 607/588/593 605/587/592 606/589/594
f 604/586/591 608/590/595 603/584/231
f 607/588/593 608/590/595 604/586/591
f 609/591/596 603/584/231 608/590/595
f 608/590/595 607/588/593 610/592/597
f 610/592/597 609/591/596 608/590/595
f 613/593/239 614/594/598 611/595/599
f 615/596/600 614/594/598 613/593/239
f 611/595/599 614/594/598 616/597/601
f 611/595/599 616/597/601 612/598/602
f 616/597/601 614/594/598 617/599/603
f 614/594/598 615/596/600 617/599/603
f 612/598/602 616/597/601 618/600/604
f 617/599/603 619/601/605 616/597/601
f 618/600/604 616/597/601 619/601/605
f 620/602/606 617/599/603 615/596/600
f 619/601/605 617/599/603 621/603/607
f 621/603/607 617/599/603 620/602/606
f 622/604/608 619/601/605 621/603/607
f 618/600/604 619/601/605 622/604/608
f 623/605/609 625/606/610 624/607/611
f 625/606/610 626/608/612 624/607/611
f 626/608/612 625/606/610 628/609/613
f 626/608/612 629/610/614 627/611/615
f 630/612/616 626/608/612 628/609/613
f 629/610/614 626/608/612 630/612/616
f 632/613/617 630/612/616 628/609/613
f 631/614/250 630/612/616 632/613/617
f 633/615/618 635/616/619 637/617/620
f 637/617/620 636/618/621 633/615/618
f 636/618/621 638/619/622 634/620/623
f 639/621/268 643/622/624 640/623/625
f 643/622/624 642/624/626 640/623/625
f 643/622/624 639/621/268 638/619/622
f 642/624/626 644/625/627 641/626/628
f 635/616/619 644/625/627 637/617/620
f 645/627/629 642/624/626 643/622/624
f 645/627/629 643/622/624 638/619/622
f 642/624/626 645/627/629 644/625/627
f 644/625/627 645/627/629 637/617/620
f 638/619/622 636/618/621 645/627/629
f 645/627/629 636/618/621 637/617/620
f 649/628/630 646/629/631 648/630/632
f 646/629/631 650/631/633 647/632/634
f 649/628/630 651/633/635 646/629/631
f 650/631/633 646/629/631 651/633/635
f 649/628/630 652/634/636 651/633/635
f 650/631/633 651/633/635 653/635/637
f 652/634/636 653/635/637 651/633/635
f 650/631/633 653/635/637 654/636/638
f 650/631/633 655/637/639 647/632/634
f 653/635/637 652/634/636 656/638/640
f 652/634/636 649/628/630 657/639/641
f 660/640/642 659/641/643 661/642/644
f 659/641/643 662/643/645 661/642/644
f 658/644/646 662/643/645 659/641/643
f 660/640/642 661/642/644 663/645/647
f 664/646/648 661/642/644 662/643/645
f 658/644/646 665/647/649 662/643/645
f 665/647/649 664/646/648 662/643/645
f 666/648/650 661/642/644 664/646/648
f 661/642/644 666/648/650 663/645/647
f 664/646/648 665/647/649 667/649/651
f 667/649/651 668/650/652 664/646/648
f 668/650/652 666/648/650 664/646/648
f 669/651/653 663/645/647 666/648/650
f 669/651/653 666/648/650 668/650/652
f 673/652/654 670/653/655 671/654/656
f 671/654/656 672/655/657 674/656/658
f 673/652/654 671/654/656 675/657/659
f 675/657/659 671/654/656 674/656/658
f 676/658/660 670/653/655 673/652/654
f 676/658/660 673/652/654 675/657/659
f 672/655/657 677/659/661 674/656/658
f 675/657/659 674/656/658 677/659/661
f 680/660/662 676/658/660 675/657/659
f 679/661/663 676/658/660 680/660/662
f 681/662/664 675/657/659 677/659/661
f 678/663/665 681/662/664 677/659/661
f 675/657/659 681/662/664 680/660/662
f 681/662/664 678/663/665 682/664/666
f 680/660/662 681/662/664 683/665/667
f 683/665/667 681/662/664 682/664/666
f 680/660/662 683/665/667 679/661/663
f 684/666/668 388/370/387 685/667/669
f 685/667/669 388/370/387 686/668/670
f 388/370/387 389/371/388 686/668/670
f 685/667/669 686/668/670 687/669/671
f 686/668/670 389/371/388 410/392/409
f 410/392/409 687/669/671 686/668/670
f 687/669/671 410/392/409 688/670/672
f 688/670/672 410/392/409 409/391/408
f 690/671/673 691/672/674 694/673/675
f 692/674/676 694/673/675 691/672/674
f 694/673/675 695/675/677 690/671/673
f 694/673/675 692/674/676 696/676/678
f 696/676/678 692/674/676 693/677/679
f 695/675/677 694/673/675 697/678/680
f 697/678/680 694/673/675 696/676/678
f 698/679/681 689/680/682 695/675/677
f 697/678/680 698/679/681 695/675/677
f 693/677/679 699/681/317 696/676/678
f 696/676/678 699/681/317 697/678/680
f 700/682/683 698/679/681 697/678/680
f 699/681/317 700/682/683 697/678/680
f 700/682/683 701/683/684 698/679/681
f 699/681/317 701/683/684 700/682/683
f 702/684/685 704/685/686 703/686/687
f 705/687/688 703/686/687 704/685/686
f 706/688/689 709/689/690 705/687/688
f 708/690/327 710/691/691 709/689/690
f 709/689/690 710/691/691 705/687/688
f 703/686/687 710/691/691 707/692/692
f 710/691/691 703/686/687 705/687/688
f 715/693/693 713/694/694 711/695/695
f 715/693/693 711/695/695 714/696/696
f 713/694/694 716/697/697 712/698/698
f 713/694/694 715/693/693 716/697/697
f 715/693/693 718/699/699 716/697/697
f 716/697/697 718/699/699 717/700/700
f 719/701/701 718/699/699 715/693/693
f 715/693/693 714/696/696 719/701/701
f 720/702/702 717/700/700 718/699/699
f 718/699/699 719/701/701 721/703/703
f 718/699/699 721/703/703 720/702/702
f 719/701/701 714/696/696 722/704/704
f 721/703/703 719/701/701 722/704/704
f 723/705/705 724/706/706 725/707/707
f 724/706/706 727/571/708 728/572/709
f 723/705/710 729/573/711 727/571/712
f 730/708/713 726/709/714 731/710/715
f 729/573/711 723/705/710 732/711/716
f 730/708/713 732/711/716 723/705/710
f 733/712/717 729/573/711 732/711/716
f 730/708/713 731/710/715 734/399/718
f 734/399/718 731/710/715 735/713/719
f 735/713/719 736/402/720 734/399/718
f 737/714/721 736/402/720 735/713/719
f 737/714/721 738/715/722 736/402/720
f 739/716/723 730/708/713 734/399/718
f 730/708/713 739/716/723 732/711/716
f 740/717/724 739/716/723 734/399/718
f 741/718/339 732/711/716 739/716/723
f 732/711/716 741/718/339 733/712/717
f 733/712/717 741/718/339 742/719/725
f 744/575/726 733/712/717 743/720/727
f 733/712/717 744/575/726 729/573/711
f 743/720/727 745/579/728 744/575/726
f 746/721/729 750/722/730 749/723/731
f 750/722/730 747/724/732 749/723/731
f 750/722/730 746/721/729 751/725/733
f 747/724/732 750/722/730 752/726/734
f 752/726/734 750/722/730 751/725/733
f 753/727/735 751/725/733 748/728/348
f 752/726/734 751/725/733 753/727/735
f 754/729/736 747/724/732 752/726/734
f 747/724/732 754/729/736 755/730/737
f 754/729/736 756/731/738 755/730/737
f 754/729/736 752/726/734 757/732/739
f 757/732/739 756/731/738 754/729/736
f 757/732/739 752/726/734 753/727/735
f 756/731/738 757/732/739 758/733/740
f 757/732/739 753/727/735 758/733/740
f 760/734/741 762/735/742 764/736/743
f 763/737/744 760/734/741 764/736/743
f 765/738/745 764/736/743 762/735/742
f 761/739/356 766/740/357 765/738/745
f 767/741/746 765/738/745 766/740/357
f 767/741/746 764/736/743 765/738/745
f 766/740/357 759/742/747 767/741/746
f 763/737/744 764/736/743 768/743/748
f 768/743/748 764/736/743 767/741/746
f 767/741/746 759/742/747 769/744/749
f 769/744/749 768/743/748 767/741/746
f 772/745/750 770/746/751 771/747/752
f 770/746/751 772/745/750 773/748/753
f 774/749/754 772/745/750 771/747/752
f 773/748/753 775/750/755 770/746/751
f 776/751/756 773/748/753 772/745/750
f 774/749/754 776/751/756 772/745/750
f 775/750/755 773/748/753 777/752/757
f 778/753/758 774/749/754 771/747/752
f 773/748/753 776/751/756 779/754/759
f 779/754/759 777/752/757 773/748/753
f 776/751/756 774/749/754 780/755/760
f 781/756/761 779/754/759 776/751/756
f 777/752/757 779/754/759 782/757/762
f 781/756/761 782/757/762 779/754/759
f 782/757/762 781/756/761 783/758/763
f 784/759/764 782/757/762 783/758/763
f 783/758/763 785/760/765 784/759/764
f 781/756/761 785/760/765 783/758/763
f 785/760/765 781/756/761 786/761/766
f 786/761/766 787/762/767 785/760/765
f 786/761/766 781/756/761 788/763/768
f 789/764/769 787/762/767 786/761/766
f 788/763/768 789/764/769 786/761/766
f 789/764/769 790/765/2 787/762/767
f 791/766/770 789/764/769 788/763/768
f 788/763/768 781/756/761 792/767/771
f 776/751/756 792/767/771 781/756/761
f 788/763/768 792/767/771 793/768/772
f 793/768/772 791/766/770 788/763/768
f 776/751/756 780/755/760 792/767/771
f 794/769/773 790/765/2 789/764/769
f 791/766/770 794/769/773 789/764/769
f 794/769/773 791/766/770 795/770/774
f 796/771/775 795/770/774 791/766/770
f 791/766/770 793/768/772 796/771/775
f 795/770/774 796/771/775 797/772/776
f 797/772/776 796/771/775 798/773/777
f 793/768/772 799/774/778 796/771/775
f 798/773/777 796/771/775 799/774/778
f 800/775/779 802/776/780 801/777/781
f 803/778/782 802/776/783 804/779/784
f 804/779/784 805/780/785 803/778/782
f 806/781/786 803/778/782 805/780/785
f 807/782/787 806/781/786 805/780/785
f 806/781/786 807/782/787 808/783/413
f 809/784/788 810/785/789 811/786/790
f 814/787/791 813/788/792 812/789/45
f 814/787/791 815/790/793 813/788/792
f 815/790/793 814/787/791 816/791/794
f 816/791/794 817/792/48 815/790/793
f 817/792/48 816/791/794 818/793/795
f 811/786/796 817/792/48 818/793/795
f 820/794/797 821/795/798 822/796/799
f 823/797/800 820/794/797 822/796/799
f 823/797/800 819/798/801 820/794/797
f 823/797/800 822/796/799 824/799/802
f 819/798/801 823/797/800 825/800/803
f 823/797/800 826/801/58 825/800/803
f 824/799/802 826/801/58 823/797/800
f 832/802/66 831/803/804 830/804/439
f 829/805/805 833/806/806 830/804/439
f 833/806/806 832/802/66 830/804/439
f 834/807/807 832/802/66 833/806/806
f 833/806/806 828/808/808 835/809/809
f 833/806/806 835/809/809 834/807/807
f 834/807/807 835/809/809 827/810/810
f 837/811/811 838/812/812 836/813/813
f 798/773/777 799/774/778 837/811/811
f 837/811/811 799/774/778 838/812/812
f 839/814/814 838/812/812 840/815/815
f 838/812/812 799/774/778 840/815/815
f 841/816/816 839/814/814 840/815/815
f 842/817/817 841/816/816 840/815/815
f 840/815/815 799/774/778 843/818/818
f 799/774/778 793/768/772 843/818/818
f 840/815/815 844/819/819 842/817/817
f 843/818/818 844/819/819 840/815/815
f 793/768/772 845/820/820 843/818/818
f 843/818/818 845/820/820 844/819/819
f 793/768/772 792/767/771 845/820/820
f 780/755/760 845/820/820 792/767/771
f 846/821/821 844/819/819 845/820/820
f 780/755/760 846/821/821 845/820/820
f 847/822/822 842/817/817 844/819/819
f 846/821/821 847/822/822 844/819/819
f 842/817/817 847/822/822 848/823/823
f 847/822/822 849/824/824 848/823/823
f 850/825/825 849/824/824 847/822/822
f 850/825/825 847/822/822 846/821/821
f 850/825/825 851/826/826 849/824/824
f 852/827/827 846/821/821 780/755/760
f 852/827/827 850/825/825 846/821/821
f 774/749/754 852/827/827 780/755/760
f 851/826/826 850/825/825 853/828/828
f 778/753/758 852/827/827 774/749/754
f 854/829/829 853/828/828 850/825/825
f 854/829/829 850/825/825 852/827/827
f 778/753/758 854/829/829 852/827/827
f 859/830/830 856/831/831 858/832/95
f 859/830/830 857/833/832 855/834/833
f 858/832/95 860/835/834 859/830/830
f 859/830/830 861/836/835 857/833/832
f 861/836/835 859/830/830 862/837/836
f 860/835/834 862/837/836 859/830/830
f 861/836/835 862/837/836 863/838/447
f 864/839/450 863/838/447 862/837/836
f 862/837/836 860/835/834 865/840/837
f 868/841/838 866/842/839 867/843/840
f 869/844/841 868/841/838 867/843/840
f 868/841/838 869/844/841 870/845/842
f 871/846/843 868/841/838 870/845/842
f 868/841/838 871/846/843 872/847/844
f 872/847/844 873/848/845 868/841/838
f 866/842/839 868/841/838 873/848/845
f 873/848/845 872/847/844 874/849/846
f 879/850/847 880/851/848 878/852/849
f 878/852/849 880/851/848 877/853/850
f 880/851/848 875/854/851 881/855/852
f 882/856/491 877/853/850 880/851/848
f 882/856/491 880/851/848 881/855/852
f 876/857/853 882/856/491 881/855/852
f 883/858/854 884/859/855 885/860/856
f 887/861/857 886/862/520 883/858/854
f 887/861/857 883/858/854 888/863/858
f 888/863/858 883/858/854 885/860/856
f 889/864/152 887/861/857 888/863/858
f 888/863/858 885/860/856 890/865/859
f 889/864/152 888/863/858 891/866/860
f 891/866/860 888/863/858 890/865/859
f 893/867/861 892/868/862 895/869/863
f 895/869/863 896/870/864 893/867/861
f 894/871/865 896/870/864 895/869/863
f 896/870/864 897/872/866 893/867/861
f 897/872/866 896/870/864 898/873/867
f 896/870/864 894/871/865 899/874/868
f 896/870/864 899/874/868 898/873/867
f 903/875/869 901/876/870 900/877/871
f 901/876/870 903/875/869 904/878/872
f 903/875/869 905/879/873 904/878/872
f 906/880/874 901/876/870 904/878/872
f 905/879/873 906/880/874 904/878/872
f 901/876/870 906/880/874 907/881/166
f 902/882/164 907/881/166 908/883/875
f 909/884/876 908/883/875 907/881/166
f 907/881/166 906/880/874 910/885/877
f 910/885/877 906/880/874 911/886/878
f 905/879/873 911/886/878 906/880/874
f 912/887/879 913/888/880 914/889/881
f 912/887/879 916/890/882 913/888/880
f 915/891/178 913/888/880 916/890/882
f 917/892/883 915/891/178 916/890/882
f 916/890/882 912/887/879 918/893/884
f 919/894/885 917/892/883 916/890/882
f 918/893/884 919/894/885 916/890/882
f 919/894/885 920/895/886 917/892/883
f 921/896/887 919/894/885 918/893/884
f 924/897/888 925/898/889 922/899/890
f 926/900/891 922/899/890 925/898/889
f 927/901/892 922/899/890 926/900/891
f 927/901/892 926/900/891 928/902/893
f 927/901/892 929/903/894 922/899/890
f 922/899/890 929/903/894 923/904/895
f 930/905/896 931/906/897 927/901/892
f 927/901/892 931/906/897 929/903/894
f 935/907/898 932/908/899 934/909/201
f 932/908/899 935/907/898 936/910/900
f 932/908/899 936/910/900 933/911/901
f 938/912/902 937/913/903 939/914/904
f 939/914/905 941/915/906 940/916/907
f 943/917/908 942/918/909 941/915/910
f 947/910/911 948/776/912 946/775/913
f 949/907/914 948/776/912 947/910/911
f 948/776/912 949/907/914 950/779/915
f 950/779/915 949/907/914 951/909/206
f 951/909/206 952/780/916 950/779/915
f 952/780/916 951/909/206 953/919/917
f 952/780/916 953/919/917 954/782/918
f 954/782/918 953/919/917 955/920/207
f 956/921/919 954/782/918 955/920/207
f 958/922/576 959/923/575 957/924/920
f 965/925/921 964/926/597 963/927/922
f 962/928/594 966/929/923 963/927/922
f 966/929/923 965/925/921 963/927/922
f 961/930/924 966/929/923 962/928/594
f 967/931/925 965/925/921 966/929/923
f 966/929/923 961/930/924 968/932/926
f 966/929/923 968/932/926 967/931/925
f 967/931/925 968/932/926 960/933/927
f 972/934/928 969/935/240 970/936/929
f 971/937/930 973/938/931 970/936/929
f 973/938/931 972/934/928 970/936/929
f 972/934/928 973/938/931 974/939/932
f 973/938/931 975/940/933 974/939/932
f 975/940/933 973/938/931 976/941/934
f 973/938/931 971/937/930 977/942/935
f 982/943/936 981/944/937 979/945/613
f 983/946/938 980/947/939 981/944/937
f 982/943/936 983/946/938 981/944/937
f 983/946/938 984/948/252 980/947/939
f 985/949/940 983/946/938 982/943/936
f 986/950/941 984/948/252 983/946/938
f 985/949/940 986/950/941 983/946/938
f 987/951/942 986/950/941 985/949/940
f 985/949/943 978/952/944 988/953/945
f 989/912/946 990/954/947 991/955/948
f 990/954/947 989/912/946 992/916/949
f 992/916/949 993/956/950 990/954/947
f 992/916/949 994/918/951 993/956/950
f 995/957/952 991/955/948 990/954/947
f 993/956/950 995/957/952 990/954/947
f 991/955/948 995/957/952 996/922/953
f 995/957/952 997/958/954 996/922/953
f 996/922/953 998/959/955 991/955/948
f 995/957/952 993/956/950 999/960/956
f 999/960/956 1000/958/957 995/957/952
f 993/956/950 1001/961/958 999/960/956
f 1003/962/959 1004/963/960 1002/964/961
f 1005/965/962 1004/963/960 1003/962/959
f 1007/966/963 1003/962/959 1006/967/964
f 1003/962/959 1007/966/963 1008/968/965
f 1003/962/959 1008/968/965 1005/965/962
f 1008/968/965 1007/966/963 1009/969/966
f 1010/970/450 1005/965/962 1008/968/965
f 1011/971/967 1012/972/968 1013/973/969
f 1015/974/970 1012/972/968 1014/975/971
f 1012/972/968 1016/976/972 1013/973/969
f 1016/976/972 1012/972/968 1017/977/973
f 1012/972/968 1015/974/970 1017/977/973
f 1017/977/973 1018/978/974 1016/976/972
f 1017/977/973 1015/974/970 1020/979/975
f 1017/977/973 1020/979/975 1019/980/976
f 1023/981/977 1022/982/978 1024/983/979
f 1025/984/980 1021/985/286 1023/981/977
f 1024/983/979 1025/984/980 1023/981/977
f 1026/986/981 1025/984/980 1024/983/979
f 1021/985/286 1025/984/980 1027/987/982
f 1028/988/983 1027/987/982 1025/984/980
f 1026/986/981 1028/988/983 1025/984/980
f 1028/988/983 1029/989/984 1027/987/982
f 1030/990/985 1031/991/986 1033/992/987
f 1031/991/986 1032/993/988 1033/992/987
f 1033/992/987 1032/993/988 1034/994/989
f 1033/992/987 1035/995/990 1030/990/985
f 1035/995/990 1038/996/991 1037/997/992
f 1039/998/993 1036/999/663 1038/996/991
f 1035/995/990 1039/998/993 1038/996/991
f 1039/998/993 1034/994/989 1036/999/663
f 1035/995/990 1033/992/987 1039/998/993
f 1034/994/989 1039/998/993 1033/992/987
f 1041/1000/994 1040/1001/995 1043/1002/996
f 1043/1002/996 1044/1003/997 1041/1000/994
f 1042/1004/998 1044/1003/997 1043/1002/996
f 1044/1003/997 1045/1005/999 1041/1000/994
f 1045/1005/999 1044/1003/997 1047/1006/676
f 1045/1005/999 1047/1006/676 1046/1007/1000
f 1044/1003/997 1048/1008/1001 1047/1006/676
f 1051/1009/1002 1053/1010/1003 1050/1011/1004
f 1050/1011/1004 1053/1010/1003 1054/1012/1005
f 1053/1010/1003 1052/1013/1006 1054/1012/1005
f 1054/1012/1005 1052/1013/1006 1055/1014/327
f 1049/1015/689 1054/1012/1005 1056/1016/1007
f 1054/1012/1005 1055/1014/327 1056/1016/1007
f 1059/1017/1008 1060/1018/1009 1058/1019/1010
f 1059/1017/1011 1064/1020/704 1061/1021/1012
f 1064/1020/704 1065/1022/1013 1063/1023/1014
f 1059/1017/1011 1065/1022/1013 1064/1020/704
f 1063/1023/1014 1065/1022/1013 1062/1024/334
f 1065/1022/1013 1059/1017/1011 1066/1025/1015
f 1066/1025/1015 1059/1017/1011 1057/1026/1016
f 1067/1027/335 1062/1024/334 1065/1022/1013
f 1065/1022/1013 1066/1025/1015 1067/1027/335
f 1067/1027/335 1066/1025/1015 1057/1026/1016
f 1070/923/1017 1069/960/1018 1068/1028/1019
f 1071/789/1020 1072/1029/1021 1073/787/1022
f 1073/787/1022 1072/1029/1021 1074/1030/1023
f 1075/791/1024 1073/787/1022 1074/1030/1023
f 1076/1031/1025 1075/791/1024 1074/1030/1023
f 1075/791/1024 1076/1031/1025 1077/793/1026
f 1077/793/1026 1076/1031/1025 1079/1032/1027
f 1079/1032/1027 1076/1031/1025 1078/1033/1028
f 1080/786/1029 1077/793/1026 1079/1032/1027
f 1081/1034/1030 1079/1032/1027 1078/1033/1028
f 1080/786/1029 1079/1032/1027 944/1035/1031
f 1079/1032/1027 1081/1034/1030 944/1035/1031
f 944/1035/1031 945/784/1032 1080/786/1029
f 1001/961/958 993/956/950 1082/1036/1033
f 994/918/951 1082/1036/1033 993/956/950
f 1084/1037/1034 1083/1038/1035 1086/1039/1036
f 1087/1040/1037 1086/1039/1036 1085/1041/1038
f 1086/1039/1036 1088/1042/1039 1084/1037/1034
f 1088/1042/1039 1086/1039/1036 1087/1040/1037
f 1087/1040/1037 1089/1043/1040 1088/1042/1039
f 1088/1042/1039 1089/1043/1040 1090/1044/1041
f 1089/1043/1040 1091/1045/731 1090/1044/1041
f 1088/1042/1039 1090/1044/1041 1092/1046/1042
f 1084/1037/1034 1088/1042/1039 1092/1046/1042
f 1096/1047/1043 1093/1048/1044 1094/1049/1045
f 1098/1050/1046 1095/1051/1047 1097/1052/1048
f 1098/1050/1049 1096/1047/1043 1094/1049/1045
f 1096/1047/1043 1100/1053/1050 1093/1048/1044
f 1098/1050/1049 1100/1053/1050 1096/1047/1043
f 1100/1053/1050 1101/1054/1051 1093/1048/1044
f 1100/1053/1050 1098/1050/1049 1102/1055/1052
f 1099/1056/352 1102/1055/1052 1098/1050/1049
f 1101/1054/1051 1100/1053/1050 1103/1057/1053
f 1100/1053/1050 1102/1055/1052 1103/1057/1053
f 1104/1058/1054 1103/1057/1053 1102/1055/1052
f 1105/1059/1055 1106/1060/1056 1107/1061/1057
f 1106/1060/1056 1105/1059/1055 1108/1062/1058
f 1110/1063/1059 1106/1060/1056 1108/1062/1058
f 1112/1064/1060 1106/1060/1056 1110/1063/1059
f 1111/1065/1061 1112/1064/1060 1110/1063/1059
f 1113/1066/1062 1106/1060/1056 1112/1064/1060
f 1111/1065/1061 1114/1067/1063 1112/1064/1060
f 1113/1066/1062 1112/1064/1060 1114/1067/1063
f 1114/1067/1063 1111/1065/1061 1115/1068/1064
f 1114/1067/1063 1115/1068/1064 1116/1069/1065
f 1115/1068/1064 1117/1070/1066 1116/1069/1065
f 1119/1071/1067 1118/1072/1068 1120/1073/1069
f 1119/1071/1067 1120/1073/1069 1121/1074/1070
f 1122/1075/1071 1120/1073/1069 1118/1072/1068
f 1123/1076/1072 1122/1075/1071 1118/1072/1068
f 1120/1073/1069 1122/1075/1071 1124/1077/1073
f 1120/1073/1069 1124/1077/1073 1125/1078/1074
f 1121/1074/1070 1120/1073/1069 1125/1078/1074
f 1125/1078/1074 1124/1077/1073 1126/1079/1075
f 1127/1080/1076 1121/1074/1070 1125/1078/1074
f 1121/1074/1070 1127/1080/1076 1128/1081/1077
f 1125/1078/1074 1126/1079/1075 1130/1082/1078
f 1129/1083/1079 1125/1078/1074 1130/1082/1078
f 1130/1082/1078 1126/1079/1075 1131/1084/1080
f 1130/1082/1078 1131/1084/1080 1133/1085/781
f 1132/1086/1081 1130/1082/1078 1135/1087/1082
f 1136/1088/1083 1130/1082/1078 1133/1085/781
f 1136/1088/1083 1135/1087/1082 1130/1082/1078
f 1135/1087/1082 1137/1089/1084 1132/1086/1081
f 1133/1085/781 1138/1090/1085 1136/1088/1083
f 1136/1088/1083 1138/1090/1085 1135/1087/1082
f 1139/1091/782 1133/1085/781 1134/1092/1086
f 1133/1085/781 1139/1091/782 1138/1090/1085
f 1135/1087/1082 1140/1093/1087 1137/1089/1084
f 1140/1093/1087 1135/1087/1082 1138/1090/1085
f 1137/1089/1084 1140/1093/1087 1141/1094/1088
f 1139/1091/782 1142/1095/786 1138/1090/1085
f 1138/1090/1085 1142/1095/786 1140/1093/1087
f 1143/1096/413 1140/1093/1087 1142/1095/786
f 1141/1094/1088 1140/1093/1087 1145/1097/1089
f 1140/1093/1087 1143/1096/413 1145/1097/1089
f 1145/1097/1089 1143/1096/413 1144/1098/1090
f 1141/1094/1088 1145/1097/1089 1146/1099/1091
f 1145/1097/1089 1144/1098/1090 1147/1100/1092
f 1145/1097/1089 1147/1100/1092 1146/1099/1091
f 1151/1101/1093 1149/1102/1094 1148/1103/420
f 1151/1101/1093 1152/1104/429 1149/1102/1094
f 1152/1104/429 1153/1105/1095 1150/1106/423
f 1152/1104/429 1151/1101/1093 1154/1107/1096
f 1154/1107/1096 1153/1105/1095 1152/1104/429
f 1154/1107/1096 1151/1101/1093 1155/1108/1097
f 1154/1107/1096 1156/1109/1098 1153/1105/1095
f 1157/1110/1099 1154/1107/1096 1155/1108/1097
f 1157/1110/1099 1156/1109/1098 1154/1107/1096
f 1157/1110/1099 1155/1108/1097 1158/1111/1100
f 1157/1110/1099 1159/1112/1101 1156/1109/1098
f 1162/1113/808 1163/1114/1102 1160/1115/1103
f 1164/1116/1104 1161/1117/1105 1163/1114/1102
f 1164/1116/1104 1163/1114/1102 1165/1118/432
f 1165/1118/432 1163/1114/1102 1162/1113/808
f 1166/1119/1106 1165/1118/432 1167/1120/440
f 1165/1118/432 1162/1113/808 1167/1120/440
f 1162/1113/808 1168/1121/1107 1167/1120/440
f 1171/1122/1108 1169/1123/1109 1170/1124/1110
f 1171/1122/1108 1172/1125/1111 1169/1123/1109
f 1171/1122/1108 1170/1124/1110 1173/1126/1112
f 1174/1127/1113 1172/1125/1111 1171/1122/1108
f 1175/1128/1114 1173/1126/1112 1109/1129/1115
f 1175/1128/1114 1171/1122/1108 1173/1126/1112
f 1176/1130/1116 1174/1127/1113 1171/1122/1108
f 1176/1130/1116 1171/1122/1108 1175/1128/1114
f 1177/1131/1117 1174/1127/1113 1176/1130/1116
f 1177/1131/1117 1178/1132/1118 1174/1127/1113
f 1177/1131/1117 1179/1133/1119 1178/1132/1118
f 1180/1134/1120 1179/1133/1119 1177/1131/1117
f 1180/1134/1120 1177/1131/1117 1181/1135/1121
f 1181/1135/1121 1177/1131/1117 1176/1130/1116
f 1181/1135/1121 1176/1130/1116 1175/1128/1114
f 1181/1135/1121 1175/1128/1114 1182/1136/1122
f 1113/1066/1062 1181/1135/1121 1182/1136/1122
f 1182/1136/1122 1175/1128/1114 1183/1137/1123
f 1113/1066/1062 1182/1136/1122 1183/1137/1123
f 1183/1137/1123 1175/1128/1114 1109/1129/1115
f 1106/1060/1056 1113/1066/1062 1183/1137/1123
f 1183/1137/1123 1109/1129/1115 1107/1061/1057
f 1106/1060/1056 1183/1137/1123 1107/1061/1057
f 1186/1138/1124 1184/1139/1125 1185/1140/1126
f 1188/1141/1127 1185/1140/1126 1187/1142/1128
f 1189/1143/446 1185/1140/1126 1188/1141/1127
f 1185/1140/1126 1189/1143/446 1186/1138/1124
f 1189/1143/446 1188/1141/1127 1190/1144/1129
f 1191/1145/1130 1186/1138/1124 1189/1143/446
f 1192/1146/1131 1194/1147/1132 1193/1148/457
f 1193/1148/457 1194/1147/1132 1195/1149/1133
f 1194/1147/1132 1192/1146/1131 1196/1150/1134
f 1197/1151/1135 1195/1149/1133 1194/1147/1132
f 1194/1147/1132 1198/1152/1136 1197/1151/1135
f 1196/1150/1134 1198/1152/1136 1194/1147/1132
f 1198/1152/1136 1196/1150/1134 1199/1153/1137
f 1198/1152/1136 1200/1154/1138 1197/1151/1135
f 1201/1155/478 1202/1156/1139 1203/1157/1140
f 1203/1157/1140 1202/1156/1139 1205/1158/1141
f 1204/1159/481 1205/1158/1141 1202/1156/1139
f 1203/1157/1140 1205/1158/1141 1206/1160/1142
f 1207/1161/1143 1205/1158/1141 1204/1159/481
f 1205/1158/1141 1207/1161/1143 1208/1162/1144
f 1206/1160/1142 1205/1158/1141 1208/1162/1144
f 1209/1163/1145 1206/1160/1142 1208/1162/1144
f 1208/1162/1144 1207/1161/1143 1209/1163/1145
f 1206/1160/1142 1209/1163/1145 1210/1164/1146
f 1209/1163/1145 1211/1165/1147 1210/1164/1146
f 1209/1163/1145 1207/1161/1143 1212/1166/119
f 1214/1167/1148 1216/1168/1149 1213/1169/488
f 1217/1170/1150 1214/1167/1148 1215/1171/1151
f 1216/1168/1149 1214/1167/1148 1217/1170/1150
f 1217/1170/1150 1218/1172/1152 1219/1173/1153
f 1216/1168/1149 1217/1170/1150 1220/1174/1154
f 1220/1174/1154 1217/1170/1150 1219/1173/1153
f 1221/1175/1155 1216/1168/1149 1220/1174/1154
f 1221/1175/1155 1222/1176/491 1216/1168/1149
f 1213/1169/488 1216/1168/1149 1222/1176/491
f 1227/1177/1156 1226/1178/501 1225/1179/1157
f 1226/1178/501 1227/1177/1156 1228/1180/1158
f 1228/1180/1158 1227/1177/1156 1229/1181/1159
f 1229/1181/1159 1230/1182/1160 1228/1180/1158
f 1223/1183/1161 1229/1181/1159 1224/1184/1162
f 1229/1181/1159 1223/1183/1161 1230/1182/1160
f 1233/1185/1163 1232/1186/1164 1231/1187/1165
f 1233/1185/1163 1231/1187/1165 1234/1188/1166
f 1233/1185/1163 1235/1189/1167 1232/1186/1164
f 1236/1190/1168 1233/1185/1163 1234/1188/1166
f 1234/1188/1166 1237/1191/1169 1236/1190/1168
f 1238/1192/504 1236/1190/1168 1237/1191/1169
f 1241/1193/1170 1240/1194/1171 1239/1195/513
f 1242/1196/515 1241/1193/1170 1239/1195/513
f 1243/1197/1172 1241/1193/1170 1242/1196/515
f 1241/1193/1170 1243/1197/1172 1244/1198/1173
f 1240/1194/1171 1241/1193/1170 1245/1199/1174
f 1241/1193/1170 1244/1198/1173 1245/1199/1174
f 1240/1194/1171 1245/1199/1174 1246/1200/1175
f 1247/1201/1176 1246/1200/1175 1248/1202/1177
f 1246/1200/1175 1245/1199/1174 1248/1202/1177
f 1248/1202/1177 1245/1199/1174 1249/1203/1178
f 1244/1198/1173 1249/1203/1178 1245/1199/1174
f 1254/1204/1179 1250/1205/1180 1252/1206/1181
f 1254/1204/1179 1252/1206/1181 1253/1207/1182
f 1250/1205/1180 1254/1204/1179 1251/1208/532
f 1253/1207/1182 1255/1209/1183 1254/1204/1179
f 1256/1210/1184 1254/1204/1179 1255/1209/1183
f 1251/1208/532 1254/1204/1179 1256/1210/1184
f 1251/1208/532 1256/1210/1184 1257/1211/1185
f 1259/1212/1186 1261/1213/1187 1258/1214/1188
f 1260/1215/539 1261/1213/1187 1259/1212/1186
f 1261/1213/1187 1260/1215/539 1262/1216/1189
f 1263/1217/1190 1261/1213/1187 1262/1216/1189
f 1263/1217/1190 1264/1218/1191 1261/1213/1187
f 1265/1219/1192 1261/1213/1187 1264/1218/1191
f 1265/1219/1192 1258/1214/1188 1261/1213/1187
f 1267/1220/1193 1269/1221/1140 1266/1222/1194
f 1269/1221/1140 1267/1220/1193 1268/1223/546
f 1270/1224/549 1269/1221/1140 1268/1223/546
f 1269/1221/1140 1270/1224/549 1271/1225/1195
f 1272/1226/1196 1269/1221/1140 1271/1225/1195
f 1269/1221/1140 1272/1226/1196 1273/1227/1197
f 1273/1227/1197 1266/1222/1194 1269/1221/1140
f 1273/1227/1197 1274/1228/1198 1266/1222/1194
f 1276/1229/558 1277/1230/1199 1275/1231/888
f 1279/1232/1200 1277/1230/1199 1276/1229/558
f 1278/1233/1201 1279/1232/1200 1276/1229/558
f 1277/1230/1199 1279/1232/1200 1280/1234/891
f 1278/1233/1201 1281/1235/1202 1279/1232/1200
f 1280/1234/891 1282/1236/1203 1283/1237/1204
f 1286/1076/1205 1287/1238/1206 1288/1075/1207
f 1289/1080/1208 1290/1239/567 1291/1081/570
f 1293/1240/1209 1295/1241/1210 1292/1242/1211
f 1296/1243/1212 1294/1244/1213 1295/1241/1210
f 1296/1243/1212 1295/1241/1210 1297/1245/1214
f 1297/1245/1214 1295/1241/1210 1293/1240/1209
f 1298/1246/1215 1297/1245/1214 1299/1247/594
f 1297/1245/1214 1293/1240/1209 1299/1247/594
f 1302/1248/1216 1301/1249/1217 1304/1250/1218
f 1303/1251/1219 1302/1248/1216 1304/1250/1218
f 1300/1252/600 1305/1253/1220 1301/1249/1217
f 1301/1249/1217 1305/1253/1220 1304/1250/1218
f 1306/1254/1221 1308/1255/1222 1307/1256/1223
f 1308/1255/1222 1306/1254/1221 1309/1257/1224
f 1309/1257/1224 1310/1258/1225 1308/1255/1222
f 1305/1253/1220 1309/1257/1224 1304/1250/1218
f 1310/1258/1225 1309/1257/1224 1305/1253/1220
f 1311/1259/1226 1310/1258/1225 1305/1253/1220
f 1311/1259/1226 1305/1253/1220 1312/1260/1227
f 1300/1252/600 1312/1260/1227 1305/1253/1220
f 1313/1261/1228 1315/1262/944 1314/1263/1229
f 1316/1264/1230 1315/1262/944 1313/1261/1228
f 1315/1262/944 1317/1265/1231 1314/1263/1229
f 1317/1265/1231 1315/1262/944 1318/1266/1232
f 1315/1262/944 1319/1267/940 1318/1266/1232
f 1315/1262/944 1316/1264/1230 1320/1268/1233
f 1325/1269/1234 1324/1270/1235 1323/1271/1236
f 1325/1269/1234 1326/1272/1237 1324/1270/1235
f 1326/1272/1237 1325/1269/1234 1328/1273/618
f 1328/1273/618 1325/1269/1234 1327/1274/1238
f 1328/1273/618 1327/1274/1238 1329/1275/1239
f 1328/1273/618 1330/1276/1240 1326/1272/1237
f 1331/1277/1241 1333/1278/1242 1334/1279/1243
f 1333/1278/1242 1335/1280/1244 1334/1279/1243
f 1336/1281/1245 1333/1278/1242 1332/1282/637
f 1336/1281/1245 1337/1283/1246 1333/1278/1242
f 1339/1284/1247 1335/1280/1244 1340/1285/1248
f 1340/1285/1248 1337/1283/1246 1338/1286/1249
f 1333/1278/1242 1340/1285/1248 1335/1280/1244
f 1340/1285/1248 1333/1278/1242 1337/1283/1246
f 1343/1287/1250 1342/1288/651 1341/1289/649
f 1342/1288/651 1345/1290/1251 1344/1291/1252
f 1346/1292/1253 1345/1290/1251 1342/1288/651
f 1342/1288/651 1343/1287/1250 1346/1292/1253
f 1346/1292/1253 1347/1293/1254 1345/1290/1251
f 1349/1294/1255 1343/1287/1250 1348/1295/1256
f 1343/1287/1250 1349/1294/1255 1346/1292/1253
f 1349/1294/1255 1347/1293/1254 1346/1292/1253
f 1350/1296/1257 1351/1297/1258 1352/1298/1259
f 1351/1297/1258 1353/1299/1260 1352/1298/1259
f 1354/1300/1261 1350/1296/1257 1352/1298/1259
f 1352/1298/1259 1355/1301/1262 1354/1300/1261
f 1353/1299/1260 1355/1301/1262 1352/1298/1259
f 1354/1300/1261 1355/1301/1262 1356/1302/657
f 1353/1299/1260 1357/1303/1263 1355/1301/1262
f 1356/1302/657 1355/1301/1262 1359/1304/665
f 1356/1302/657 1359/1304/665 1358/1305/661
f 1355/1301/1262 1357/1303/1263 1359/1304/665
f 1359/1304/665 1357/1303/1263 1360/1306/666
f 1116/1069/1065 1361/1307/1264 1114/1067/1063
f 1114/1067/1063 1361/1307/1264 1113/1066/1062
f 1362/1308/1265 1116/1069/1065 1117/1070/1066
f 1116/1069/1065 1363/1309/1266 1361/1307/1264
f 1362/1308/1265 1363/1309/1266 1116/1069/1065
f 1363/1309/1266 1362/1308/1265 1364/1310/1267
f 1363/1309/1266 1365/1311/1268 1361/1307/1264
f 1113/1066/1062 1361/1307/1264 1181/1135/1121
f 1361/1307/1264 1365/1311/1268 1181/1135/1121
f 1364/1310/1267 1366/1312/1269 1363/1309/1266
f 1366/1312/1269 1365/1311/1268 1363/1309/1266
f 1367/1313/1270 1364/1310/1267 1362/1308/1265
f 1367/1313/1270 1366/1312/1269 1364/1310/1267
f 1362/1308/1265 1368/1314/1271 1367/1313/1270
f 1366/1312/1269 1369/1315/1272 1370/1316/1273
f 1365/1311/1268 1366/1312/1269 1370/1316/1273
f 1365/1311/1268 1370/1316/1273 1373/1317/1274
f 1370/1316/1273 1371/1318/1275 1373/1317/1274
f 1180/1134/1120 1365/1311/1268 1373/1317/1274
f 1371/1318/1275 1374/1319/1276 1373/1317/1274
f 1374/1319/1276 1180/1134/1120 1373/1317/1274
f 1375/1320/1277 1371/1318/1275 1372/1321/1278
f 1371/1318/1275 1375/1320/1277 1374/1319/1276
f 1365/1311/1268 1180/1134/1120 1181/1135/1121
f 1179/1133/1119 1180/1134/1120 1374/1319/1276
f 1375/1320/1277 1179/1133/1119 1374/1319/1276
f 1372/1321/1278 1377/1322/1279 1375/1320/1277
f 1379/1323/1280 1378/1324/1281 1376/1325/1282
f 1383/1326/1283 1382/1327/1284 1381/1328/1285
f 1384/1329/1286 1383/1326/1287 1385/1330/1288
f 1385/1330/1288 1380/1331/1289 1384/1329/1286
f 1383/1326/1287 1386/1332/1290 1385/1330/1288
f 1377/1322/1279 1385/1330/1288 1387/1333/1291
f 1377/1322/1279 1387/1333/1291 1375/1320/1277
f 1388/1334/1292 1375/1320/1277 1387/1333/1291
f 1375/1320/1277 1388/1334/1292 1179/1133/1119
f 1179/1133/1119 1388/1334/1292 1389/1335/1293
f 1390/1132/1294 1179/1133/1119 1389/1335/1293
f 1389/1335/1293 1391/1336/1295 1390/1132/1294
f 1390/1132/1294 1391/1336/1295 1392/1127/1296
f 1393/1337/1297 1395/1338/682 1394/1339/1298
f 1398/1340/1299 1393/1337/1297 1396/1341/1300
f 1398/1340/1299 1396/1341/1300 1397/1342/1301
f 1393/1337/1297 1398/1340/1299 1395/1338/682
f 1397/1342/1301 1399/1343/1302 1398/1340/1299
f 1400/1344/1303 1398/1340/1299 1399/1343/1302
f 1395/1338/682 1398/1340/1299 1400/1344/1303
f 1400/1344/1303 1399/1343/1302 1401/1345/674
f 1395/1338/682 1400/1344/1303 1402/1346/1304
f 1403/1347/685 1405/1348/1305 1404/1349/686
f 1405/1348/1305 1406/1350/1306 1404/1349/686
f 1407/1351/1307 1405/1348/1305 1403/1347/685
f 1406/1350/1306 1405/1348/1305 1408/1352/1308
f 1405/1348/1305 1407/1351/1307 1409/1353/1309
f 1409/1353/1309 1408/1352/1308 1405/1348/1305
f 1410/1354/1310 1409/1353/1309 1407/1351/1307
f 1408/1352/1308 1409/1353/1309 1411/1355/1311
f 1411/1355/1311 1412/1356/1312 1408/1352/1308
f 1416/1357/1313 1414/1358/1314 1415/1359/1315
f 1416/1357/1313 1415/1359/1315 1417/1360/1316
f 1417/1360/1316 1415/1359/1315 1413/1361/1011
f 1420/1362/1317 1418/1363/1318 1419/1364/1319
f 1421/1365/1320 1418/1363/1318 1420/1362/1317
f 1422/1366/1321 1424/1367/1322 1423/1368/1323
f 1425/1369/1324 1423/1368/1323 1424/1367/1322
f 1424/1367/1322 1426/1370/1325 1425/1369/1324
f 1427/1371/1326 1425/1369/1324 1426/1370/1325
f 1427/1371/1326 1428/1372/1327 1429/1099/1328
f 1428/1372/1327 1430/1100/1329 1429/1099/1328
f 1428/1372/1327 1427/1371/1326 1426/1370/1325
f 1430/1100/1329 1428/1372/1327 1431/1373/1330
f 1431/1373/1330 1432/1098/1020 1430/1100/1329
f 1426/1370/1325 1433/1374/1331 1428/1372/1327
f 1426/1370/1325 1434/1367/1332 1433/1374/1331
f 1428/1372/1327 1435/1375/1333 1431/1373/1330
f 1428/1372/1327 1433/1374/1331 1435/1375/1333
f 1436/1366/1334 1433/1374/1331 1434/1367/1332
f 1432/1098/1020 1431/1373/1330 1437/1376/1335
f 1435/1375/1333 1437/1376/1335 1431/1373/1330
f 1439/1377/1336 1438/1378/1337 1437/1376/1335
f 1437/1376/1335 1435/1375/1333 1439/1377/1336
f 1433/1374/1331 1440/1379/1338 1435/1375/1333
f 1440/1379/1338 1439/1377/1336 1435/1375/1333
f 1433/1374/1331 1436/1366/1334 1441/1380/1339
f 1441/1380/1339 1440/1379/1338 1433/1374/1331
f 1442/1381/1340 1441/1380/1339 1436/1366/1334
f 1443/1382/1341 1440/1379/1338 1441/1380/1339
f 1441/1380/1339 1285/1383/1342 1443/1382/1341
f 1284/1384/1343 1285/1383/1342 1441/1380/1339
f 1444/1385/1344 1441/1380/1339 1442/1381/1340
f 1284/1384/1343 1441/1380/1339 1444/1385/1344
f 1444/1385/1344 1442/1381/1340 1445/1386/1345
f 1284/1384/1343 1444/1385/1344 1446/1387/1346
f 1445/1386/1345 1447/1388/1347 1444/1385/1344
f 1446/1387/1346 1444/1385/1344 1447/1388/1347
f 1447/1388/1347 1445/1386/1345 1448/1362/1348
f 1322/1364/1349 1447/1388/1347 1448/1362/1348
f 1449/1389/1033 1446/1387/1346 1447/1388/1347
f 1449/1389/1033 1447/1388/1347 1322/1364/1349
f 1321/1390/1350 1446/1387/1346 1449/1389/1033
f 1450/1391/1351 1451/1392/1352 1452/1393/1353
f 1452/1393/1353 1451/1392/1352 1453/1394/1354
f 1453/1394/1354 1451/1392/1352 1454/1395/1355
f 1452/1393/1353 1453/1394/1354 1455/1396/1356
f 1457/1397/1357 1455/1396/1356 1456/1398/1042
f 1457/1397/1357 1452/1393/1353 1455/1396/1356
f 1457/1397/1357 1458/1399/740 1452/1393/1353
f 1452/1393/1353 1458/1399/740 1450/1391/1351
f 1463/1400/1358 1459/1401/1359 1462/1402/1360
f 1460/1403/1361 1464/1404/1044 1462/1402/1360
f 1463/1400/1358 1462/1402/1360 1464/1404/1044
f 1464/1404/1044 1465/1405/1362 1463/1400/1358
f 1466/1406/744 1463/1400/1358 1465/1405/1362
f 1461/1407/1363 1463/1400/1358 1466/1406/744
f 1468/1408/1364 1470/1409/1365 1467/1410/1366
f 1469/1411/1101 1467/1410/1366 1470/1409/1365
f 1468/1408/1364 1471/1412/1367 1470/1409/1365
f 1473/1413/53 1470/1409/1365 1471/1412/1367
f 1471/1412/1367 1472/1414/1368 1473/1413/53
f 1475/1415/1369 1470/1409/1365 1473/1413/53
f 1475/1415/1369 1473/1413/53 1474/1416/52
f 1470/1409/1365 1475/1415/1369 1476/1417/1370
f 1470/1409/1365 1476/1417/1370 1469/1411/1101
f 1477/1418/1371 1478/1419/1372 1479/1420/1373
f 1478/1419/1372 1480/1421/1374 1479/1420/1373
f 1479/1420/1373 1481/1422/1375 1477/1418/1371
f 1479/1420/1373 1482/1423/1103 1481/1422/1375
f 1480/1421/1374 1482/1423/1103 1479/1420/1373
f 1481/1422/1375 1482/1423/1103 1483/1424/1376
f 1480/1421/1374 1484/1425/1377 1482/1423/1103
f 1483/1424/1376 1485/1426/1378 1481/1422/1375
f 1481/1422/1375 1485/1426/1378 1477/1418/1371
f 1486/1427/1379 1483/1424/1376 1482/1423/1103
f 1484/1425/1377 1480/1421/1374 1488/1428/809
f 1487/1429/807 1480/1421/1374 1478/1419/1372
f 1491/1430/1380 1490/1431/1381 1489/1432/1382
f 1489/1432/1382 1492/1433/1383 1491/1430/1380
f 1492/1433/1383 1493/1434/1384 1491/1430/1380
f 1493/1434/1384 1492/1433/1383 1494/1435/1385
f 1495/1436/812 1493/1434/1384 1494/1435/1385
f 1493/1434/1384 1495/1436/812 1496/1437/814
f 1499/1438/93 1500/1439/1386 1497/1440/1387
f 1501/1441/1388 1498/1442/1389 1497/1440/1387
f 1501/1441/1388 1497/1440/1387 1500/1439/1386
f 1502/1443/1125 1498/1442/1389 1501/1441/1388
f 1501/1441/1388 1503/1444/1390 1502/1443/1125
f 1500/1439/1386 1499/1438/93 1504/1445/1391
f 1500/1439/1386 1505/1446/833 1501/1441/1388
f 1503/1444/1390 1501/1441/1388 1505/1446/833
f 1505/1446/833 1500/1439/1386 1506/1447/1392
f 1503/1444/1390 1505/1446/833 1507/1448/1393
f 1500/1439/1386 1508/1449/1394 1506/1447/1392
f 1508/1449/1394 1500/1439/1386 1504/1445/1391
f 1505/1446/833 1506/1447/1392 1509/1450/1395
f 1511/1451/1136 1512/1452/1396 1514/1453/1397
f 1513/1454/1138 1511/1451/1136 1514/1453/1397
f 1515/1455/1398 1514/1453/1397 1512/1452/1396
f 1512/1452/1396 1510/1456/1399 1515/1455/1398
f 1516/1457/1400 1513/1454/1138 1514/1453/1397
f 1514/1453/1397 1515/1455/1398 1516/1457/1400
f 1517/1458/1401 1515/1455/1398 1510/1456/1399
f 1517/1458/1401 1516/1457/1400 1515/1455/1398
f 1513/1454/1138 1516/1457/1400 1518/1459/1402
f 1510/1456/1399 1519/1460/102 1517/1458/1401
f 1518/1459/1402 1520/1461/1403 1513/1454/1138
f 1516/1457/1400 1521/1462/1404 1518/1459/1402
f 1521/1462/1404 1520/1461/1403 1518/1459/1402
f 1516/1457/1400 1517/1458/1401 1522/1463/1405
f 1521/1462/1404 1516/1457/1400 1522/1463/1405
f 1519/1460/102 1522/1463/1405 1517/1458/1401
f 1520/1461/1403 1521/1462/1404 1523/1464/843
f 1524/1465/99 1521/1462/1404 1522/1463/1405
f 1524/1465/99 1523/1464/843 1521/1462/1404
f 1519/1460/102 1524/1465/99 1522/1463/1405
f 1527/1466/1406 1528/1467/1407 1525/1468/123
f 1529/1469/1408 1526/1470/1152 1528/1467/1407
f 1528/1467/1407 1527/1466/1406 1531/1471/1409
f 1531/1471/1409 1529/1469/1408 1528/1467/1407
f 1529/1469/1408 1532/1472/1410 1530/1473/1154
f 1531/1471/1409 1532/1472/1410 1529/1469/1408
f 1532/1472/1410 1533/1474/1155 1530/1473/1154
f 1532/1472/1410 1531/1471/1409 1534/1475/849
f 1534/1475/849 1533/1474/1155 1532/1472/1410
f 1535/1476/127 1534/1475/849 1531/1471/1409
f 1536/1477/1411 1537/1478/1412 1538/1479/1413
f 1537/1478/1412 1539/1480/131 1538/1479/1413
f 1536/1477/1411 1540/1481/1414 1537/1478/1412
f 1541/1482/1415 1540/1481/1414 1536/1477/1411
f 1539/1480/131 1537/1478/1412 1542/1483/129
f 1543/1484/1162 1540/1481/1414 1541/1482/1415
f 1542/1483/129 1537/1478/1412 1544/1485/133
f 1540/1481/1414 1545/1486/1416 1537/1478/1412
f 1544/1485/133 1537/1478/1412 1545/1486/1416
f 1546/1487/1417 1540/1481/1414 1543/1484/1162
f 1545/1486/1416 1540/1481/1414 1546/1487/1417
f 1547/1488/1418 1548/1489/1419 1549/1490/1420
f 1550/1491/1421 1549/1490/1420 1548/1489/1419
f 1549/1490/1420 1551/1492/1422 1547/1488/1418
f 1549/1490/1420 1550/1491/1421 1552/1493/1423
f 1549/1490/1420 1552/1493/1423 1553/1494/1167
f 1554/1495/1424 1551/1492/1422 1549/1490/1420
f 1553/1494/1167 1555/1496/1425 1549/1490/1420
f 1555/1496/1425 1554/1495/1424 1549/1490/1420
f 1554/1495/1424 1555/1496/1425 1556/1497/1426
f 1554/1495/1424 1556/1497/1426 1558/1498/1427
f 1558/1498/1427 1551/1492/1422 1554/1495/1424
f 1551/1492/1422 1558/1498/1427 1557/1499/1428
f 1562/1500/1429 1559/1501/1430 1561/1502/153
f 1561/1502/153 1560/1503/1431 1565/1504/1432
f 1564/1505/860 1565/1504/1432 1560/1503/1431
f 1565/1504/1432 1562/1500/1429 1561/1502/153
f 1564/1505/860 1563/1506/1175 1566/1507/1433
f 1565/1504/1432 1564/1505/860 1566/1507/1433
f 1565/1504/1432 1566/1507/1433 1567/1508/1434
f 1567/1508/1434 1568/1509/1435 1565/1504/1432
f 1565/1504/1432 1569/1510/1436 1562/1500/1429
f 1569/1510/1436 1565/1504/1432 1568/1509/1435
f 1569/1510/1436 1559/1501/1430 1562/1500/1429
f 1570/1511/1437 1571/1512/1438 1572/1513/1439
f 1573/1514/159 1570/1511/1437 1572/1513/1439
f 1570/1511/1437 1574/1515/1440 1571/1512/1438
f 1573/1514/159 1575/1516/1441 1570/1511/1437
f 1575/1516/1441 1574/1515/1440 1570/1511/1437
f 1574/1515/1440 1576/1517/1442 1571/1512/1438
f 1577/1518/156 1575/1516/1441 1573/1514/159
f 1575/1516/1441 1577/1518/156 1578/1519/155
f 1579/1520/1443 1574/1515/1440 1575/1516/1441
f 1575/1516/1441 1578/1519/155 1579/1520/1443
f 1580/1521/1444 1576/1517/1442 1574/1515/1440
f 1580/1521/1444 1574/1515/1440 1579/1520/1443
f 1581/1522/154 1579/1520/1443 1578/1519/155
f 1579/1520/1443 1581/1522/154 1582/1523/863
f 1587/1524/1445 1584/1525/1446 1585/1526/1447
f 1587/1524/1445 1585/1526/1447 1586/1527/1448
f 1587/1524/1445 1588/1528/1449 1584/1525/1446
f 1586/1527/1448 1589/1529/1450 1587/1524/1445
f 1590/1530/1451 1588/1528/1449 1587/1524/1445
f 1589/1529/1450 1590/1530/1451 1587/1524/1445
f 1590/1530/1451 1591/1531/1452 1588/1528/1449
f 1583/1532/1453 1592/1533/877 1589/1529/1450
f 1592/1533/877 1590/1530/1451 1589/1529/1450
f 1590/1530/1451 1593/1534/1454 1591/1531/1452
f 1592/1533/877 1593/1534/1454 1590/1530/1451
f 1592/1533/877 1594/1535/1455 1593/1534/1454
f 1600/1536/181 1601/1537/1456 1598/1538/1457
f 1604/1539/1458 1600/1536/181 1599/1540/1459
f 1605/1541/887 1604/1539/1458 1603/1542/1460
f 1597/1543/1197 1605/1541/887 1602/1544/1461
f 1606/1545/1462 1600/1536/181 1604/1539/1458
f 1606/1545/1462 1604/1539/1458 1605/1541/887
f 1605/1541/887 1597/1543/1197 1606/1545/1462
f 1600/1536/181 1606/1545/1462 1601/1537/1456
f 1606/1545/1462 1597/1543/1197 1607/1546/1463
f 1601/1537/1456 1606/1545/1462 1607/1546/1463
f 1596/1547/1464 1601/1537/1456 1607/1546/1463
f 1607/1546/1463 1597/1543/1197 1595/1548/1465
f 1611/1549/1203 1609/1550/891 1608/1551/1466
f 1610/1552/1467 1611/1549/1203 1608/1551/1466
f 1613/1553/893 1614/1554/1468 1612/1555/892
f 1611/1549/1203 1615/1556/1469 1613/1553/893
f 1615/1556/1469 1614/1554/1468 1613/1553/893
f 1611/1549/1203 1610/1552/1467 1616/1557/1470
f 1616/1557/1470 1615/1556/1469 1611/1549/1203
f 1616/1557/1470 1618/1558/1471 1615/1556/1469
f 1617/1559/1472 1618/1558/1471 1616/1557/1470
f 1615/1556/1469 1619/1560/1473 1614/1554/1468
f 1618/1558/1471 1619/1560/1473 1615/1556/1469
f 1620/1561/1474 1614/1554/1468 1619/1560/1473
f 1621/1562/1475 1620/1561/1474 1619/1560/1473
f 1622/1563/1476 1621/1562/1475 1619/1560/1473
f 1625/1564/1477 1623/1565/901 1624/1566/1478
f 1623/1565/901 1625/1564/1477 1626/1567/1479
f 1627/1568/1480 1623/1565/901 1626/1567/1479
f 1627/1568/1480 1626/1567/1479 1628/1569/1481
f 1629/1570/1482 1627/1568/1480 1628/1569/1481
f 1631/1571/1483 1629/1570/902 1630/1572/1484
f 1633/1573/1485 1631/1571/907 1632/1574/1486
f 1634/1575/908 1635/1576/1487 1633/1573/1488
f 1636/1577/1489 1635/1576/1487 1634/1575/908
f 1636/1577/1489 1637/1578/1490 1635/1576/1487
f 1638/1579/1491 1637/1578/1490 1636/1577/1489
f 1638/1579/1491 1639/1580/1492 1637/1578/1490
f 1638/1579/1491 1640/1581/1493 1639/1580/1492
f 1641/1582/1494 1640/1581/1493 1638/1579/1491
f 1641/1582/1494 1638/1579/1491 1642/1577/1495
f 1643/1583/204 1641/1582/1494 1642/1577/1495
f 1643/1583/204 1642/1577/1495 1644/1575/1496
f 1645/1584/1497 1644/1575/1498 1646/1574/1499
f 1646/1574/1499 1647/1585/1500 1645/1584/1497
f 1646/1574/1499 1648/1572/1501 1647/1585/1500
f 1649/1586/1502 1647/1585/1500 1648/1572/1501
f 1650/1587/1503 1649/1586/1502 1648/1572/1501
f 1650/1587/1503 1648/1572/1501 1651/1569/1504
f 1651/1569/1505 1653/1567/1506 1652/1588/1207
f 1654/1589/1507 1652/1588/1207 1653/1567/1506
f 1654/1589/1507 1653/1567/1506 1655/1590/1508
f 1655/1590/1508 1653/1567/1506 1656/1564/1509
f 1655/1590/1508 1656/1564/1509 1657/1591/1510
f 1656/1564/1509 1658/1566/1511 1657/1591/1510
f 1659/1592/1512 1660/1593/1513 1661/1594/1514
f 1660/1593/1513 1662/1595/1515 1661/1594/1514
f 1661/1594/1514 1663/1596/1516 1659/1592/1512
f 1661/1594/1514 1664/1597/1517 1663/1596/1516
f 1662/1595/1515 1664/1597/1517 1661/1594/1514
f 1663/1596/1516 1665/1598/1518 1659/1592/1512
f 1662/1595/1515 1666/1599/1519 1664/1597/1517
f 1667/1600/1520 1665/1598/1518 1663/1596/1516
f 1663/1596/1516 1664/1597/1517 1667/1600/1520
f 1664/1597/1517 1668/1601/1521 1667/1600/1520
f 1670/1602/1522 1666/1599/1519 1662/1595/1515
f 1669/1603/1523 1662/1595/1515 1660/1593/1513
f 1671/1604/242 1672/1605/1524 1674/1606/1525
f 1673/1607/1526 1671/1604/242 1674/1606/1525
f 1672/1605/1524 1675/1608/1527 1674/1606/1525
f 1674/1606/1525 1675/1608/1527 1676/1609/1528
f 1674/1606/1525 1676/1609/1528 1677/1610/1529
f 1678/1611/1530 1674/1606/1525 1677/1610/1529
f 1679/1612/1531 1674/1606/1525 1678/1611/1530
f 1673/1607/1526 1674/1606/1525 1679/1612/1531
f 1683/1613/1532 1685/1614/941 1687/1615/1533
f 1688/1616/1534 1687/1615/1533 1685/1614/941
f 1684/1617/1535 1690/1618/1536 1688/1616/1534
f 1684/1617/1535 1689/1619/1537 1690/1618/1536
f 1691/1620/1538 1687/1615/1533 1688/1616/1534
f 1687/1615/1533 1691/1620/1538 1686/1621/1539
f 1688/1616/1534 1690/1618/1536 1691/1620/1538
f 1692/1622/1540 1689/1619/1537 1680/1623/1541
f 1689/1619/1537 1692/1622/1540 1690/1618/1536
f 1691/1620/1538 1690/1618/1536 1692/1622/1540
f 1692/1622/1540 1680/1623/1541 1681/1624/1542
f 1693/1625/1543 1686/1621/1539 1691/1620/1538
f 1693/1625/1543 1691/1620/1538 1692/1622/1540
f 1692/1622/1540 1681/1624/1542 1693/1625/1543
f 1686/1621/1539 1693/1625/1543 1682/1626/1544
f 1694/1627/1545 1695/1628/266 1696/1629/1546
f 1695/1628/266 1697/1630/1547 1696/1629/1546
f 1698/1631/1548 1694/1627/1545 1696/1629/1546
f 1696/1629/1546 1699/1632/1549 1698/1631/1548
f 1697/1630/1547 1699/1632/1549 1696/1629/1546
f 1700/1633/1550 1694/1627/1545 1698/1631/1548
f 1699/1632/1549 1697/1630/1547 1701/1634/1551
f 1699/1632/1549 1702/1635/1234 1698/1631/1548
f 1702/1635/1234 1699/1632/1549 1703/1636/1238
f 1704/1637/1552 1697/1630/1547 1695/1628/266
f 1704/1637/1552 1705/1638/1553 1697/1630/1547
f 1697/1630/1547 1705/1638/1553 1701/1634/1551
f 1710/1639/1554 1707/1640/276 1706/1641/1555
f 1706/1641/1555 1709/1642/281 1710/1639/1554
f 1710/1639/1556 1714/1643/1557 1715/1644/1558
f 1711/1645/1559 1710/1639/1556 1715/1644/1558
f 1716/1646/1560 1714/1643/1557 1713/1647/1561
f 1715/1644/1558 1714/1643/1557 1716/1646/1560
f 1711/1645/1559 1718/1648/1562 1708/1649/1563
f 1718/1648/1562 1711/1645/1559 1715/1644/1558
f 1716/1646/1560 1719/1650/1564 1715/1644/1558
f 1715/1644/1558 1719/1650/1564 1718/1648/1562
f 1719/1650/1564 1716/1646/1560 1717/1651/1565
f 1719/1650/1564 1712/1652/1566 1718/1648/1562
f 1717/1651/1565 1720/1653/1567 1719/1650/1564
f 1712/1652/1566 1719/1650/1564 1720/1653/1567
f 1725/1654/1568 1721/1655/1569 1724/1656/1570
f 1726/1657/1571 1724/1656/1570 1723/1658/983
f 1727/1659/1572 1725/1654/1568 1724/1656/1570
f 1727/1659/1572 1724/1656/1570 1726/1657/1571
f 1728/1660/291 1721/1655/1569 1725/1654/1568
f 1727/1659/1572 1728/1660/291 1725/1654/1568
f 1729/1661/1573 1726/1657/1571 1723/1658/983
f 1729/1661/1573 1727/1659/1572 1726/1657/1571
f 1723/1658/983 1722/1662/981 1729/1661/1573
f 1730/1663/1574 1728/1660/291 1727/1659/1572
f 1728/1660/291 1730/1663/1574 1731/1664/1575
f 1727/1659/1572 1729/1661/1573 1732/1665/1576
f 1730/1663/1574 1727/1659/1572 1732/1665/1576
f 1730/1663/1574 1733/1666/1577 1731/1664/1575
f 1730/1663/1574 1732/1665/1576 1733/1666/1577
f 1733/1666/1577 1732/1665/1576 1734/1667/1578
f 1732/1665/1576 1729/1661/1573 1734/1667/1578
f 1722/1662/981 1734/1667/1578 1729/1661/1573
f 1735/1668/1579 1736/1669/1580 1737/1670/1581
f 1737/1670/1581 1738/1671/1582 1735/1668/1579
f 1736/1669/1580 1735/1668/1579 1739/1672/1583
f 1739/1672/1583 1735/1668/1579 1740/1673/1584
f 1735/1668/1579 1738/1671/1582 1740/1673/1584
f 1739/1672/1583 1740/1673/1584 1741/1674/1585
f 1740/1673/1584 1738/1671/1582 1742/1675/1586
f 1740/1673/1584 1742/1675/1586 1743/1676/1587
f 1741/1674/1585 1740/1673/1584 1743/1676/1587
f 1738/1671/1582 1744/1677/1588 1742/1675/1586
f 1738/1671/1582 1737/1670/1581 1745/1678/1589
f 1744/1677/1588 1738/1671/1582 1745/1678/1589
f 1743/1676/1587 1742/1675/1586 1746/1679/1590
f 1748/1680/1591 1749/1681/1592 1747/1682/1593
f 1749/1681/1592 1748/1680/1591 1750/1683/1594
f 1749/1681/1592 1750/1683/1594 1751/1684/1595
f 1751/1684/1595 1750/1683/1594 1752/1685/1596
f 1753/1686/1597 1751/1684/1595 1752/1685/1596
f 1752/1685/1596 1754/1687/1598 1753/1686/1597
f 1750/1683/1594 1756/1688/1599 1752/1685/1596
f 1756/1688/1599 1750/1683/1594 1757/1680/1600
f 1758/1689/1601 1755/1690/1602 1754/1687/1598
f 1755/1690/1602 1758/1689/1601 1759/1691/1603
f 1752/1685/1596 1760/1692/1604 1754/1687/1598
f 1760/1692/1604 1758/1689/1601 1754/1687/1598
f 1760/1692/1604 1752/1685/1596 1761/1693/1605
f 1761/1693/1605 1752/1685/1596 1756/1688/1599
f 1760/1692/1604 1762/1694/1606 1758/1689/1601
f 1763/1695/1607 1759/1691/1603 1758/1689/1601
f 1758/1689/1601 1762/1694/1606 1763/1695/1607
f 1759/1691/1603 1763/1695/1607 1764/1696/1608
f 1765/1697/1609 1764/1696/1608 1763/1695/1607
f 1763/1695/1607 1766/1698/1610 1765/1697/1609
f 1762/1694/1606 1766/1698/1610 1763/1695/1607
f 1767/1699/1611 1765/1697/1609 1766/1698/1610
f 1767/1699/1611 1766/1698/1610 1768/1700/1612
f 1766/1698/1610 1769/1701/1613 1768/1700/1612
f 1770/1702/1614 1762/1694/1606 1760/1692/1604
f 1766/1698/1610 1762/1694/1606 1770/1702/1614
f 1761/1693/1605 1770/1702/1614 1760/1692/1604
f 1771/1703/1615 1769/1701/1613 1766/1698/1610
f 1770/1702/1614 1771/1703/1615 1766/1698/1610
f 1771/1703/1615 1772/1437/1616 1769/1701/1613
f 1773/1434/1617 1772/1437/1616 1771/1703/1615
f 1774/1704/1618 1771/1703/1615 1770/1702/1614
f 1774/1704/1618 1773/1434/1617 1771/1703/1615
f 1761/1693/1605 1774/1704/1618 1770/1702/1614
f 1775/1430/1619 1773/1434/1617 1774/1704/1618
f 1776/1431/1620 1775/1430/1619 1774/1704/1618
f 1776/1431/1620 1774/1704/1618 1777/1705/1621
f 1761/1693/1605 1777/1705/1621 1774/1704/1618
f 1776/1431/1620 1777/1705/1621 1778/1706/1622
f 1777/1705/1621 1779/1707/1623 1778/1706/1622
f 1777/1705/1621 1761/1693/1605 1780/1708/1624
f 1780/1708/1624 1779/1707/1623 1777/1705/1621
f 1780/1708/1624 1761/1693/1605 1756/1688/1599
f 1781/1709/1625 1779/1707/1623 1780/1708/1624
f 1780/1708/1624 1756/1688/1599 1781/1709/1625
f 1782/1710/1626 1779/1707/1623 1781/1709/1625
f 1782/1710/1626 1781/1709/1625 1783/1711/1627
f 1756/1688/1599 1783/1711/1627 1781/1709/1625
f 1784/1712/1628 1782/1710/1626 1783/1711/1627
f 1784/1712/1628 1783/1711/1627 1785/1713/1629
f 1756/1688/1599 1785/1713/1629 1783/1711/1627
f 1786/1714/1630 1784/1712/1628 1785/1713/1629
f 1786/1714/1630 1785/1713/1629 1787/1715/1631
f 1785/1713/1629 1756/1688/1599 1788/1716/1632
f 1788/1716/1632 1787/1715/1631 1785/1713/1629
f 1756/1688/1599 1757/1680/1600 1788/1716/1632
f 1787/1715/1631 1788/1716/1632 1789/1717/1633
f 1790/1718/1634 1788/1716/1632 1757/1680/1600
f 1789/1717/1633 1788/1716/1632 1790/1718/1634
f 1791/1719/1635 1792/1720/1636 1793/1721/1637
f 1794/1722/316 1791/1719/1635 1793/1721/1637
f 1791/1719/1635 1795/1723/1638 1792/1720/1636
f 1794/1722/316 1796/1724/1639 1791/1719/1635
f 1796/1724/1639 1795/1723/1638 1791/1719/1635
f 1795/1723/1638 1797/1725/1640 1792/1720/1636
f 1798/1726/1641 1796/1724/1639 1794/1722/316
f 1796/1724/1639 1798/1726/1641 1799/1727/1642
f 1796/1724/1639 1800/1728/1643 1795/1723/1638
f 1796/1724/1639 1799/1727/1642 1800/1728/1643
f 1801/1729/1301 1797/1725/1640 1795/1723/1638
f 1800/1728/1643 1801/1729/1301 1795/1723/1638
f 1802/1730/310 1800/1728/1643 1799/1727/1642
f 1800/1728/1643 1802/1730/310 1803/1731/1644
f 1806/1732/1645 1807/1733/1004 1805/1734/1646
f 1804/1735/1307 1808/1736/1647 1806/1732/1645
f 1808/1736/1647 1809/1737/1648 1806/1732/1645
f 1809/1737/1648 1811/1738/1649 1806/1732/1645
f 1810/1739/1650 1811/1738/1649 1809/1737/1648
f 1806/1732/1645 1811/1738/1649 1812/1740/1651
f 1807/1733/1004 1806/1732/1645 1812/1740/1651
f 1811/1738/1649 1810/1739/1650 1813/1741/1652
f 1811/1738/1649 1813/1741/1652 1812/1740/1651
f 1813/1741/1652 1810/1739/1650 1814/1742/1006
f 1813/1741/1652 1815/1743/1653 1812/1740/1651
f 1815/1743/1653 1813/1741/1652 1814/1742/1006
f 1816/1744/1654 1817/1745/1655 1818/1746/1656
f 1817/1745/1655 1819/1747/1657 1818/1746/1656
f 1816/1744/1654 1818/1746/1656 1820/1748/1658
f 1818/1746/1656 1821/1749/1659 1820/1748/1658
f 1819/1747/1657 1821/1749/1659 1818/1746/1656
f 1816/1744/1654 1820/1748/1658 1822/1750/1660
f 1821/1749/1659 1819/1747/1657 1823/1751/1011
f 1824/1752/1661 1822/1750/1660 1820/1748/1658
f 1820/1748/1658 1821/1749/1659 1824/1752/1661
f 1824/1752/1661 1821/1749/1659 1825/1753/1662
f 1826/1754/1663 1819/1747/1657 1817/1745/1655
f 1828/1755/1664 1827/1756/1351 1830/1757/1665
f 1831/1758/1666 1829/1759/1354 1830/1757/1665
f 1831/1758/1666 1830/1757/1665 1832/1760/1667
f 1829/1759/1354 1831/1758/1666 1833/1761/1668
f 1832/1760/1667 1830/1757/1665 1834/1762/1669
f 1834/1762/1669 1830/1757/1665 1827/1756/1351
f 1835/1763/1670 1831/1758/1666 1832/1760/1667
f 1832/1760/1667 1834/1762/1669 1835/1763/1670
f 1835/1763/1670 1836/1764/1671 1831/1758/1666
f 1836/1764/1671 1835/1763/1670 1837/1765/1672
f 1835/1763/1670 1834/1762/1669 1838/1766/1673
f 1838/1766/1673 1837/1765/1672 1835/1763/1670
f 1827/1756/1351 1839/1767/1674 1834/1762/1669
f 1838/1766/1673 1834/1762/1669 1839/1767/1674
f 1840/1768/1675 1841/1769/1676 1842/1770/1677
f 1840/1768/1675 1842/1770/1677 1843/1771/351
f 1840/1768/1675 1844/1772/1678 1841/1769/1676
f 1845/1773/1679 1840/1768/1675 1843/1771/351
f 1844/1772/1678 1840/1768/1675 1845/1773/1679
f 1846/1774/1680 1841/1769/1676 1844/1772/1678
f 1844/1772/1678 1845/1773/1679 1848/1775/1681
f 1848/1775/1681 1847/1776/1682 1844/1772/1678
f 1848/1775/1681 1845/1773/1679 1849/1777/1683
f 1845/1773/1679 1850/1778/1684 1849/1777/1683
f 1850/1778/1684 1845/1773/1679 1843/1771/351
f 1848/1775/1681 1849/1777/1683 1851/1779/1046
f 1854/1780/1685 1855/1781/1686 1856/1782/1687
f 1857/1783/1688 1855/1781/1686 1854/1780/1685
f 1858/1784/1689 1857/1783/1688 1854/1780/1685
f 1855/1781/1686 1857/1783/1688 1859/1785/1690
f 1857/1783/1688 1860/1786/1691 1859/1785/1690
f 1862/1787/1076 1861/1788/1692 1863/1789/1693
f 1864/1790/1694 1865/1791/1695 1863/1789/1696
f 1866/1792/1697 1858/1784/1689 1867/1793/1698
f 1866/1792/1697 1857/1783/1688 1858/1784/1689
f 1857/1783/1688 1866/1792/1697 1868/1794/1699
f 1857/1783/1688 1868/1794/1699 1860/1786/1691
f 1860/1786/1691 1868/1794/1699 1869/1795/1700
f 1868/1794/1699 1866/1792/1697 1870/1796/1701
f 1870/1796/1701 1869/1795/1700 1868/1794/1699
f 1866/1792/1697 1871/1793/1702 1870/1796/1701
f 1870/1796/1701 1872/1797/1703 1869/1795/1700
f 1873/1798/1704 1869/1795/1700 1872/1797/1703
f 1872/1797/1703 1870/1796/1701 1874/1799/1705
f 1874/1799/1705 1875/1800/22 1872/1797/1703
f 1877/1801/1706 1878/1802/419 1879/1803/1707
f 1880/1804/1708 1877/1801/1706 1879/1803/1707
f 1877/1801/1706 1880/1804/1708 1876/1805/30
f 1880/1804/1708 1879/1803/1707 1881/1806/1709
f 1883/1807/1710 1880/1804/1708 1881/1806/1709
f 1883/1807/1710 1882/1808/1711 1880/1804/1708
f 1881/1806/1709 1884/1809/1712 1883/1807/1710
f 1883/1807/1710 1884/1809/1712 1885/1810/1713
f 1884/1809/1712 1886/1811/1714 1885/1810/1713
f 1884/1809/1712 1887/1812/1715 1886/1811/1714
f 1890/1813/1716 1888/1814/1717 1889/1815/1718
f 1890/1813/1716 1891/1816/1719 1888/1814/1717
f 1891/1816/1719 1890/1813/1716 1892/1817/1720
f 1892/1817/1720 1890/1813/1716 1893/1818/1721
f 1890/1813/1716 1894/1819/1722 1893/1818/1721
f 1894/1819/1722 1890/1813/1716 1895/1820/1723
f 1889/1815/1718 1895/1820/1723 1890/1813/1716
f 1899/1821/434 1898/1822/1724 1897/1823/1725
f 1896/1824/61 1898/1822/1724 1900/1825/1726
f 1900/1825/1726 1898/1822/1724 1899/1821/434
f 1900/1825/1726 1899/1821/434 1901/1826/1727
f 1902/1827/436 1896/1824/61 1900/1825/1726
f 1901/1826/1727 1903/1828/1728 1900/1825/1726
f 1902/1827/436 1900/1825/1726 1903/1828/1728
f 1907/1829/1729 1908/1830/1389 1909/1831/1730
f 1911/1832/1124 1908/1830/1389 1910/1833/1731
f 1908/1830/1389 1912/1834/1732 1909/1831/1730
f 1908/1830/1389 1911/1832/1124 1913/1835/456
f 1912/1834/1732 1908/1830/1389 1913/1835/456
f 1913/1835/456 1911/1832/1124 1914/1836/1130
f 1913/1835/456 1914/1836/1130 1915/1837/1733
f 1916/1838/98 1912/1834/1732 1913/1835/456
f 1917/1839/459 1918/1840/1734 1919/1841/1131
f 1920/1842/457 1917/1839/459 1919/1841/1131
f 1918/1840/1734 1921/1843/1134 1919/1841/1131
f 1921/1843/1134 1918/1840/1734 1922/1844/1399
f 1921/1843/1134 1922/1844/1399 1923/1845/1735
f 1922/1844/1399 1925/1846/1736 1924/1847/1737
f 1918/1840/1734 1925/1846/1736 1922/1844/1399
f 1918/1840/1734 1926/1848/1738 1925/1846/1736
f 1927/1849/1739 1930/1850/1740 1928/1851/1741
f 1928/1851/1741 1930/1850/1740 1929/1852/1742
f 1929/1852/1742 1930/1850/1740 1931/1853/1743
f 1931/1853/1743 1930/1850/1740 1932/1854/1744
f 1932/1854/1744 1930/1850/1740 1933/1855/119
f 1933/1855/119 1930/1850/1740 1934/1856/1745
f 1934/1856/1745 1930/1850/1740 1927/1849/1739
f 1938/1857/1746 1936/1858/1747 1937/1859/1748
f 1937/1859/1748 1939/1860/1749 1938/1857/1746
f 1939/1860/1749 1937/1859/1748 1935/1861/1750
f 1935/1861/1750 1940/1862/123 1939/1860/1749
f 1939/1860/1749 1940/1862/123 1942/1863/1751
f 1941/1864/1752 1939/1860/1749 1942/1863/1751
f 1942/1863/1751 1940/1862/123 1943/1865/1753
f 1947/1866/1754 1949/1867/1755 1946/1868/1756
f 1948/1869/1417 1949/1867/1755 1947/1866/1754
f 1946/1868/1756 1950/1870/1757 1945/1871/1758
f 1946/1868/1756 1949/1867/1755 1950/1870/1757
f 1945/1871/1758 1950/1870/1757 1951/1872/1759
f 1951/1872/1759 1950/1870/1757 1952/1873/1760
f 1953/1874/494 1952/1873/1760 1950/1870/1757
f 1954/1875/1761 1953/1874/494 1950/1870/1757
f 1950/1870/1757 1949/1867/1755 1954/1875/1761
f 1954/1875/1761 1949/1867/1755 1955/1876/1762
f 1955/1876/1762 1949/1867/1755 1957/1877/1763
f 1957/1877/1763 1956/1878/1764 1955/1876/1762
f 1956/1878/1764 1957/1877/1763 1958/1879/1765
f 1957/1877/1763 1949/1867/1755 1959/1880/1766
f 1959/1880/1766 1958/1879/1765 1957/1877/1763
f 1959/1880/1766 1949/1867/1755 1948/1869/1417
f 1959/1880/1766 1948/1869/1417 1944/1881/1162
f 1960/1882/1159 1958/1879/1765 1959/1880/1766
f 1944/1881/1162 1960/1882/1159 1959/1880/1766
f 1961/1883/1767 1964/1884/1768 1962/1885/1769
f 1964/1884/1768 1961/1883/1767 1963/1886/1770
f 1963/1886/1770 1965/1887/504 1964/1884/1768
f 1964/1884/1768 1965/1887/504 1966/1888/1771
f 1966/1888/1771 1967/1889/1772 1964/1884/1768
f 1964/1884/1768 1967/1889/1772 1968/1890/1773
f 1962/1885/1769 1964/1884/1768 1968/1890/1773
f 1967/1889/1772 1969/1891/1774 1968/1890/1773
f 1971/1892/1775 1969/1891/1774 1970/1893/1776
f 1969/1891/1774 1971/1892/1775 1968/1890/1773
f 1970/1893/1776 1972/1894/138 1971/1892/1775
f 1973/1895/1777 1962/1885/1769 1968/1890/1773
f 1974/1896/1778 1973/1895/1777 1968/1890/1773
f 1971/1892/1775 1975/1897/1779 1968/1890/1773
f 1975/1897/1779 1971/1892/1775 1972/1894/138
f 1975/1897/1779 1974/1896/1778 1968/1890/1773
f 1972/1894/138 1976/1898/1780 1975/1897/1779
f 1974/1896/1778 1975/1897/1779 1977/1899/1781
f 1975/1897/1779 1976/1898/1780 1977/1899/1781
f 1978/1900/1172 1980/1901/1782 1979/1902/1783
f 1980/1901/1782 1978/1900/1172 1981/1903/516
f 1981/1903/516 1982/1904/1784 1980/1901/1782
f 1982/1904/1784 1983/1905/1785 1980/1901/1782
f 1980/1901/1782 1983/1905/1785 1984/1906/1786
f 1986/1907/1787 1985/1908/1788 1979/1902/1783
f 1980/1901/1782 1986/1907/1787 1979/1902/1783
f 1986/1907/1787 1980/1901/1782 1984/1906/1786
f 1987/1909/1180 1990/1910/1789 1988/1911/1790
f 1990/1910/1789 1989/1912/159 1988/1911/1790
f 1987/1909/1180 1991/1913/532 1990/1910/1789
f 1989/1912/159 1990/1910/1789 1992/1914/161
f 1992/1914/161 1990/1910/1789 1993/1915/1791
f 1993/1915/1791 1990/1910/1789 1991/1913/532
f 1995/1916/1792 1994/1917/1793 1996/1918/1794
f 1996/1918/1794 1998/1919/1446 1995/1916/1792
f 1998/1919/1446 1996/1918/1794 1997/1920/167
f 1997/1920/167 1999/1921/1795 1998/1919/1446
f 1998/1919/1446 2000/1922/1189 1995/1916/1792
f 2000/1922/1189 1998/1919/1446 2001/1923/1449
f 2001/1923/1449 2002/1924/1796 2000/1922/1189
f 2007/1925/1797 2004/1926/1798 2003/1927/548
f 2004/1926/1798 2007/1925/1797 2006/1928/1799
f 2003/1927/548 2005/1929/550 2007/1925/1797
f 2005/1929/550 2008/1930/1800 2007/1925/1797
f 2009/1931/1801 2006/1928/1799 2007/1925/1797
f 2010/1932/1802 2007/1925/1797 2008/1930/1800
f 2009/1931/1801 2007/1925/1797 2010/1932/1802
f 2008/1930/1800 2011/1933/1803 2010/1932/1802
f 2012/1934/1456 2010/1932/1802 2011/1933/1803
f 2009/1931/1801 2010/1932/1802 2013/1935/1804
f 2015/1936/1805 2016/1937/1201 2014/1938/1806
f 2017/1939/1807 2016/1937/1201 2015/1936/1805
f 2018/1940/1808 2017/1939/1807 2019/1941/1809
f 2015/1936/1805 2019/1941/1809 2017/1939/1807
f 2020/1942/183 2019/1941/1809 2021/1943/1810
f 2019/1941/1809 2022/1944/190 2021/1943/1810
f 2015/1936/1805 2022/1944/190 2019/1941/1809
f 2022/1944/190 2015/1936/1805 2023/1945/193
f 2024/1946/1811 2025/1947/1812 2026/1948/1813
f 2027/1949/1814 2025/1947/1812 2024/1946/1811
f 2024/1946/1811 2028/1791/1815 2027/1949/1814
f 2024/1946/1811 2029/1950/1816 2028/1791/1815
f 2030/1789/1817 2028/1791/1815 2029/1950/1816
f 2030/1789/1817 2029/1950/1816 2031/1951/1818
f 2032/1787/1819 2030/1789/1817 2031/1951/1818
f 2032/1787/1819 2031/1951/1818 2033/1952/1820
f 2035/1782/582 2034/1953/1821 2036/1780/1822
f 2036/1780/1822 2034/1953/1821 2037/1784/1823
f 2038/1954/1512 2039/1955/1824 2041/1956/1825
f 2040/1957/1826 2041/1956/1825 2039/1955/1824
f 2041/1956/1825 2040/1957/1826 2042/1958/1827
f 2043/1959/1828 2038/1954/1512 2041/1956/1825
f 2042/1958/1827 2044/1960/589 2041/1956/1825
f 2044/1960/589 2043/1959/1828 2041/1956/1825
f 2045/1961/1829 2047/1962/1830 2046/1963/1831
f 2046/1963/1831 2047/1962/1830 2048/1964/600
f 2047/1962/1830 2045/1961/1829 2049/1965/1832
f 2047/1962/1830 2049/1965/1832 2050/1966/1833
f 2047/1962/1830 2052/1967/1834 2048/1964/600
f 2052/1967/1834 2053/1968/1835 2051/1969/1836
f 2052/1967/1834 2047/1962/1830 2053/1968/1835
f 2050/1966/1833 2053/1968/1835 2047/1962/1830
f 2054/1970/1837 2055/1971/1838 2056/1972/1839
f 2054/1970/1837 2058/1973/1541 2055/1971/1838
f 2059/1974/1840 2054/1970/1837 2056/1972/1839
f 2059/1974/1840 2056/1972/1839 2057/1975/1841
f 2060/1976/1542 2058/1973/1541 2054/1970/1837
f 2054/1970/1837 2059/1974/1840 2061/1977/1842
f 2060/1976/1542 2054/1970/1837 2061/1977/1842
f 2059/1974/1840 2062/1978/247 2061/1977/1842
f 2063/1979/1543 2060/1976/1542 2061/1977/1842
f 2067/1980/1237 2064/1981/1843 2066/1982/1550
f 2068/1983/623 2064/1981/1843 2067/1980/1237
f 2069/1984/1240 2068/1983/623 2067/1980/1237
f 2068/1983/623 2070/1985/1844 2064/1981/1843
f 2064/1981/1843 2070/1985/1844 2065/1986/1845
f 2068/1983/623 2072/1987/1846 2070/1985/1844
f 2071/1988/1847 2072/1987/1846 2068/1983/623
f 2076/1989/1848 2075/1990/1849 2074/1991/637
f 2076/1989/1848 2073/1992/636 2077/1993/1850
f 2077/1993/1850 2078/1994/276 2076/1989/1848
f 2076/1989/1848 2079/1995/1851 2075/1990/1849
f 2078/1994/276 2080/1996/1852 2076/1989/1848
f 2079/1995/1851 2076/1989/1848 2080/1996/1852
f 2080/1996/1852 2078/1994/276 2081/1997/1559
f 2079/1995/1851 2080/1996/1852 2082/1998/1566
f 2083/1999/1853 2082/1998/1566 2080/1996/1852
f 2084/2000/1854 2085/2001/1855 2086/2002/1856
f 2086/2002/1856 2085/2001/1855 2087/2003/1857
f 2088/2004/1858 2084/2000/1854 2086/2002/1856
f 2090/2005/1859 2089/2006/1860 2084/2000/1854
f 2092/2007/1861 2088/2004/1858 2091/2008/1862
f 2084/2000/1854 2088/2004/1858 2092/2007/1861
f 2084/2000/1854 2092/2007/1861 2090/2005/1859
f 2093/2009/1256 2090/2005/1859 2092/2007/1861
f 2097/2010/1863 2096/2011/1589 2095/2012/1864
f 2094/2013/1257 2097/2010/1863 2095/2012/1864
f 2097/2010/1863 2094/2013/1257 2098/2014/1865
f 2096/2011/1589 2097/2010/1863 2099/2015/298
f 2098/2014/1865 2100/2016/656 2097/2010/1863
f 2099/2015/298 2097/2010/1863 2100/2016/656
f 2100/2016/656 2098/2014/1865 2101/2017/657
f 2104/2018/1866 2105/2019/1867 2106/2020/1868
f 2103/2021/1869 2104/2018/1866 2106/2020/1868
f 2102/2022/1870 2103/2021/1869 2108/2023/1871
f 2105/2019/1867 2109/2024/1872 2106/2020/1868
f 2110/2025/1873 2105/2019/1867 2107/2026/672
f 2105/2019/1867 2110/2025/1873 2109/2024/1872
f 1853/2027/1874 2110/2025/1873 2107/2026/672
f 2111/2028/1875 2109/2024/1872 2110/2025/1873
f 2110/2025/1873 1853/2027/1874 2112/2029/1876
f 2112/2029/1876 2111/2028/1875 2110/2025/1873
f 2109/2024/1872 2113/2030/1877 2106/2020/1868
f 2109/2024/1872 2111/2028/1875 2113/2030/1877
f 2106/2020/1868 2113/2030/1877 2114/2031/1878
f 2106/2020/1868 2114/2031/1878 2103/2021/1869
f 2114/2031/1878 2115/2032/1879 2103/2021/1869
f 2115/2032/1879 2108/2023/1871 2103/2021/1869
f 2114/2031/1878 2113/2030/1877 2116/2033/1880
f 2114/2031/1878 2116/2033/1880 2115/2032/1879
f 2117/2034/1881 2115/2032/1879 2116/2033/1880
f 2113/2030/1877 2118/2035/1882 2116/2033/1880
f 2118/2035/1882 2117/2034/1881 2116/2033/1880
f 2111/2028/1875 2118/2035/1882 2113/2030/1877
f 2115/2032/1879 2117/2034/1881 2119/2036/1883
f 2119/2036/1883 2108/2023/1871 2115/2032/1879
f 2117/2034/1881 2118/2035/1882 2120/2037/1884
f 2108/2023/1871 2119/2036/1883 2121/2038/1885
f 2118/2035/1882 2111/2028/1875 2122/2039/1886
f 2118/2035/1882 2122/2039/1886 2120/2037/1884
f 2123/2040/1887 2108/2023/1871 2121/2038/1885
f 2121/2038/1885 2124/2041/1888 2123/2040/1887
f 2125/2042/1889 2108/2023/1871 2123/2040/1887
f 2124/2041/1888 2126/2043/1837 2123/2040/1887
f 2126/2043/1837 2124/2041/1888 2127/2044/1890
f 2123/2040/1887 2128/2045/1891 2125/2042/1889
f 2128/2045/1891 2123/2040/1887 2126/2043/1837
f 2129/2046/1278 2126/2043/1837 2127/2044/1890
f 2126/2043/1837 2129/2046/1278 2128/2045/1891
f 2130/2047/1892 2129/2046/1278 2127/2044/1890
f 2129/2046/1278 2130/2047/1892 2131/2048/1893
f 2130/2047/1892 2132/2049/1894 2131/2048/1893
f 2129/2046/1278 2131/2048/1893 2133/2050/1895
f 2134/2051/1896 2131/2048/1893 2132/2049/1894
f 2133/2050/1895 2131/2048/1893 2136/2052/1897
f 2134/2051/1896 2136/2052/1897 2131/2048/1893
f 2134/2051/1896 2135/2053/1898 2137/2054/1899
f 2137/2054/1899 2136/2052/1897 2134/2051/1896
f 2135/2053/1898 2138/2055/1900 2137/2054/1899
f 2138/2055/1900 2139/2056/1901 2137/2054/1899
f 2140/2057/1902 2139/2056/1901 2138/2055/1900
f 2141/2058/1903 2140/2057/1902 2138/2055/1900
f 2142/2059/1904 2137/2054/1899 2139/2056/1901
f 2136/2052/1897 2137/2054/1899 2142/2059/1904
f 2140/2057/1902 2141/2058/1903 2143/2060/1905
f 2144/2061/1906 2143/2060/1905 2141/2058/1903
f 2145/2062/1907 2143/2060/1905 2144/2061/1906
f 2120/2037/1884 2145/2062/1907 2144/2061/1906
f 2143/2060/1905 2145/2062/1907 2146/2063/1908
f 2146/2063/1908 2147/2064/1909 2143/2060/1905
f 2147/2064/1909 2148/2065/1910 2143/2060/1905
f 2146/2063/1908 2145/2062/1907 2149/1899/1911
f 2148/2065/1910 2147/2064/1909 2150/2066/1912
f 2145/2062/1907 2120/2037/1884 2122/2039/1886
f 2122/2039/1886 2149/1899/1911 2145/2062/1907
f 2150/2066/1912 2151/2067/1913 2148/2065/1910
f 2122/2039/1886 2152/2068/1914 2149/1899/1911
f 2152/2068/1914 2153/2069/1915 2149/1899/1911
f 2151/2067/1913 2150/2066/1912 2154/2070/1916
f 2154/2070/1916 2150/2066/1912 2155/2071/1703
f 2151/2067/1913 2154/2070/1916 2156/2072/1917
f 2155/2071/1703 2157/2073/1918 2154/2070/1916
f 2158/2074/1919 2153/2069/1915 2152/2068/1914
f 2153/2069/1915 2158/2074/1919 2159/2075/1920
f 2158/2074/1919 2160/2076/1921 2159/2075/1920
f 2161/2077/1922 2156/2072/1917 2154/2070/1916
f 2154/2070/1916 2157/2073/1918 2161/2077/1922
f 2160/2076/1921 2158/2074/1919 2162/2078/1923
f 2160/2076/1921 2162/2078/1923 2163/2079/1924
f 2164/2080/1925 2158/2074/1919 2152/2068/1914
f 2122/2039/1886 2164/2080/1925 2152/2068/1914
f 2164/2080/1925 2122/2039/1886 2111/2028/1875
f 2111/2028/1875 2112/2029/1876 2164/2080/1925
f 2158/2074/1919 2164/2080/1925 2165/2081/1926
f 2112/2029/1876 2165/2081/1926 2164/2080/1925
f 2165/2081/1926 2162/2078/1923 2158/2074/1919
f 2112/2029/1876 2166/2082/1927 2165/2081/1926
f 2163/2079/1924 2162/2078/1923 2167/2083/1928
f 2167/2083/1928 2168/2084/1929 2163/2079/1924
f 2169/2085/1930 2162/2078/1923 2165/2081/1926
f 2169/2085/1930 2165/2081/1926 2166/2082/1927
f 2170/2086/1931 2167/2083/1928 2162/2078/1923
f 2169/2085/1930 2170/2086/1931 2162/2078/1923
f 2168/2084/1929 2167/2083/1928 2171/2087/1932
f 2112/2029/1876 1852/2088/1933 2166/2082/1927
f 1852/2088/1933 2112/2029/1876 1853/2027/1874
f 2169/2085/1930 2166/2082/1927 1904/2089/445
f 1852/2088/1933 1904/2089/445 2166/2082/1927
f 2172/2090/1934 2171/2087/1932 2167/2083/1928
f 2167/2083/1928 2170/2086/1931 2172/2090/1934
f 2173/2091/1935 2168/2084/1929 2171/2087/1932
f 2168/2084/1929 2173/2091/1935 2174/2092/1936
f 2171/2087/1932 2172/2090/1934 1905/2093/1937
f 2171/2087/1932 1905/2093/1937 2173/2091/1935
f 2175/2094/304 2174/2092/1936 2173/2091/1935
f 2174/2092/1936 2175/2094/304 2176/2095/1938
f 2157/2073/1918 2176/2095/1938 2175/2094/304
f 1905/2093/1937 1906/2096/1939 2173/2091/1935
f 1906/2096/1939 2175/2094/304 2173/2091/1935
f 2157/2073/1918 2175/2094/304 2177/2097/1940
f 2177/2097/1940 2161/2077/1922 2157/2073/1918
f 2178/2098/1941 2175/2094/304 1906/2096/1939
f 2161/2077/1922 2177/2097/1940 2179/2099/1942
f 2156/2072/1917 2161/2077/1922 2179/2099/1942
f 2175/2094/304 2180/2100/1943 2177/2097/1940
f 2180/2100/1943 2181/2101/1944 2177/2097/1940
f 2179/2099/1942 2177/2097/1940 2181/2101/1944
f 2179/2099/1942 2181/2101/1944 2182/2102/308
f 2182/2102/308 2183/2103/1945 2179/2099/1942
f 2156/2072/1917 2179/2099/1942 2184/2104/1946
f 2184/2104/1946 2179/2099/1942 2183/2103/1945
f 2156/2072/1917 2184/2104/1946 2185/2105/1947
f 2186/2106/1948 2184/2104/1946 2183/2103/1945
f 2184/2104/1946 2187/2107/1949 2185/2105/1947
f 2188/2108/1950 2187/2107/1949 2184/2104/1946
f 2184/2104/1946 2186/2106/1948 2188/2108/1950
f 2187/2107/1949 2188/2108/1950 2189/2109/1951
f 2189/2109/1951 2188/2108/1950 2190/2110/1952
f 2191/2111/1953 2188/2108/1950 2186/2106/1948
f 2191/2111/1953 2190/2110/1952 2188/2108/1950
f 2190/2110/1952 2191/2111/1953 2192/2112/1954
f 2186/2106/1948 2193/2113/1955 2191/2111/1953
f 2191/2111/1953 2142/2059/1904 2192/2112/1954
f 2191/2111/1953 2193/2113/1955 2194/2114/1956
f 2194/2114/1956 2142/2059/1904 2191/2111/1953
f 2136/2052/1897 2142/2059/1904 2194/2114/1956
f 2194/2114/1956 2195/2115/1957 2196/2116/1958
f 2136/2052/1897 2194/2114/1956 2196/2116/1958
f 2133/2050/1895 2136/2052/1897 2197/2117/1959
f 2201/2118/1960 2199/2119/1961 2198/2120/1962
f 2201/2118/1960 2200/2121/316 2199/2119/1961
f 2203/2122/681 2201/2118/1960 2202/2123/682
f 2204/2124/1963 2201/2118/1960 2203/2122/681
f 2200/2121/316 2201/2118/1960 2204/2124/1963
f 2205/2125/1964 2206/2126/1965 2207/2127/1966
f 2205/2125/1964 2208/2128/1967 2206/2126/1965
f 2209/2129/1968 2208/2128/1967 2205/2125/1964
f 2209/2129/1968 2205/2125/1964 2210/2130/1969
f 2211/2131/1970 2209/2129/1968 2210/2130/1969
f 2205/2125/1964 2207/2127/1966 2212/2132/1971
f 2216/2133/1972 2213/2134/1973 2214/2135/1974
f 2215/2136/1975 2216/2133/1972 2214/2135/1974
f 2216/2133/1972 2215/2136/1975 2217/2137/1313
f 2218/2138/1976 2213/2134/1973 2216/2133/1972
f 2217/2137/1313 2219/1055/694 2216/2133/1972
f 2219/1055/694 2218/2138/1976 2216/2133/1972
f 2218/2138/1976 2221/2139/1977 2213/2134/1973
f 2220/2140/1978 2222/2141/333 2218/2138/1979
f 2223/2142/1980 2224/1800/1981 2225/1799/1982
f 2223/2142/1980 2225/1799/1982 2226/1796/727
f 2227/2143/1983 2230/2144/1984 2229/2145/1985
f 2228/2146/1986 2229/2145/1985 2230/2144/1984
f 2231/2147/1987 2228/2146/1986 2230/2144/1984
f 2230/2144/1984 2232/2148/1988 2231/2147/1987
f 2232/2148/1988 2230/2144/1984 2233/2149/1989
f 2234/2150/1990 2233/2149/1989 2230/2144/1984
f 2230/2144/1984 2227/2143/1983 2234/2150/1990
f 2235/2151/1991 2238/2152/1992 2236/2153/1993
f 2238/2152/1992 2237/2154/351 2236/2153/1993
f 2238/2152/1992 2235/2151/1991 2239/2155/1994
f 2235/2151/1991 2240/2156/1995 2239/2155/1994
f 2237/2154/351 2238/2152/1992 2241/2157/747
f 2239/2155/1994 2242/2158/744 2243/2159/1996
f 2244/2160/1997 2239/2155/1994 2243/2159/1996
f 2241/2157/747 2238/2152/1992 2244/2160/1997
f 2244/2160/1997 2238/2152/1992 2239/2155/1994
usemtl Meshpart2Mtl.001
f 2245/2161/1998 2246/2162/1998 2247/2163/1998
f 2248/2164/1999 2249/2165/2000 2250/2166/2000
f 2249/2165/2000 2248/2164/1999 2251/2167/2000
f 2252/2164/2001 2253/2161/2001 2254/2168/2001
f 2252/2164/2001 2254/2168/2001 2255/2167/2001
f 2256/2166/2002 2257/2169/2002 2258/2170/2002
f 2259/2165/2003 2260/2167/2004 2261/2171/2003
f 2260/2167/2004 2262/2172/2005 2261/2171/2003
f 2263/2167/2006 2264/2173/2007 2265/2172/2007
f 2264/2173/2007 2263/2167/2006 2266/2168/2007
f 2268/2174/2008 2267/2168/2008 2269/2163/2008
f 2271/2175/2009 2270/2176/2010 2272/2177/2010
f 2273/2164/2011 2274/2178/2012 2275/2161/2010
f 2276/2179/2013 2277/2180/2014 2278/2181/2014
f 2277/2180/2014 2276/2179/2013 2279/2182/2015
f 2280/2183/2016 2281/2184/2017 2282/2185/2017
f 2281/2184/2017 2280/2183/2016 2283/2186/2017
f 2284/2186/2018 2285/2187/2018 2286/2184/2018
f 2285/2187/2018 2284/2186/2018 2287/2176/2018
f 2288/2176/2019 2289/2181/2020 2290/2187/2019
f 2289/2181/2020 2288/2176/2019 2291/2179/2019
f 2292/2188/2021 2293/2189/2021 2294/2190/2021
f 2294/2190/2021 2293/2189/2021 2295/2191/2022
f 2296/2192/2023 2297/2193/2024 2298/2194/2025
f 2297/2193/2024 2296/2192/2023 2299/2190/2023
f 2300/2190/2026 2301/2192/2026 2302/2195/2027
f 2303/2196/2028 2304/2197/2028 2305/2198/2028
f 2305/2198/2028 2306/2199/2029 2303/2196/2028
f 2307/2190/2030 2308/2191/2030 2309/2193/2031
f 2309/2193/2031 2308/2191/2030 2310/2200/2030
f 2311/2199/2032 2312/2198/2032 2313/2201/2033
f 2313/2201/2033 2314/2202/2032 2311/2199/2032
f 2315/2194/2034 2316/2203/2034 2317/2204/2035
f 2316/2203/2034 2315/2194/2034 2318/2193/2036
f 2319/2205/2037 2320/2198/2037 2321/2197/2037
f 2319/2205/2037 2322/2206/2037 2320/2198/2037
f 2323/2206/2038 2324/2207/2038 2325/2201/2038
f 2323/2206/2038 2325/2201/2038 2326/2198/2038
f 2327/2193/2039 2328/2208/2039 2329/2203/2040
f 2328/2208/2039 2327/2193/2039 2330/2200/2039
f 2331/2201/2041 2332/2209/2042 2333/2202/2042
f 2332/2209/2042 2331/2201/2041 2334/2210/2043
f 2335/2207/2044 2336/2211/2044 2337/2210/2044
f 2335/2207/2044 2337/2210/2044 2338/2201/2045
f 2339/2204/2046 2340/2212/2047 2341/2213/2047
f 2340/2212/2047 2339/2204/2046 2342/2203/2046
f 2343/2203/2048 2344/2214/2048 2345/2212/2048
f 2344/2214/2048 2343/2203/2048 2346/2208/2049
f 2347/2215/2050 2348/2216/2051 2349/2211/2052
f 2349/2211/2052 2348/2216/2051 2350/2210/2050
f 2351/2217/2053 2352/2210/2053 2353/2216/2053
f 2352/2210/2053 2351/2217/2053 2354/2209/2054
f 2355/2218/2055 2356/2216/2056 2357/2219/2055
f 2359/2220/2057 2360/2221/2057 2358/2222/2057
f 2362/2223/2058 2361/2224/2058 2363/2225/2058
f 2365/2226/2059 2364/2227/2059 2366/2228/2002
f 2367/2221/2060 2368/2229/2060 2369/2230/2060
f 2370/2231/2061 2371/2232/2062 2372/2233/2062
f 2371/2232/2062 2370/2231/2061 2373/2234/2062
f 2374/2225/2063 2375/2224/2063 2376/2235/2064
f 2374/2225/2063 2376/2235/2064 2377/2236/2065
f 2378/2228/2066 2379/2237/2066 2380/2226/2067
f 2379/2237/2066 2378/2228/2066 2381/2238/2068
f 2382/2234/2069 2383/2239/2069 2384/2240/2069
f 2385/2239/2070 2386/2236/2070 2387/2240/2070
f 2388/2230/2071 2389/2241/2071 2390/2242/2071
f 2391/2242/2072 2392/2241/2072 2393/2238/2072
f 2394/2232/2073 2395/2234/2073 2396/2240/2073
f 2397/2229/2074 2398/2241/2074 2399/2230/2074
f 2400/2236/2075 2401/2235/2075 2402/2240/2075
f 2403/2238/2076 2404/2241/2076 2405/2237/2076
f 2406/2235/2077 2407/2243/2077 2408/2240/2077
f 2409/2237/2078 2410/2241/2078 2411/2244/2078
f 2412/2245/2026 2413/2246/2026 2414/2233/2026
f 2415/2247/2079 2416/2232/2079 2417/2240/2079
f 2418/2248/2080 2419/2241/2080 2420/2229/2080
f 2421/2249/2081 2422/2247/2081 2423/2240/2081
f 2424/2250/2082 2425/2241/2082 2426/2248/2082
f 2427/2243/2083 2428/2251/2083 2429/2240/2083
f 2430/2244/2084 2431/2241/2084 2432/2252/2084
f 2433/2253/2085 2434/2249/2085 2435/2240/2085
f 2436/2254/2086 2437/2241/2086 2438/2250/2086
f 2439/2251/2084 2440/2255/2084 2441/2240/2084
f 2442/2252/2087 2443/2241/2087 2444/2256/2087
f 2445/2257/2088 2446/2253/2088 2447/2240/2088
f 2448/2258/2089 2449/2241/2089 2450/2254/2089
f 2451/2255/2090 2452/2259/2090 2453/2240/2090
f 2454/2256/2091 2455/2241/2091 2456/2260/2091
f 2457/2261/2092 2458/2257/2092 2459/2240/2092
f 2460/2262/2093 2461/2241/2093 2462/2258/2093
f 2463/2259/2094 2464/2263/2094 2465/2240/2094
f 2466/2260/2095 2467/2241/2095 2468/2264/2095
f 2469/2263/2096 2470/2265/2096 2471/2240/2096
f 2472/2264/2097 2473/2241/2097 2474/2266/2097
f 2475/2265/2098 2476/2261/2098 2477/2240/2098
f 2478/2266/2099 2479/2241/2099 2480/2262/2099
f 2481/2267/2100 2482/2261/2101 2483/2268/2100
f 2482/2261/2101 2481/2267/2100 2484/2257/2100
f 2485/2269/2102 2486/2270/2102 2487/2263/2102
f 2485/2269/2102 2487/2263/2102 2488/2259/2103
f 2489/2271/2104 2490/2264/2104 2491/2272/2104
f 2490/2264/2104 2489/2271/2104 2492/2260/2104
f 2493/2263/2105 2494/2270/2105 2495/2265/2105
f 2494/2270/2105 2496/2273/2105 2495/2265/2105
f 2497/2266/2106 2498/2272/2107 2499/2264/2108
f 2498/2272/2107 2497/2266/2106 2500/2274/2108
f 2501/2265/2109 2502/2273/2110 2503/2261/2109
f 2502/2273/2110 2504/2268/2109 2503/2261/2109
f 2505/2262/2111 2506/2274/2111 2507/2266/2112
f 2506/2274/2111 2505/2262/2111 2508/2275/2113
f 2509/2276/2114 2510/2277/2114 2511/2278/2114
f 2510/2277/2114 2509/2276/2114 2512/2279/2114
f 2513/2280/2115 2514/2276/2116 2515/2281/2115
f 2515/2281/2115 2514/2276/2116 2516/2278/2115
f 2517/2282/2117 2518/2280/2118 2519/2283/2118
f 2519/2283/2118 2518/2280/2118 2520/2281/2118
f 2521/2284/2119 2522/2279/2119 2523/2285/2119
f 2524/2277/2120 2525/2286/2120 2526/2278/2120
f 2526/2278/2120 2525/2286/2120 2527/2287/2120
f 2528/2278/2121 2529/2288/2121 2530/2281/2121
f 2529/2288/2121 2528/2278/2121 2531/2287/2121
f 2534/2280/2122 2533/2289/2123 2532/2276/2124
f 2533/2289/2123 2534/2280/2122 2535/2282/2124
f 2537/2290/2125 2536/2291/2126 2538/2292/2126
f 2539/2293/2127 2540/2290/2127 2541/2294/2127
f 2540/2290/2127 2539/2293/2127 2542/2295/2127
f 2543/2296/2128 2544/2297/2128 2545/2298/2128
f 2544/2297/2128 2543/2296/2128 2546/2299/2129
f 2547/2298/2130 2548/2300/2131 2549/2301/2130
f 2548/2300/2131 2547/2298/2130 2550/2297/2131
f 2551/2301/2132 2552/2295/2132 2553/2293/2132
f 2552/2295/2132 2551/2301/2132 2554/2300/2132
f 2555/2302/2133 2556/2303/2133 2557/2304/2133
f 2556/2303/2133 2555/2302/2133 2558/2305/2134
f 2559/2306/2135 2560/2307/2135 2561/2308/2135
f 2560/2307/2135 2559/2306/2135 2562/2309/2135
f 2563/2310/2136 2564/2302/2137 2565/2304/2136
f 2564/2302/2137 2563/2310/2136 2566/2311/2137
f 2567/2312/2138 2568/2307/2138 2569/2313/2139
f 2568/2307/2138 2567/2312/2138 2570/2308/2140
f 2571/2314/2141 2572/2305/2142 2573/2302/2141
f 2572/2305/2142 2571/2314/2141 2574/2315/2141
f 2575/2316/2143 2576/2309/2144 2577/2317/2145
f 2576/2309/2144 2575/2316/2143 2578/2307/2146
f 2579/2311/2147 2580/2314/2147 2581/2302/2147
f 2580/2314/2147 2579/2311/2147 2582/2318/2147
f 2583/2313/2148 2584/2316/2149 2585/2319/2149
f 2584/2316/2149 2583/2313/2148 2586/2307/2149
f 2587/2318/2150 2588/2320/2150 2589/2314/2150
f 2588/2320/2150 2587/2318/2150 2590/2321/2150
f 2591/2320/2151 2592/2322/2152 2593/2314/2152
f 2593/2314/2152 2592/2322/2152 2594/2315/2151
f 2595/2319/2153 2596/2323/2154 2597/2324/2155
f 2596/2323/2154 2595/2319/2153 2598/2316/2154
f 2599/2323/2156 2600/2316/2157 2601/2325/2158
f 2600/2316/2157 2602/2317/2158 2601/2325/2158
f 2603/2326/2159 2604/2327/2159 2605/2320/2159
f 2605/2320/2159 2604/2327/2159 2606/2322/2159
f 2607/2328/2160 2608/2329/2161 2609/2323/2162
f 2609/2323/2162 2610/2325/2163 2607/2328/2160
f 2611/2321/2164 2612/2326/2165 2613/2320/2165
f 2612/2326/2165 2611/2321/2164 2614/2330/2164
f 2615/2324/2166 2616/2329/2167 2617/2331/2166
f 2616/2329/2167 2615/2324/2166 2618/2323/2168
f 2619/2332/2009 2620/2333/2009 2621/2334/2009
f 2620/2333/2009 2622/2335/2009 2621/2334/2009
f 2622/2335/2009 2620/2333/2009 2623/2336/2009
f 2623/2336/2009 2620/2333/2009 2624/2337/2009
f 2619/2332/2009 2625/2338/2009 2620/2333/2009
f 2625/2338/2009 2626/2339/2009 2627/2340/2009
f 2628/2341/2009 2624/2337/2009 2620/2333/2009
f 2624/2337/2009 2628/2341/2009 2629/2342/2009
f 2630/2343/2169 2628/2341/2009 2620/2333/2009
f 2629/2342/2009 2628/2341/2009 2631/2223/2009
f 2629/2342/2009 2631/2223/2009 2632/2344/2009
f 2633/2345/2011 2630/2343/2170 2634/2246/2010
f 2635/2346/2124 2636/2347/2122 2637/2348/2171
f 2638/2349/2122 2636/2347/2122 2635/2346/2124
f 2639/2350/2122 2636/2347/2122 2638/2349/2122
f 2636/2347/2122 2639/2350/2122 2640/2227/2172
f 2640/2227/2172 2639/2350/2122 2641/2351/2122
f 2638/2349/2122 2635/2346/2124 2642/2352/2122
f 2642/2352/2122 2635/2346/2124 2643/2353/2172
f 2643/2353/2172 2635/2346/2124 2644/2354/2172
f 2644/2354/2172 2635/2346/2124 2645/2355/2172
f 2645/2355/2172 2635/2346/2124 2646/2356/2124
f 2646/2356/2124 2647/2357/2172 2645/2355/2172
f 2647/2357/2172 2646/2356/2124 2648/2358/2122
usemtl Meshpart1Mtl.002
f 2649/2359/2173 2650/2360/2174 2651/2361/2175
f 2650/2360/2174 2649/2359/2173 2652/2362/2174
f 2652/2362/2174 2653/2363/2176 2650/2360/2174
f 2654/2364/2177 2650/2360/2174 2653/2363/2176
f 2655/2365/2178 2656/2366/2179 2657/2367/2180
f 2656/2366/2179 2655/2365/2178 2658/2368/2179
f 2659/2369/2181 2655/2365/2178 2657/2367/2180
f 2659/2369/2181 2660/2370/2182 2655/2365/2178
f 2663/2371/2183 2662/2372/2184 2661/2373/2185
f 2663/2371/2183 2664/2374/2186 2662/2372/2184
f 2665/2375/2187 2666/2376/2188 2667/2377/2189
f 2666/2376/2188 2665/2375/2187 2668/2378/2188
f 2671/2379/2190 2670/2380/2191 2669/2381/2192
f 2671/2379/2190 2672/2382/2190 2670/2380/2191
f 2673/2383/2193 2674/2384/2194 2675/2385/2195
f 2673/2383/2193 2675/2385/2195 2676/2386/2196
f 2677/2387/2197 2678/2388/2198 2679/2389/2199
f 2678/2388/2198 2677/2387/2197 2680/2390/2198
f 2681/2391/2200 2682/2392/2201 2683/2393/2200
f 2681/2391/2200 2683/2393/2200 2684/2394/2202
f 2686/2395/2203 2687/2396/2204 2685/2397/2205
f 2687/2396/2204 2686/2395/2203 2688/2398/2206
f 2689/2390/2207 2690/2399/2188 2691/2388/2208
f 2690/2399/2188 2689/2390/2207 2692/2400/2188
f 2693/2401/2209 2695/2402/2210 2694/2403/2209
f 2696/2404/2211 2694/2403/2209 2695/2402/2210
f 2697/2405/2212 2698/2406/2213 2699/2407/2213
f 2698/2406/2213 2697/2405/2212 2700/2408/2214
f 2701/2402/2215 2702/2409/2216 2703/2404/2215
f 2702/2409/2216 2701/2402/2215 2704/2410/2217
f 2704/2410/2217 2705/2411/2218 2702/2409/2216
f 2706/2412/2218 2702/2409/2216 2705/2411/2218
f 2705/2411/2218 2707/2413/2219 2706/2412/2218
f 2707/2413/2219 2705/2411/2218 2708/2414/2220
f 2708/2414/2220 2709/2415/2221 2707/2413/2219
f 2710/2416/2221 2707/2413/2219 2709/2415/2221
f 2711/2417/2222 2712/2418/2222 2713/2419/2222
f 2712/2418/2222 2714/2420/2222 2713/2419/2222
f 2715/2421/2222 2711/2417/2222 2713/2419/2222
f 2716/2422/2222 2711/2417/2222 2715/2421/2222
f 2715/2421/2222 2717/2423/2222 2716/2422/2222
f 2711/2417/2222 2716/2422/2222 2718/2424/2222
f 2718/2424/2222 2716/2422/2222 2719/2425/2222
f 2711/2417/2222 2718/2424/2222 2720/2426/2222
f 2712/2418/2222 2711/2417/2222 2721/2427/2222
f 2722/2428/2222 2720/2426/2222 2718/2424/2222
f 2721/2427/2222 2723/2429/2222 2712/2418/2222
f 2720/2426/2222 2722/2428/2222 2724/2430/2222
f 2725/2431/2222 2723/2429/2222 2721/2427/2222
f 2723/2429/2222 2725/2431/2222 2726/2432/2222
f 2721/2427/2222 2727/2433/2222 2725/2431/2222
f 2728/2434/2222 2725/2431/2222 2727/2433/2222
f 2727/2433/2222 2721/2427/2222 2729/2435/2222
f 2729/2435/2222 2721/2427/2222 2730/2436/2222
f 2727/2433/2222 2729/2435/2222 2731/2437/2222
f 2731/2437/2222 2729/2435/2222 2732/2438/2222
f 2732/2438/2222 2733/2439/2222 2731/2437/2222
f 2734/2440/2222 2731/2437/2222 2733/2439/2222
f 2735/2441/2222 2733/2439/2222 2732/2438/2222
f 2733/2439/2222 2735/2441/2222 2736/2442/2222
f 2737/2443/2222 2720/2426/2222 2724/2430/2222
f 2738/2444/2222 2737/2443/2222 2724/2430/2222
f 2739/2445/2222 2720/2426/2222 2737/2443/2222
f 2720/2426/2222 2739/2445/2222 2740/2446/2222
f 2741/2447/2222 2740/2446/2222 2739/2445/2222
f 2740/2446/2222 2741/2447/2222 2742/2448/2222
f 2741/2447/2222 2743/2449/2222 2742/2448/2222
f 2720/2426/2222 2740/2446/2222 2744/2450/2222
f 2744/2450/2222 2740/2446/2222 2745/2451/2222
f 2744/2450/2222 2745/2451/2222 2746/2452/2222
f 2746/2452/2222 2745/2451/2222 2747/2453/2222
f 2748/2454/2222 2744/2450/2222 2746/2452/2222
f 2744/2450/2222 2748/2454/2222 2749/2455/2222
f 2749/2455/2222 2748/2454/2222 2750/2456/2222
f 2751/2457/2222 2749/2455/2222 2750/2456/2222
f 2749/2455/2222 2751/2457/2222 2752/2458/2222
f 2749/2455/2222 2752/2458/2222 2753/2459/2222
f 2749/2455/2222 2753/2459/2222 2754/2460/2222
f 2753/2459/2222 2755/2461/2222 2754/2460/2222
f 2755/2461/2222 2756/2462/2222 2754/2460/2222
f 2757/2463/2223 2758/2464/2224 2759/2465/2225
f 2758/2464/2224 2757/2463/2223 2760/2466/2226
f 2761/2467/2227 2762/2468/2228 2763/2469/2227
f 2761/2467/2227 2763/2469/2227 2764/2470/2227
f 2765/2471/2229 2766/2466/2230 2767/2472/2231
f 2767/2472/2231 2766/2466/2230 2768/2463/2232
f 2771/2473/2233 2770/2474/2234 2769/2475/2235
f 2772/2476/2236 2770/2474/2234 2771/2473/2233
f 2773/2477/2237 2774/2391/2238 2775/2478/2237
f 2774/2391/2238 2773/2477/2237 2776/2394/2237
f 2777/2478/2239 2778/2479/2240 2779/2477/2241
f 2780/2480/2242 2779/2477/2241 2778/2479/2240
f 2781/2481/2243 2783/2378/2244 2782/2482/2243
f 2782/2482/2243 2783/2378/2244 2784/2376/2244
f 2785/2483/2245 2786/2379/2246 2787/2382/2246
f 2786/2379/2246 2785/2483/2245 2788/2484/2245
f 2791/2485/2247 2790/2486/2248 2789/2487/2249
f 2790/2486/2248 2791/2485/2247 2792/2488/2247
f 2795/2489/2250 2794/2490/2251 2793/2491/2252
f 2794/2490/2251 2795/2489/2250 2796/2492/2250
f 2797/2378/2253 2796/2492/2250 2795/2489/2250
f 2796/2492/2250 2797/2378/2253 2798/2376/2253
f 2797/2378/2253 2799/2368/2254 2798/2376/2253
f 2798/2376/2253 2799/2368/2254 2800/2366/2255
f 2801/2493/2256 2803/2494/2257 2802/2495/2256
f 2802/2495/2256 2803/2494/2257 2804/2496/2257
f 2805/2497/2258 2807/2498/2259 2806/2499/2260
f 2806/2499/2260 2807/2498/2259 2808/2500/2259
f 2811/2501/2261 2810/2502/2262 2809/2503/2263
f 2810/2502/2262 2811/2501/2261 2812/2504/2261
f 2813/2505/2264 2812/2504/2261 2811/2501/2261
f 2812/2504/2261 2813/2505/2264 2814/2506/2184
f 2815/2507/2265 2816/2508/2189 2817/2509/2266
f 2816/2508/2189 2815/2507/2265 2818/2510/2267
f 2819/2511/2268 2820/2512/2269 2821/2513/2268
f 2822/2514/2235 2821/2513/2268 2820/2512/2269
f 2823/2515/2270 2825/2516/2271 2824/2517/2272
f 2826/2518/2271 2824/2517/2272 2825/2516/2271
f 2827/2519/2273 2828/2520/2274 2829/2521/2275
f 2828/2520/2274 2827/2519/2273 2830/2522/2276
f 2831/2523/2277 2832/2524/2278 2833/2525/2279
f 2832/2524/2278 2831/2523/2277 2834/2526/2277
f 2835/2527/2280 2834/2526/2277 2831/2523/2277
f 2834/2526/2277 2835/2527/2280 2836/2528/2281
f 2837/2529/2282 2836/2528/2281 2835/2527/2280
f 2836/2528/2281 2837/2529/2282 2838/2530/2283
f 2839/2531/2284 2838/2530/2283 2837/2529/2282
f 2838/2530/2283 2839/2531/2284 2840/2532/2285
f 2843/2533/2286 2842/2534/2287 2841/2535/2287
f 2842/2534/2287 2843/2533/2286 2844/2536/2288
f 2847/2537/2289 2846/2538/2247 2845/2539/2290
f 2846/2538/2247 2847/2537/2289 2848/2540/2291
f 2851/2541/2292 2849/2542/2206 2850/2543/2293
f 2849/2542/2206 2851/2541/2292 2852/2544/2292
f 2853/2545/2294 2854/2546/2295 2855/2547/2296
f 2854/2546/2295 2853/2545/2294 2856/2548/2297
f 2857/2549/2298 2856/2548/2297 2853/2545/2294
f 2856/2548/2297 2857/2549/2298 2858/2550/2299
f 2861/2551/2300 2860/2552/2301 2859/2553/2301
f 2860/2552/2301 2861/2551/2300 2862/2554/2302
f 2863/2555/2260 2862/2554/2302 2861/2551/2300
f 2862/2554/2302 2863/2555/2260 2864/2556/2303
f 2867/2557/2304 2866/2558/2305 2865/2559/2306
f 2866/2558/2305 2867/2557/2304 2868/2560/2304
f 2869/2561/2307 2870/2562/2307 2871/2563/2307
f 2871/2563/2307 2870/2562/2307 2872/2564/2307
f 2869/2561/2307 2871/2563/2307 2873/2565/2307
f 2873/2565/2307 2871/2563/2307 2874/2566/2307
f 2875/2567/2307 2870/2562/2307 2869/2561/2307
f 2875/2567/2307 2876/2568/2307 2870/2562/2307
f 2876/2568/2307 2875/2567/2307 2877/2569/2307
f 2877/2569/2307 2875/2567/2307 2878/2570/2307
f 2879/2571/2307 2876/2568/2307 2877/2569/2307
f 2876/2568/2307 2879/2571/2307 2880/2572/2307
f 2879/2571/2307 2877/2569/2307 2881/2573/2307
f 2879/2571/2307 2881/2573/2307 2882/2574/2307
f 2877/2569/2307 2883/2575/2307 2881/2573/2307
f 2884/2576/2307 2883/2575/2307 2877/2569/2307
f 2883/2575/2307 2885/2577/2307 2886/2578/2307
f 2885/2577/2307 2883/2575/2307 2884/2576/2307
f 2884/2576/2307 2887/2579/2307 2885/2577/2307
f 2887/2579/2307 2884/2576/2307 2888/2580/2307
f 2888/2580/2307 2889/2581/2307 2887/2579/2307
f 2888/2580/2307 2884/2576/2307 2890/2582/2307
f 2888/2580/2307 2890/2582/2307 2891/2583/2307
f 2892/2584/2307 2890/2582/2307 2884/2576/2307
f 2892/2584/2307 2893/2585/2307 2890/2582/2307
f 2893/2585/2307 2892/2584/2307 2894/2586/2307
f 2895/2587/2307 2894/2586/2307 2892/2584/2307
f 2894/2586/2307 2895/2587/2307 2896/2588/2308
f 2892/2584/2307 2897/2589/2307 2895/2587/2307
f 2892/2584/2307 2898/2590/2307 2897/2589/2307
f 2898/2590/2307 2899/2591/2307 2897/2589/2307
f 2899/2591/2307 2898/2590/2307 2900/2592/2307
f 2900/2592/2307 2901/2593/2307 2899/2591/2307
f 2902/2594/2307 2898/2590/2307 2892/2584/2307
f 2898/2590/2307 2902/2594/2307 2903/2595/2307
f 2903/2595/2307 2902/2594/2307 2904/2596/2307
f 2903/2595/2307 2904/2596/2307 2905/2597/2307
f 2902/2594/2307 2906/2598/2307 2904/2596/2307
f 2907/2599/2307 2906/2598/2307 2902/2594/2307
f 2906/2598/2307 2907/2599/2307 2908/2600/2307
f 2907/2599/2307 2909/2601/2307 2908/2600/2307
f 2907/2599/2307 2910/2602/2307 2909/2601/2307
f 2910/2602/2307 2907/2599/2307 2911/2603/2307
f 2912/2604/2307 2911/2603/2307 2907/2599/2307
f 2911/2603/2307 2912/2604/2307 2913/2605/2307
f 2912/2604/2307 2914/2606/2307 2913/2605/2307
usemtl Meshpart2Mtl.002
f 2915/2607/2309 2916/2608/2310 2917/2609/2311
f 2915/2607/2309 2917/2609/2311 2918/2610/2312
f 2916/2608/2310 2915/2607/2309 2919/2611/2313
f 2920/2612/2314 2919/2611/2313 2915/2607/2309
f 2921/2613/2315 2920/2612/2314 2915/2607/2309
f 2921/2613/2315 2915/2607/2309 2922/2610/2316
f 2924/2614/2317 2925/2615/2318 2923/2616/2319
f 2928/2617/2320 2927/2618/2321 2926/2616/2322
f 2929/2619/2323 2930/2620/2324 2931/2621/2325
f 2932/2622/2326 2931/2621/2325 2930/2620/2324
f 2930/2620/2324 2933/2615/2327 2932/2622/2326
f 2933/2615/2327 2930/2620/2324 2934/2616/2328
f 2934/2616/2329 2935/2620/2330 2936/2617/2331
f 2937/2623/2332 2935/2620/2330 2929/2619/2333
f 2938/2624/2334 2936/2617/2331 2935/2620/2330
f 2935/2620/2330 2937/2623/2332 2938/2624/2334
f 2939/2625/2335 2940/2619/2336 2941/2626/2337
f 2940/2619/2336 2939/2625/2335 2942/2623/2338
f 2941/2626/2339 2943/2619/2340 2944/2627/2341
f 2945/2621/2342 2944/2627/2341 2943/2619/2340
f 2946/2628/2343 2947/2626/2344 2948/2629/2345
f 2949/2627/2346 2948/2629/2345 2947/2626/2344
f 2950/2630/2347 2951/2626/2348 2946/2628/2349
f 2951/2626/2348 2950/2630/2347 2952/2625/2350
f 2954/2631/2351 2955/2628/2352 2953/2632/2353
f 2956/2629/2354 2953/2632/2353 2955/2628/2352
f 2957/2633/2355 2958/2628/2356 2954/2631/2357
f 2958/2628/2356 2957/2633/2355 2959/2630/2358
f 2960/2634/2359 2961/2635/2360 2962/2636/2361
f 2963/2637/2362 2962/2636/2361 2961/2635/2360
f 2964/2635/2363 2960/2634/2364 2965/2638/2365
f 2966/2639/2366 2964/2635/2363 2965/2638/2365
f 2967/2640/2367 2968/2641/2368 2969/2642/2369
f 2970/2643/2370 2969/2642/2369 2968/2641/2368
f 2969/2642/2369 2971/2644/2371 2967/2640/2367
f 2971/2644/2371 2969/2642/2369 2972/2645/2372
f 2973/2646/2373 2974/2642/2374 2970/2643/2375
f 2972/2645/2376 2974/2642/2374 2975/2647/2377
f 2974/2642/2374 2973/2646/2373 2976/2648/2378
f 2976/2648/2378 2975/2647/2377 2974/2642/2374
f 2980/2645/2379 2981/2649/2380 2978/2644/2381
f 2981/2649/2380 2980/2645/2379 2982/2650/2382
f 2983/2650/2383 2984/2651/2384 2977/2649/2385
f 2984/2651/2384 2983/2650/2383 2985/2652/2386
f 2982/2650/2387 2986/2645/2388 2987/2653/2389
f 2988/2647/2390 2987/2653/2389 2986/2645/2388
f 2985/2652/2391 2989/2650/2392 2990/2654/2393
f 2991/2653/2394 2990/2654/2393 2989/2650/2392
f 2992/2641/2395 2993/2637/2396 2994/2643/2397
f 2995/2635/2398 2994/2643/2397 2993/2637/2396
f 2996/2639/2399 2997/2643/2400 2995/2635/2401
f 2997/2643/2400 2996/2639/2399 2998/2646/2402
f 2999/2655/2403 3000/2656/2404 3001/2657/2405
f 3002/2658/2406 2999/2655/2403 3001/2657/2405
f 2999/2655/2403 3003/2659/2407 3000/2656/2404
f 3003/2659/2407 2999/2655/2403 3004/2660/2408
f 2999/2655/2403 3002/2658/2406 3005/2661/2409
f 2999/2655/2403 3005/2661/2409 3006/2660/2408
f 3007/2662/2410 3008/2663/2411 3009/2664/2412
f 3010/2665/2413 3009/2664/2412 3008/2663/2411
f 3011/2666/2414 3012/2663/2415 3007/2662/2416
f 3012/2663/2415 3011/2666/2414 3013/2667/2417
f 3015/2652/2418 3016/2668/2419 2979/2651/2420
f 3016/2668/2419 3015/2652/2418 3017/2669/2421
f 3018/2669/2422 3019/2667/2423 3014/2668/2424
f 3019/2667/2423 3018/2669/2422 3020/2663/2425
f 3017/2669/2426 3021/2652/2427 3022/2670/2428
f 3023/2654/2429 3022/2670/2428 3021/2652/2427
f 3020/2663/2430 3024/2669/2431 3025/2665/2432
f 3026/2670/2433 3025/2665/2432 3024/2669/2431
f 3027/2671/2434 3028/2672/2435 3029/2673/2436
f 3030/2674/2437 3029/2673/2436 3028/2672/2435
f 3027/2671/2438 3031/2675/2439 3032/2672/2440
f 3033/2676/2441 3032/2672/2440 3031/2675/2439
f 3036/2677/2442 3037/2678/2443 3035/2679/2444
f 3037/2678/2443 3036/2677/2442 3038/2680/2445
f 3039/2681/2446 3038/2680/2430 3040/2677/2447
f 3041/2682/2448 3039/2681/2446 3040/2677/2447
f 3042/2683/2449 3044/2680/2450 3043/2684/2451
f 3044/2680/2450 3042/2683/2449 3034/2678/2452
f 3043/2684/2453 3045/2680/2411 3046/2685/2454
f 3047/2681/2455 3046/2685/2454 3045/2680/2411
f 3050/2686/2456 3048/2687/2457 3051/2688/2458
f 3051/2688/2458 3052/2689/2459 3050/2686/2456
f 3057/2690/2460 3058/2674/2461 3059/2691/2462
f 3060/2672/2463 3059/2691/2462 3058/2674/2461
f 3061/2676/2464 3062/2691/2465 3060/2672/2466
f 3062/2691/2465 3061/2676/2464 3063/2692/2467
f 3066/2693/2468 3067/2694/2469 3065/2695/2470
f 3067/2694/2469 3066/2693/2468 3068/2696/2471
f 3069/2696/2472 3070/2679/2473 3064/2694/2474
f 3070/2679/2473 3069/2696/2472 3071/2677/2475
f 3068/2696/2476 3072/2693/2477 3073/2697/2478
f 3074/2698/2479 3073/2697/2478 3072/2693/2477
f 3071/2677/2480 3075/2696/2472 3076/2682/2481
f 3077/2697/2482 3076/2682/2481 3075/2696/2472
f 3078/2693/2483 3079/2692/2484 3080/2698/2485
f 3079/2692/2484 3078/2693/2483 3081/2691/2486
f 3081/2691/2487 3082/2693/2488 3083/2690/2489
f 3084/2695/2490 3083/2690/2489 3082/2693/2488
f 3085/2699/2491 3086/2700/2492 3087/2701/2493
f 3088/2702/2494 3089/2701/2495 3090/2700/2496
f 3091/2703/2497 3092/2701/2498 3088/2702/2499
f 3092/2701/2498 3091/2703/2497 3093/2704/2500
f 3089/2701/2501 3094/2705/2502 3095/2699/2503
f 3096/2706/2504 3095/2699/2503 3094/2705/2502
f 3097/2704/2505 3098/2705/2506 3089/2701/2507
f 3098/2705/2506 3097/2704/2505 3099/2707/2508
f 3100/2708/2509 3101/2709/2510 3102/2710/2511
f 3103/2711/2512 3102/2710/2511 3101/2709/2510
f 3104/2709/2513 3100/2708/2514 3105/2712/2515
f 3106/2713/2516 3104/2709/2513 3105/2712/2515
f 3107/2705/2517 3108/2714/2518 3109/2706/2519
f 3110/2715/2520 3109/2706/2519 3108/2714/2518
f 3108/2714/2518 3111/2713/2521 3110/2715/2520
f 3111/2713/2521 3108/2714/2518 3112/2709/2522
f 3112/2709/2523 3113/2714/2524 3114/2711/2525
f 3115/2707/2526 3113/2714/2524 3107/2705/2527
f 3116/2716/2528 3114/2711/2525 3113/2714/2524
f 3113/2714/2524 3115/2707/2526 3116/2716/2528
f 3117/2717/2529 3118/2702/2530 3119/2700/2531
f 3118/2702/2530 3117/2717/2529 3120/2718/2532
f 3121/2719/2533 3120/2718/2534 3122/2717/2535
f 3120/2718/2534 3121/2719/2533 3123/2720/2536
f 3123/2720/2536 3124/2721/2537 3120/2718/2534
f 3120/2718/2534 3124/2721/2537 3125/2722/2538
f 3120/2718/2539 3126/2722/2540 3127/2702/2541
f 3127/2702/2541 3126/2722/2540 3128/2703/2542
f 3131/2723/2543 3132/2724/2544 3130/2725/2545
f 3130/2725/2545 3132/2724/2544 3129/2726/2546
f 3133/2727/2547 3129/2726/2546 3132/2724/2544
f 3135/2728/2548 3136/2729/2549 3134/2730/2550
f 3132/2724/2544 3131/2723/2543 3137/2731/2551
f 3136/2729/2549 3135/2728/2548 3138/2732/2552
f 3055/2733/2553 3138/2732/2552 3135/2728/2548
f 3056/2734/2554 3055/2733/2553 3135/2728/2548
f 3138/2732/2552 3139/2735/2555 3136/2729/2549
f 3055/2733/2553 3139/2735/2555 3138/2732/2552
f 3139/2735/2555 3140/2736/2556 3136/2729/2549
f 3139/2735/2555 3055/2733/2553 3054/2737/2557
f 3142/2738/2558 3143/2739/2559 3141/2740/2560
f 3143/2739/2559 3142/2738/2558 3144/2741/2309
f 3145/2742/2561 3143/2739/2559 3051/2688/2458
f 3144/2741/2309 3051/2688/2458 3143/2739/2559
f 3051/2688/2458 3146/2743/2562 3145/2742/2561
f 3144/2741/2309 3142/2738/2558 3052/2689/2459
f 3053/2744/2563 3052/2689/2459 3142/2738/2558
f 3052/2689/2459 3051/2688/2458 3144/2741/2309
f 3146/2743/2562 3051/2688/2458 3147/2745/2309
f 3150/2746/2564 3148/2747/2565 3146/2743/2562
f 3150/2746/2564 3146/2743/2562 3147/2745/2309
f 3048/2687/2457 3150/2746/2564 3147/2745/2309
f 3147/2745/2309 3051/2688/2458 3048/2687/2457
f 3150/2746/2564 3048/2687/2457 3049/2748/2566
f 3149/2749/2567 3154/2750/2309 3152/2751/2568
f 3154/2750/2309 3149/2749/2567 3151/2752/2569
f 3154/2750/2309 3153/2753/2570 3152/2751/2568
f 3153/2753/2570 3154/2750/2309 3155/2754/2571
f 3154/2750/2309 3156/2755/2572 3155/2754/2571
f 3156/2755/2572 3154/2750/2309 3157/2756/2573
f 3158/2757/2574 3154/2750/2309 3151/2752/2569
f 3154/2750/2309 3158/2757/2574 3157/2756/2573
f 3159/2758/2575 3160/2759/2576 3161/2760/2577
f 3160/2759/2576 3162/2761/2578 3161/2760/2577
f 3163/2762/2579 3164/2759/2580 3159/2758/2581
f 3164/2759/2580 3163/2762/2579 3165/2763/2582
f 3167/2758/2583 3168/2764/2584 3166/2762/2585
f 3168/2764/2584 3167/2758/2583 3169/2765/2586
f 3169/2765/2587 3171/2758/2588 3170/2766/2589
f 3171/2758/2588 3172/2760/2590 3170/2766/2589
f 3174/2767/2591 3173/2768/2592 3175/2769/2593
f 3173/2768/2592 3176/2770/2594 3175/2769/2593
f 3177/2771/2595 3175/2769/2593 3176/2770/2594
f 3175/2769/2593 3177/2771/2595 3178/2772/2596
f 3181/2773/2597 3180/2774/2598 3179/2775/2599
f 3182/2776/2600 3181/2773/2597 3179/2775/2599
f 3182/2776/2600 3183/2777/2601 3181/2773/2597
f 3183/2777/2601 3182/2776/2600 3184/2778/2602
f 3185/2779/2603 3183/2777/2601 3184/2778/2602
f 3183/2777/2601 3185/2779/2603 3186/2780/2604
f 3187/2781/2605 3186/2780/2604 3185/2779/2603
f 3186/2780/2604 3187/2781/2605 3188/2782/2606
f 3189/2783/2607 3190/2784/2608 3191/2785/2609
f 3190/2784/2608 3189/2783/2607 3192/2786/2610
f 3192/2786/2611 3194/2783/2612 3193/2787/2613
f 3195/2788/2614 3193/2787/2613 3194/2783/2612
f 3196/2789/2615 3197/2788/2614 3198/2790/2616
f 3199/2783/2617 3198/2790/2616 3197/2788/2614
f 3200/2785/2618 3201/2790/2619 3199/2783/2620
f 3201/2790/2619 3200/2785/2618 3202/2791/2621
f 3203/2792/2622 3204/2791/2623 3205/2793/2624
f 3204/2791/2623 3203/2792/2622 3206/2790/2625
f 3206/2790/2626 3207/2792/2627 3208/2789/2628
f 3209/2794/2629 3208/2789/2628 3207/2792/2627
f 3210/2795/2630 3211/2794/2631 3212/2796/2632
f 3213/2792/2633 3212/2796/2632 3211/2794/2631
f 3214/2793/2634 3215/2796/2635 3213/2792/2636
f 3215/2796/2635 3214/2793/2634 3216/2797/2637
f 3217/2798/2638 3218/2797/2639 3219/2799/2640
f 3218/2797/2639 3217/2798/2638 3220/2796/2641
f 3220/2796/2642 3221/2798/2643 3222/2795/2644
f 3223/2800/2645 3222/2795/2644 3221/2798/2643
f 3224/2801/2646 3225/2800/2647 3226/2802/2648
f 3227/2798/2649 3226/2802/2648 3225/2800/2647
f 3228/2799/2650 3229/2802/2651 3227/2798/2652
f 3229/2802/2651 3228/2799/2650 3230/2803/2653
f 3231/2804/2654 3232/2803/2655 3233/2805/2656
f 3232/2803/2655 3231/2804/2654 3234/2802/2657
f 3234/2802/2658 3235/2804/2659 3236/2801/2646
f 3237/2806/2660 3236/2801/2646 3235/2804/2659
f 3238/2807/2661 3239/2808/2662 3240/2809/2663
f 3239/2808/2662 3238/2807/2661 3241/2810/2664
f 3242/2811/2665 3243/2808/2666 3241/2810/2667
f 3243/2808/2666 3242/2811/2665 3244/2812/2668
f 3245/2810/2669 3246/2813/2670 3247/2811/2665
f 3246/2813/2670 3245/2810/2669 3248/2814/2671
f 3249/2810/2672 3250/2815/2673 3248/2814/2674
f 3250/2815/2673 3249/2810/2672 3251/2807/2675
f 3252/2816/2676 3253/2812/2668 3254/2817/2677
f 3253/2812/2668 3252/2816/2676 3255/2808/2678
f 3256/2816/2679 3257/2809/2680 3255/2808/2681
f 3257/2809/2680 3256/2816/2679 3258/2818/2682
f 3259/2819/2683 3260/2814/2684 3261/2815/2685
f 3260/2814/2684 3259/2819/2683 3262/2820/2686
f 3263/2821/2687 3264/2814/2688 3262/2820/2689
f 3264/2814/2688 3263/2821/2687 3265/2813/2690
f 3266/2822/2691 3267/2823/2692 3268/2824/2693
f 3268/2824/2693 3267/2823/2692 3269/2825/2694
f 3270/2805/2656 3268/2824/2693 3271/2804/2695
f 3271/2804/2695 3268/2824/2693 3272/2806/2660
f 3273/2826/2696 3274/2827/2697 3267/2823/2698
f 3273/2826/2696 3275/2828/2699 3274/2827/2697
f 3274/2827/2697 3276/2829/2700 3267/2823/2698
f 3276/2829/2700 3274/2827/2697 3277/2830/2701
f 3274/2827/2697 3278/2817/2702 3279/2830/2703
f 3274/2827/2697 3280/2816/2704 3278/2817/2702
f 3274/2827/2697 3281/2818/2682 3280/2816/2704
f 3281/2818/2682 3274/2827/2697 3282/2828/2705
f 3283/2823/2706 3284/2822/2707 3285/2826/2696
f 3286/2824/2708 3287/2805/2709 3284/2822/2707
f 3288/2829/2710 3289/2825/2694 3290/2823/2711
f 3289/2825/2712 3291/2806/2713 3292/2824/2714
f 3293/2831/2625 3294/2832/2715 3295/2833/2716
f 3296/2834/2717 3297/2835/2718 3298/2836/2719
f 3297/2835/2718 3296/2834/2717 3299/2837/2720
f 3300/2834/2721 3301/2838/2722 3299/2837/2723
f 3301/2838/2722 3300/2834/2721 3302/2839/2724
f 3305/2840/2725 3306/2841/2726 3303/2842/2727
f 3306/2841/2726 3305/2840/2725 3307/2843/2728
f 3308/2839/2724 3309/2843/2729 3304/2840/2730
f 3309/2843/2729 3308/2839/2724 3310/2834/2731
f 3312/2836/2732 3313/2843/2733 3310/2834/2734
f 3313/2843/2733 3312/2836/2732 3314/2844/2735
f 3315/2845/2736 3316/2837/2737 3311/2838/2722
f 3316/2837/2737 3315/2845/2736 3317/2846/2738
f 3318/2847/2739 3319/2837/2740 3317/2846/2741
f 3319/2837/2740 3318/2847/2739 3320/2835/2718
f 3322/2841/2742 3323/2844/2743 3321/2848/2744
f 3323/2844/2743 3322/2841/2742 3307/2843/2745
f 3325/2849/2746 3326/2850/2747 3327/2851/2748
f 3325/2849/2746 3327/2851/2748 3328/2852/2749
f 3327/2851/2748 3329/2853/2750 3328/2852/2749
f 3329/2853/2750 3327/2851/2748 3330/2854/2751
f 3331/2855/2752 3332/2856/2753 3333/2857/2754
f 3334/2858/2755 3333/2857/2754 3332/2856/2753
f 3335/2859/2756 3336/2857/2757 3334/2858/2758
f 3336/2857/2757 3335/2859/2756 3337/2860/2759
f 3338/2856/2760 3339/2861/2449 3340/2858/2761
f 3341/2862/2762 3340/2858/2761 3339/2861/2449
f 3342/2863/2454 3343/2858/2763 3341/2862/2764
f 3343/2858/2763 3342/2863/2454 3344/2859/2765
f 3348/2864/2766 3350/2865/2767 3349/2866/2768
f 3353/2867/2769 3352/2868/2770 3354/2869/2771
f 3355/2870/2772 3353/2867/2769 3354/2869/2771
f 3351/2871/2773 3356/2868/2774 3357/2872/2775
f 3358/2867/2776 3357/2872/2775 3356/2868/2774
f 3359/2873/2777 3360/2867/2778 3355/2870/2779
f 3360/2867/2778 3359/2873/2777 3361/2874/2780
f 3362/2874/2781 3363/2872/2782 3358/2867/2783
f 3363/2872/2782 3362/2874/2781 3364/2875/2784
f 3365/2876/2785 3366/2877/2786 3367/2878/2787
f 3365/2876/2785 3367/2878/2787 3368/2879/2788
f 3367/2878/2787 3369/2880/2789 3368/2879/2788
f 3369/2880/2789 3367/2878/2787 3370/2881/2790
f 3371/2877/2791 3372/2882/2792 3367/2878/2793
f 3371/2877/2791 3373/2883/2794 3372/2882/2792
f 3372/2882/2792 3374/2881/2795 3367/2878/2793
f 3374/2881/2795 3372/2882/2792 3375/2884/2796
f 3377/2820/2797 3378/2885/2798 3376/2886/2799
f 3379/2820/2800 3376/2886/2801 3380/2887/2802
f 3381/2880/2789 3382/2888/2803 3368/2879/2804
f 3383/2889/2805 3368/2879/2804 3382/2888/2803
f 3384/2890/2806 3385/2879/2807 3383/2889/2808
f 3385/2879/2807 3384/2890/2806 3386/2876/2809
f 3387/2857/2810 3383/2889/2811 3388/2855/2752
f 3389/2888/2812 3388/2855/2752 3383/2889/2811
f 3390/2860/2813 3391/2889/2814 3387/2857/2815
f 3391/2889/2814 3390/2860/2813 3392/2890/2806
f 3394/2891/2816 3393/2892/2309 3396/2893/2555
f 3394/2891/2816 3396/2893/2555 3395/2894/2816
f 3397/2895/2817 3396/2893/2555 3393/2892/2309
f 3396/2893/2555 3397/2895/2817 3398/2896/2818
f 3402/2897/2819 3401/2898/2820 3400/2899/2821
f 3401/2898/2820 3402/2897/2819 3403/2900/2822
f 3400/2899/2821 3404/2901/2823 3402/2897/2819
f 3400/2899/2821 3399/2902/2545 3404/2901/2823
f 3405/2903/2824 3404/2901/2823 3399/2902/2545
f 3404/2901/2823 3405/2903/2824 3348/2864/2766
f 3350/2865/2767 3348/2864/2766 3405/2903/2824
f 3407/2904/2825 3406/2905/2309 3409/2906/2826
f 3407/2904/2825 3409/2906/2826 3408/2907/2827
f 3347/2908/2828 3409/2906/2826 3406/2905/2309
f 3409/2906/2826 3347/2908/2828 3346/2909/2829
f 3413/2910/2830 3410/2911/2831 3412/2912/2832
f 3410/2911/2831 3413/2910/2830 3411/2913/2833
f 3345/2914/2834 3413/2910/2830 3412/2912/2832
f 3415/2915/2835 3414/2916/2836 3416/2917/2837
f 3416/2917/2837 3417/2918/2838 3415/2915/2835
f 3414/2916/2836 3418/2919/2839 3416/2917/2837
f 3418/2919/2839 3414/2916/2836 3419/2920/2571
f 3420/2921/2840 3418/2919/2839 3419/2920/2571
f 3418/2919/2839 3420/2921/2840 3421/2922/2841
f 3413/2910/2830 3345/2914/2834 3422/2923/2842
f 3423/2924/2843 3421/2922/2841 3420/2921/2840
f 3421/2922/2841 3423/2924/2843 3424/2925/2844
f 3425/2926/2845 3424/2925/2844 3423/2924/2843
f 3424/2925/2844 3425/2926/2845 3426/2927/2846
f 3427/2928/2602 3426/2927/2846 3425/2926/2845
f 3426/2927/2846 3427/2928/2602 3428/2929/2847
f 3427/2928/2602 3429/2930/2848 3428/2929/2847
f 3427/2928/2602 3430/2931/2849 3429/2930/2848
f 3430/2931/2849 3431/2918/2850 3429/2930/2848
f 3431/2918/2850 3430/2931/2849 3432/2915/2851
f 3433/2850/2852 3434/2932/2853 3327/2851/2854
f 3433/2850/2852 3435/2933/2855 3434/2932/2853
f 3434/2932/2853 3436/2854/2856 3327/2851/2854
f 3436/2854/2856 3434/2932/2853 3437/2934/2857
f 3438/2853/2858 3439/2935/2859 3328/2852/2860
f 3440/2831/2626 3328/2852/2860 3439/2935/2859
f 3441/2935/2861 3442/2936/2862 3440/2831/2863
f 3324/2937/2864 3440/2831/2863 3442/2936/2862
f 3443/2832/2865 3440/2831/2863 3324/2937/2864
f 3444/2833/2866 3445/2852/2867 3440/2831/2868
f 3445/2852/2867 3444/2833/2866 3446/2849/2869
f 3450/2938/2870 3448/2939/2871 3449/2940/2872
f 3448/2939/2871 3450/2938/2870 3451/2941/2873
f 3448/2939/2871 3451/2941/2873 3447/2942/2874
f 3451/2941/2873 3452/2943/2875 3447/2942/2874
f 3453/2944/2876 3450/2938/2870 3449/2940/2872
f 3450/2938/2870 3453/2944/2876 3454/2945/2877
f 3455/2946/2878 3454/2945/2877 3453/2944/2876
f 3454/2945/2877 3455/2946/2878 3456/2947/2879
f 3459/2948/2880 3458/2949/2881 3457/2950/2882
f 3458/2949/2881 3459/2948/2880 3460/2951/2312
f 3459/2948/2880 3457/2950/2882 3461/2952/2883
f 3463/2948/2884 3462/2953/2885 3464/2951/2316
f 3465/2954/2886 3466/2955/2887 3467/2956/2888
f 3470/2957/2889 3469/2958/2890 3471/2959/2891
f 3472/2960/2892 3470/2957/2889 3471/2959/2891
f 3470/2957/2889 3473/2961/2893 3469/2958/2890
f 3474/2962/2894 3469/2958/2890 3473/2961/2893
f 3473/2961/2893 3470/2957/2889 3475/2963/2895
f 3476/2964/2896 3475/2963/2895 3470/2957/2889
f 3475/2963/2895 3477/2965/2384 3473/2961/2893
f 3470/2957/2889 3468/2966/2897 3476/2964/2896
f 3468/2966/2897 3470/2957/2889 3472/2960/2892
f 3472/2960/2892 3478/2967/2898 3468/2966/2897
f 3478/2967/2898 3472/2960/2892 3479/2968/2899
f 3479/2968/2899 3480/2969/2396 3478/2967/2898
f 3480/2969/2396 3479/2968/2899 3481/2970/2900
f 3481/2970/2900 3479/2968/2899 3482/2971/2901
f 3484/2972/2902 3483/2973/2903 3485/2974/2904
f 3483/2973/2903 3484/2972/2902 3486/2975/2905
f 3488/2976/2906 3487/2977/2907 3489/2978/2908
f 3490/2979/2909 3491/2976/2906 3492/2978/2910
f 3495/2980/2911 3496/2981/2912 3494/2982/2913
f 3496/2981/2912 3495/2980/2911 3497/2983/2914
f 3497/2983/2915 3493/2984/2735 3498/2981/2916
f 3493/2984/2735 3497/2983/2915 3499/2985/2917
f 3499/2985/2917 3500/2986/2918 3493/2984/2735
f 3500/2986/2918 3499/2985/2917 3501/2987/2919
f 3503/2988/2920 3504/2989/2921 3502/2990/2922
f 3504/2989/2921 3503/2988/2920 3505/2991/2923
f 3506/2992/2924 3502/2990/2922 3504/2989/2921
f 3505/2991/2923 3507/2993/2925 3504/2989/2921
f 3508/2994/2926 3504/2989/2921 3507/2993/2925
f 3504/2989/2921 3508/2994/2926 3506/2992/2924
f 3507/2993/2925 3474/2962/2894 3508/2994/2926
f 3473/2961/2893 3508/2994/2926 3474/2962/2894
f 3508/2994/2926 3473/2961/2893 3477/2965/2384
f 3477/2965/2384 3506/2992/2924 3508/2994/2926
f 3509/2995/2927 3510/2996/2928 3511/2997/2334
f 3512/2998/2929 3513/2995/2930 3514/2999/2338
f 3515/2997/2931 3514/2999/2338 3513/2995/2930
f 3517/3000/2932 3518/3001/2222 3516/3002/2858
f 3518/3001/2222 3517/3000/2932 3519/3003/2222
f 3519/3003/2222 3520/3004/2933 3518/3001/2222
f 3520/3004/2933 3519/3003/2222 3521/3005/2934
f 3522/2996/2928 3523/2995/2927 3524/2956/2935
f 3526/3006/2936 3525/3007/2937 3527/3008/2222
f 3527/3008/2222 3525/3007/2937 3528/3009/2938
f 3527/3008/2222 3528/3009/2938 3529/3010/2752
f 3529/3010/2752 3528/3009/2938 3530/3011/2939
f 3531/2974/2940 3532/3012/2941 3533/2972/2942
f 3534/3013/2943 3533/2972/2942 3532/3012/2941
f 3536/3014/2944 3537/3015/2945 3538/3016/2946
f 3539/3017/2947 3538/3016/2946 3537/3015/2945
f 3538/3016/2946 3539/3017/2947 3540/3018/2948
f 3541/3019/2949 3540/3018/2948 3539/3017/2947
f 3540/3018/2948 3542/3020/2950 3538/3016/2946
f 3543/3021/2951 3538/3016/2946 3542/3020/2950
f 3538/3016/2946 3543/3021/2951 3536/3014/2944
f 3542/3020/2950 3544/3011/2939 3543/3021/2951
f 3535/3022/2952 3536/3014/2944 3543/3021/2951
f 3545/3009/2953 3543/3021/2951 3544/3011/2939
f 3543/3021/2951 3545/3009/2953 3535/3022/2952
f 3546/3007/2954 3535/3022/2952 3545/3009/2953
f 3547/3023/2955 3548/3024/2956 3549/3025/2957
f 3548/3024/2956 3550/3026/2958 3549/3025/2957
f 3550/3026/2958 3548/3024/2956 3551/3027/2959
f 3552/3028/2960 3550/3026/2958 3551/3027/2959
f 3550/3026/2958 3552/3028/2960 3553/3029/2961
f 3552/3028/2960 3554/3030/2962 3553/3029/2961
f 3554/3030/2962 3552/3028/2960 3555/3031/2963
f 3554/3030/2962 3555/3031/2963 3556/3032/2964
f 3557/3033/2965 3554/3030/2962 3556/3032/2964
f 3557/3033/2965 3556/3032/2964 3558/3034/2966
f 3559/3035/2967 3557/3033/2965 3558/3034/2966
f 3558/3034/2966 3560/3036/2968 3559/3035/2967
f 3560/3036/2968 3558/3034/2966 3561/3037/2969
f 3563/3038/2970 3565/3039/2971 3564/3040/2972
f 3565/3039/2971 3563/3038/2970 3562/3041/2973
f 3562/3041/2973 3566/3042/2974 3565/3039/2971
f 3566/3042/2974 3562/3041/2973 3567/3043/2975
f 3568/3012/2976 3569/3044/2977 3570/3013/2978
f 3571/3045/2979 3570/3013/2978 3569/3044/2977
f 3573/3046/2980 3574/3047/2461 3572/3048/2981
f 3574/3047/2461 3573/3046/2980 3575/3049/2982
f 3575/3049/2982 3573/3046/2980 3576/3050/2983
f 3577/3051/2984 3578/2975/2985 3579/3052/2986
f 3578/2975/2985 3577/3051/2984 3580/2973/2987
f 3581/3053/2988 3583/3054/2989 3582/3055/2990
f 3583/3054/2989 3581/3053/2988 3584/3056/2991
f 3585/3057/2992 3587/3058/2993 3586/3059/2994
f 3588/3060/2893 3586/3059/2994 3587/3058/2993
f 3587/3058/2993 3589/3061/2995 3588/3060/2893
f 3590/3062/2996 3588/3060/2893 3589/3061/2995
f 3589/3061/2995 3591/3063/2997 3590/3062/2996
f 3592/3064/2998 3590/3062/2996 3591/3063/2997
f 3591/3063/2997 3593/3065/2999 3592/3064/2998
f 3594/3066/3000 3592/3064/2998 3593/3065/2999
f 3593/3065/2999 3595/3067/3001 3594/3066/3000
f 3596/3068/3002 3594/3066/3000 3595/3067/3001
f 3597/3069/3003 3596/3068/3002 3595/3067/3001
f 3598/3070/3004 3596/3068/3002 3597/3069/3003
f 3597/3069/3003 3600/3071/3005 3598/3070/3004
f 3600/3071/3005 3597/3069/3003 3599/3072/3006
f 3601/3073/3007 3602/3074/3008 3603/3075/3009
f 3602/3074/3008 3601/3073/3007 3604/3076/3010
f 3605/3077/3011 3606/3052/3012 3607/3078/3013
f 3606/3052/3012 3605/3077/3011 3608/3051/3014
f 3609/3079/2710 3610/3078/3015 3611/3080/3013
f 3610/3078/3015 3609/3079/2710 3612/3077/3016
f 3613/3080/3017 3614/3081/3018 3615/3079/2700
f 3616/3082/3019 3617/3083/3020 3614/3081/3021
f 3618/3083/2713 3619/3082/3022 3620/3084/3023
f 3621/3081/2712 3622/3080/3013 3623/3082/3024
f 3626/3085/2222 3624/3086/2789 3625/3087/3025
f 3624/3086/2789 3626/3085/2222 3627/3088/3026
f 3628/3089/3027 3627/3088/3026 3626/3085/2222
f 3627/3088/3026 3628/3089/3027 3629/3090/3028
f 3632/3091/3029 3630/3087/2790 3631/3092/2796
f 3630/3087/2790 3632/3091/3029 3633/3085/3030
f 3634/3093/3031 3633/3085/3030 3632/3091/3029
f 3633/3085/3030 3634/3093/3031 3635/3089/3032
f 3636/2982/3033 3637/3094/3034 3638/2980/3035
f 3637/3094/3034 3636/2982/3033 3639/3095/3036
f 3640/3096/3037 3641/2987/3038 3642/3097/3039
f 3641/2987/3038 3640/3096/3037 3643/2986/3040
f 3645/3017/3041 3644/3015/3042 3646/3098/3043
f 3647/3099/3044 3645/3017/3041 3646/3098/3043
f 3648/3019/3045 3645/3017/3041 3647/3099/3044
f 3649/3100/3046 3648/3019/3045 3647/3099/3044
f 3647/3099/3044 3650/3101/3047 3649/3100/3046
f 3650/3101/3047 3647/3099/3044 3651/3102/3048
f 3646/3098/3043 3651/3102/3048 3647/3099/3044
f 3651/3102/3048 3646/3098/3043 3652/3103/3049
f 3654/3102/3050 3655/3048/3051 3653/3101/2470
f 3655/3048/3051 3654/3102/3050 3656/3046/3052
f 3656/3046/3053 3657/3102/3054 3658/3104/3055
f 3657/3102/3054 3659/3103/3056 3658/3104/3055
f 3660/3105/3057 3661/3096/3058 3662/3097/3059
f 3661/3096/3058 3660/3105/3057 3663/3106/3060
f 3664/3107/3061 3665/3076/3062 3666/3073/3063
f 3665/3076/3062 3664/3107/3061 3667/3108/3064
f 3668/3106/3065 3669/2975/3066 3670/2972/3067
f 3669/2975/3066 3668/3106/3065 3671/3105/3068
f 3674/3109/3069 3672/3110/3070 3673/3111/3071
f 3675/3109/3072 3677/3112/3073 3676/3113/3074
f 3678/3114/3075 3679/3115/3076 3680/3116/2542
f 3679/3115/3076 3678/3114/3075 3681/3117/3077
f 3682/3112/3078 3683/3118/3079 3684/3113/3080
f 3683/3118/3079 3682/3112/3078 3685/3119/3081
f 3686/3120/3082 3687/3083/3083 3688/3084/2921
f 3687/3083/3083 3686/3120/3082 3689/3121/3084
f 3688/3084/2921 3690/3122/3085 3686/3120/3082
f 3690/3122/3085 3688/3084/2921 3691/3123/3086
f 3692/3124/3087 3686/3120/3082 3690/3122/3085
f 3693/3084/3088 3694/3125/3089 3691/3123/3090
f 3694/3125/3089 3693/3084/3088 3695/3082/3091
f 3686/3120/3082 3692/3124/3087 3696/3126/2222
f 3696/3126/2222 3689/3121/3084 3686/3120/3082
f 3692/3124/3087 3697/3127/3092 3696/3126/2222
f 3689/3121/3084 3696/3126/2222 3698/3128/3093
f 3696/3126/2222 3697/3127/3092 3699/3129/2222
f 3696/3126/2222 3699/3129/2222 3698/3128/3093
f 3697/3127/3092 3700/3130/3094 3699/3129/2222
f 3698/3128/3093 3699/3129/2222 3701/3131/3095
f 3699/3129/2222 3700/3130/3094 3702/3132/2222
f 3699/3129/2222 3702/3132/2222 3701/3131/3095
f 3700/3130/3094 3703/3133/3096 3702/3132/2222
f 3701/3131/3095 3702/3132/2222 3704/3134/3097
f 3702/3132/2222 3703/3133/3096 3705/3135/2222
f 3702/3132/2222 3705/3135/2222 3704/3134/3097
f 3703/3133/3096 3706/3136/3098 3705/3135/2222
f 3704/3134/3097 3705/3135/2222 3707/3137/2615
f 3708/3138/3099 3705/3135/2222 3706/3136/3098
f 3705/3135/2222 3708/3138/3099 3707/3137/2615
f 3706/3136/3098 3709/3139/3100 3708/3138/3099
f 3710/3140/3101 3707/3137/2615 3708/3138/3099
f 3711/3141/3102 3708/3138/3099 3709/3139/3100
f 3708/3138/3099 3711/3141/3102 3710/3140/3101
f 3709/3139/3100 3712/3142/3103 3711/3141/3102
f 3713/3143/3104 3710/3140/3101 3711/3141/3102
f 3714/3144/2938 3711/3141/3102 3712/3142/3103
f 3711/3141/3102 3714/3144/2938 3713/3143/3104
f 3712/3142/3103 3715/3145/3105 3714/3144/2938
f 3716/3146/3106 3713/3143/3104 3714/3144/2938
f 3717/3147/3107 3714/3144/2938 3715/3145/3105
f 3714/3144/2938 3717/3147/3107 3716/3146/3106
f 3715/3145/3105 3718/3148/3108 3717/3147/3107
f 3719/3149/3109 3716/3146/3106 3717/3147/3107
f 3720/2998/3110 3717/3147/3107 3718/3148/3108
f 3717/3147/3107 3720/2998/3110 3719/3149/3109
f 3721/2999/3111 3719/3149/3109 3720/2998/3110
f 3718/3148/3108 3722/3150/3112 3723/2998/3113
f 3724/2995/2955 3723/2998/3113 3722/3150/3112
f 3725/3151/2894 3726/3119/3114 3727/3117/3115
f 3726/3119/3114 3725/3151/2894 3728/3118/3116
f 3729/3117/3117 3730/3152/2508 3731/3115/3118
f 3730/3152/2508 3729/3117/3117 3732/3119/3119
f 3733/3153/3120 3734/3117/3121 3735/3114/3122
f 3734/3117/3121 3733/3153/3120 3736/3151/3123
f 3737/3105/3124 3738/3154/3125 3739/2975/3126
f 3738/3154/3125 3740/3052/3127 3739/2975/3126
f 3741/3155/3128 3742/3119/3129 3743/3112/3130
f 3742/3119/3129 3741/3155/3128 3744/3152/3131
f 3745/3090/3132 3746/3156/3133 3747/3088/3134
f 3747/3088/3134 3746/3156/3133 3748/3157/3135
f 3747/3088/3136 3749/3157/3137 3750/3086/3138
f 3750/3086/3138 3749/3157/3137 3751/3158/3139
f 3753/3157/3140 3754/3008/3141 3752/3158/3142
f 3752/3158/3142 3754/3008/3141 3755/3010/3143
f 3756/2972/3144 3757/3159/3145 3758/3106/3146
f 3757/3159/3145 3756/2972/3144 3759/3013/3147
f 3761/3112/3148 3762/3160/3149 3760/3155/3128
f 3762/3160/3149 3761/3112/3148 3763/3111/3150
f 3763/3111/3150 3761/3112/3148 3764/3109/3072
f 3765/3161/3151 3767/3162/3152 3766/3163/3153
f 3767/3162/3152 3765/3161/3151 3768/3164/3154
f 3768/3164/3155 3770/3165/3156 3771/3162/3157
f 3770/3165/3156 3768/3164/3155 3772/3166/3158
f 3769/3116/3159 3773/3162/3160 3774/3114/3161
f 3773/3162/3160 3769/3116/3159 3775/3163/2538
f 3777/3114/3162 3778/3165/3163 3776/3153/3164
f 3778/3165/3163 3777/3114/3162 3779/3162/3165
f 3780/3167/3166 3781/3105/3167 3782/3097/3168
f 3783/3105/3169 3784/3167/3170 3785/3154/3171
f 3786/3097/3168 3787/3168/3172 3788/3167/3173
f 3789/3168/3174 3790/3097/3168 3791/2987/3175
f 3792/3080/3176 3793/3169/3177 3794/3170/3178
f 3793/3169/3177 3792/3080/3176 3795/3078/3176
f 3795/3078/3176 3796/3052/3179 3797/3169/3180
f 3798/3154/3181 3797/3169/3180 3796/3052/3179
f 3799/2983/3182 3800/3171/3183 3801/3172/3184
f 3800/3171/3183 3799/2983/3182 3802/2980/3185
f 3803/3013/3186 3804/3173/3187 3805/3159/3188
f 3804/3173/3187 3803/3013/3186 3806/3045/3189
f 3807/3170/3190 3808/3082/3191 3809/3080/3176
f 3808/3082/3191 3807/3170/3190 3810/3125/3089
f 3812/3054/3192 3811/3174/2816 3813/3175/2816
f 3813/3175/2816 3814/3055/3193 3812/3054/3192
f 3815/3176/3194 3817/3040/3195 3816/3039/3196
f 3817/3040/3195 3815/3176/3194 3818/3177/3197
f 3818/3177/3197 3819/3036/3198 3817/3040/3195
f 3820/2968/3199 3821/2960/2892 3822/3178/3200
f 3823/3046/3201 3824/3104/3202 3825/3050/3203
f 3826/3150/3204 3827/3179/3205 3828/2995/3206
f 3829/2956/3207 3828/2995/3206 3827/3179/3205
f 3819/3036/3198 3818/3177/3197 3830/3180/3208
f 3830/3180/3208 3831/3181/3209 3819/3036/3198
f 3831/3181/3209 3832/3035/3210 3819/3036/3198
f 3831/3181/3209 3833/3182/3211 3832/3035/3210
f 3833/3182/3211 3834/3033/3212 3832/3035/3210
f 3833/3182/3211 3835/3030/3213 3834/3033/3212
f 3835/3030/3213 3833/3182/3211 3836/3183/3214
f 3836/3183/3214 3837/3184/3215 3835/3030/3213
f 3837/3184/3215 3838/3029/3216 3835/3030/3213
f 3837/3184/3215 3839/3026/3217 3838/3029/3216
f 3839/3026/3217 3837/3184/3215 3840/3185/3218
f 3841/3186/3219 3839/3026/3217 3840/3185/3218
f 3839/3026/3217 3841/3186/3219 3842/3025/3220
f 3841/3186/3219 3843/3023/3221 3842/3025/3220
f 3843/3023/3221 3841/3186/3219 3844/3187/3222
f 3845/3188/3223 3843/3023/3221 3844/3187/3222
f 3843/3023/3221 3845/3188/3223 3846/3189/3224
f 3849/3190/3225 3848/3189/3226 3847/3191/3227
f 3848/3189/3226 3849/3190/3225 3547/3023/2955
f 3548/3024/2956 3547/3023/2955 3849/3190/3225
f 3850/3192/3228 3851/3075/3229 3852/3193/3230
f 3851/3075/3229 3850/3192/3228 3853/3073/3229
f 3854/3194/3231 3855/3073/3229 3850/3192/3232
f 3855/3073/3229 3854/3194/3231 3856/3107/3233
f 3858/3050/3234 3857/3195/3235 3859/3049/3236
f 3857/3195/3235 3860/3196/3237 3859/3049/3236
f 3862/3157/3135 3861/3006/3238 3863/3008/3239
f 3864/3156/3240 3861/3006/3238 3862/3157/3135
f 3867/2985/3026 3866/3168/3241 3868/2987/3242
f 3866/3168/3241 3867/2985/3026 3869/3197/3243
f 3869/3197/3243 3870/2983/3244 3865/3172/3245
f 3870/2983/3244 3869/3197/3243 3867/2985/3026
f 3872/3178/3246 3871/2971/3247 3873/2968/3248
f 3874/2980/3249 3875/3198/3250 3876/3171/3183
f 3875/3198/3250 3874/2980/3249 3877/3094/3251
f 3879/3199/3252 3880/3003/2222 3878/3000/2932
f 3880/3003/2222 3879/3199/3252 3881/3200/3253
f 3881/3200/3253 3882/3005/2934 3880/3003/2222
f 3882/3005/2934 3881/3200/3253 3883/3201/3254
f 3884/3004/3255 3885/3202/3256 3886/3001/3257
f 3886/3001/3257 3885/3202/3256 3887/3203/3258
f 3886/3001/3259 3888/3203/3140 3889/3002/3260
f 3889/3002/3260 3888/3203/3140 3890/3204/3261
f 3891/3205/3262 3892/3204/3263 3893/3206/3264
f 3894/3203/3152 3893/3206/3264 3892/3204/3263
f 3893/3206/3265 3895/3203/3266 3896/3207/3267
f 3897/3202/3268 3896/3207/3267 3895/3203/3266
f 3898/3207/3269 3899/3208/3270 3900/3206/2953
f 3503/2988/2920 3900/3206/2953 3899/3208/3270
f 3900/3206/2953 3503/2988/2920 3901/3205/2414
f 3502/2990/2922 3901/3205/2414 3503/2988/2920
f 3899/3208/3270 3505/2991/2923 3503/2988/2920
f 3903/2960/3271 3902/2959/3272 3904/3178/3246
f 3905/3209/3273 3906/3210/3274 3907/2970/3275
f 3908/2971/3276 3905/3209/3273 3907/2970/3275
f 3909/2954/3277 3910/2956/3278 3911/3211/3279
f 3912/3179/3280 3911/3211/3279 3910/2956/3278
f 3915/3212/3141 3914/3213/3281 3913/3214/3282
f 3915/3212/3141 3913/3214/3282 3916/2952/3283
f 3919/3212/3284 3918/3215/3285 3917/3216/3286
f 3919/3212/3284 3917/3216/3286 3920/3071/3287
f 3922/3217/3288 3921/3218/3289 3923/2610/3290
f 3924/3219/2603 3922/3217/3291 3925/2610/3292
f 3927/3220/3293 3928/3221/3294 3926/3222/3295
f 3928/3221/3294 3927/3220/3293 3929/3223/3296
f 3930/3224/3297 3931/3221/3298 3929/3223/3299
f 3931/3221/3298 3930/3224/3297 3932/3225/3300
f 3934/3226/3301 3935/3227/3302 3936/2660/2408
f 3935/3227/3303 3937/3228/3304 3938/2660/2408
f 3941/3229/3305 3942/3225/3306 3933/3230/3307
f 3942/3225/3306 3941/3229/3305 3943/3221/3308
f 3944/3231/3309 3945/3232/3310 3946/3233/3311
f 3945/3232/3310 3944/3231/3309 3947/3234/3312
f 3948/3235/3313 3949/3231/3314 3946/3233/3315
f 3949/3231/3314 3948/3235/3313 3950/3236/3316
f 3951/3237/3317 3952/3235/3318 3946/3233/3319
f 3952/3235/3318 3951/3237/3317 3953/3238/3320
f 3954/3232/3321 3955/3237/3322 3946/3233/3323
f 3955/3237/3322 3954/3232/3321 3956/3239/3324
f 3959/3240/3325 3957/3241/3326 3958/3242/3327
f 3957/3241/3326 3959/3240/3325 3960/3243/3328
f 3961/3244/3329 3962/3241/3330 3960/3243/3331
f 3962/3241/3330 3961/3244/3329 3963/3245/3332
f 3965/3246/3333 3966/3243/3334 3964/3240/3335
f 3966/3243/3334 3965/3246/3333 3967/3247/3336
f 3968/3248/3337 3969/3243/3338 3967/3247/3339
f 3969/3243/3338 3968/3248/3337 3970/3244/3340
f 3972/3249/3341 3973/3250/3342 3974/3251/3343
f 3971/3252/3344 3973/3250/3342 3972/3249/3341
f 3974/3251/3343 3975/3253/2801 3972/3249/3341
f 3972/3249/3341 3975/3253/2801 3971/3252/3344
f 3975/3253/2801 3974/3251/3343 3976/3254/3345
f 3975/3253/2801 3977/3255/3346 3971/3252/3344
f 3982/3256/3347 3979/3257/3348 3978/3258/3349
f 3979/3257/3348 3982/3256/3347 3981/3259/3350
f 3980/3260/3351 3982/3256/3347 3978/3258/3349
f 3982/3256/3347 3983/3261/3352 3981/3259/3350
f 3982/3256/3347 3980/3260/3351 3984/3262/3353
f 3983/3261/3352 3982/3256/3347 3986/3263/3354
f 3986/3263/3354 3985/3264/3355 3983/3261/3352
f 3982/3256/3347 3987/3265/3356 3986/3263/3354
f 3987/3265/3356 3982/3256/3347 3984/3262/3353
f 3985/3264/3355 3986/3263/3354 3988/3266/2801
f 3989/3267/3357 3986/3263/3354 3987/3265/3356
f 3986/3263/3354 3989/3267/3357 3988/3266/2801
f 3990/3268/3358 3985/3264/3355 3988/3266/2801
f 3989/3267/3357 3990/3268/3358 3988/3266/2801
f 3990/3268/3358 3991/3269/2969 3985/3264/3355
f 3990/3268/3358 3989/3267/3357 3992/3270/3359
f 3995/3271/3360 3994/3272/3361 3993/3273/3362
f 3994/3272/3361 3995/3271/3360 3998/3274/3363
f 3999/3275/2801 3995/3271/3360 3996/3276/3364
f 3995/3271/3360 3999/3275/2801 3998/3274/3363
f 4000/3277/3365 3994/3272/3361 3998/3274/3363
f 3999/3275/2801 4000/3277/3365 3998/3274/3363
f 3994/3272/3361 4000/3277/3365 4001/3278/3366
f 3999/3275/2801 4002/3279/3367 4000/3277/3365
f 4005/3280/3368 4004/3281/3369 4003/3282/3370
f 3997/3283/3371 4005/3280/3368 4003/3282/3370
f 4005/3280/3368 4006/3284/3372 4004/3281/3369
f 4005/3280/3368 3997/3283/3371 4007/3285/3373
f 4008/3247/3374 4009/3286/3375 4010/3248/3042
f 4009/3286/3375 4008/3247/3374 4011/3287/3376
f 4012/3247/3377 4013/3288/3378 4011/3287/3379
f 4013/3288/3378 4012/3247/3377 4014/3246/3380
f 4017/3289/3381 4018/3290/3382 4016/3291/3383
f 4018/3290/3382 4017/3289/3381 4019/3292/3384
f 4021/3293/3385 4020/3294/2797 4022/3295/3386
f 4024/3296/3387 4025/3297/3388 4023/3294/3389
f 4026/3298/3390 4027/3299/3391 4028/3300/3392
f 4027/3299/3391 4026/3298/3390 4029/3301/3393
f 4030/3298/3394 4031/3302/3395 4029/3301/3396
f 4031/3302/3395 4030/3298/3394 4032/3303/3397
f 4033/3304/3398 4029/3301/3399 4034/3305/3400
f 4034/3305/3400 4029/3301/3399 4035/3306/3401
f 4036/2710/3402 4037/2708/3403 4034/3305/3400
f 4037/2708/3403 4038/2712/3404 4034/3305/3400
f 4039/3306/3405 4040/3301/3406 4041/3302/3407
f 4042/3301/3408 4043/3304/3398 4044/3299/3391
f 4045/3303/3409 4046/3307/3410 4047/3308/3411
f 4046/3307/3410 4045/3303/3409 4048/3298/3412
f 4049/3300/3413 4050/3307/3414 4048/3298/3415
f 4050/3307/3414 4049/3300/3413 4051/3309/3123
f 4052/3309/3416 4053/3310/3417 4054/3307/3418
f 4053/3310/3417 4052/3309/3416 4055/3311/3419
f 4056/3310/3420 4057/3308/3421 4054/3307/3422
f 4057/3308/3421 4056/3310/3420 4058/3312/3423
f 4060/3313/3163 4059/3314/3424 4061/3315/3425
f 4061/3315/3425 4062/3316/3426 4060/3313/3163
f 4061/3315/3425 4063/3317/3427 4062/3316/3426
f 4063/3317/3427 4061/3315/3425 4064/3318/3428
f 4065/3311/3429 4066/3313/3156 4062/3316/3426
f 4062/3316/3426 4067/3310/3430 4065/3311/3429
f 4062/3316/3426 4068/3312/3431 4067/3310/3430
f 4068/3312/3431 4062/3316/3426 4069/3317/3432
f 4070/3287/3433 4071/3291/3434 4015/3286/3375
f 4071/3291/3434 4070/3287/3433 4072/3289/3435
f 4073/3287/3436 4074/3319/3437 4072/3289/3438
f 4074/3319/3437 4073/3287/3436 4075/3288/3439
f 4076/3320/3440 4078/3292/3441 4077/3321/3442
f 4081/3292/3443 4080/3322/3444 4079/3290/3445
f 4082/3323/3446 4083/3324/3447 4084/3325/3448
f 4084/3325/3448 4086/3326/3449 4085/3327/3450
f 3973/3250/3342 4084/3325/3448 4083/3324/3447
f 4086/3326/3449 4084/3325/3448 3973/3250/3342
f 4083/3324/3447 3974/3251/3343 3973/3250/3342
f 3973/3250/3342 3971/3252/3344 4086/3326/3449
f 4087/3289/3451 4088/3321/3452 4019/3292/3453
f 4088/3321/3452 4087/3289/3451 4089/3319/3437
f 4090/3322/3454 4019/3292/3455 4091/3328/3456
f 4091/3328/3456 4019/3292/3455 4092/3320/3457
f 4095/3329/3458 4096/3330/3459 4094/3331/3460
f 4096/3330/3459 4095/3329/3458 4097/3332/3461
f 4098/3333/3462 4099/3330/3463 4097/3332/3464
f 4099/3330/3463 4098/3333/3462 3939/3334/2923
f 4101/3335/3421 4102/3332/3465 4093/3329/3466
f 4102/3332/3465 4101/3335/3421 4103/3229/3467
f 4104/3230/3468 4105/3332/3469 4103/3229/3470
f 4105/3332/3469 4104/3230/3468 3940/3333/2925
f 4106/3222/3295 4107/3229/3471 4100/3335/3421
f 4107/3229/3471 4106/3222/3295 3943/3221/3472
f 4108/3336/3473 4109/3337/3474 4110/3338/3475
f 4111/3337/3476 4112/3339/3477 4113/3340/3478
f 4114/3341/3479 4115/3342/3480 4116/3343/3481
f 4115/3342/3480 4114/3341/3479 4117/3344/3482
f 4118/3342/3483 4119/3345/3484 4116/3343/3485
f 4119/3345/3484 4118/3342/3483 4120/3346/3486
f 4122/3343/3487 4123/3334/2923 4121/3341/3488
f 4123/3334/2923 4122/3343/3487 4124/3330/3489
f 4125/3343/3490 4126/3331/3491 4124/3330/3492
f 4126/3331/3491 4125/3343/3490 4127/3345/3484
f 4128/3223/3493 4129/3340/3478 4130/3224/3494
f 4129/3340/3478 4128/3223/3493 4131/3337/3299
f 4132/3223/3296 4133/3338/3495 4131/3337/3296
f 4133/3338/3495 4132/3223/3296 4134/3220/3293
f 4135/3339/3496 4131/3337/3497 4136/3347/3498
f 4136/3347/3498 4131/3337/3497 4137/3336/3499
f 4138/3348/3500 4140/3349/3501 4139/3350/3100
f 4140/3349/3501 4138/3348/3500 4141/3351/3502
f 4142/3348/3503 4143/3352/3504 4141/3351/3505
f 4143/3352/3504 4142/3348/3503 4144/3353/3506
f 4145/3351/3507 4146/3354/3508 4147/3349/3509
f 4146/3354/3508 4145/3351/3507 4148/3355/3510
f 4149/3351/3511 4150/3356/3512 4148/3355/3513
f 4150/3356/3512 4149/3351/3511 4151/3352/3514
f 4152/3357/3515 4153/3355/3516 4154/3356/3512
f 4153/3355/3516 4152/3357/3515 4155/3358/3517
f 4156/3359/3518 4157/3355/3519 4155/3358/3520
f 4157/3355/3519 4156/3359/3518 4158/3354/3508
f 4159/3360/3521 4160/3361/3522 4161/3362/3523
f 4162/3363/3524 4160/3361/3522 4159/3360/3521
f 4163/3361/3525 4162/3363/3526 4164/3364/3527
f 4163/3361/3525 4164/3364/3527 4165/3365/3528
f 4166/3358/3520 4167/3365/3528 4168/3359/3518
f 4167/3365/3528 4166/3358/3520 4169/3361/3529
f 4170/3358/3530 4171/3362/3523 4169/3361/3522
f 4171/3362/3523 4170/3358/3530 4172/3357/3531
f 4173/3366/3532 4175/3367/3533 4174/3368/3534
f 4175/3367/3533 4173/3366/3532 4176/3369/3535
f 4177/3370/3536 4175/3367/3533 4176/3369/3535
f 4175/3367/3533 4177/3370/3536 4178/3371/3537
f 4182/3372/3538 4179/3373/3539 4181/3374/3540
f 4182/3372/3538 4181/3374/3540 4183/3375/3541
f 4185/3376/3542 4184/3377/3543 4180/3378/3544
f 4184/3377/3543 4185/3376/3542 4186/3379/3545
f 4187/3380/3546 4186/3379/3545 4185/3376/3542
f 4186/3379/3545 4187/3380/3546 4188/3381/3547
f 4189/3382/3548 4188/3381/3547 4187/3380/3546
f 4188/3381/3547 4189/3382/3548 4190/3383/3549
f 4191/3384/3550 4190/3383/3549 4189/3382/3548
f 4191/3384/3550 4189/3382/3548 4192/3385/3551
f 4192/3385/3551 4193/3375/3552 4191/3384/3550
f 4193/3375/3552 4192/3385/3551 4194/3372/3553
f 4197/3386/3554 4198/3387/3238 4199/3388/3555
f 4198/3387/3238 4197/3386/3554 4200/3389/3556
f 4202/3390/3557 4203/3391/3558 4204/3392/3559
f 4203/3391/3558 4202/3390/3557 4205/3386/3560
f 4206/3390/3561 4207/3389/2937 4205/3386/3562
f 4207/3389/2937 4206/3390/3561 4208/3393/2952
f 4210/3394/3563 4212/3395/3349 4209/3396/3564
f 4211/3397/3565 4209/3396/3564 4212/3395/3349
f 4211/3397/3565 4212/3395/3349 4213/3398/3566
f 4212/3395/3349 4210/3394/3563 4214/3399/3567
f 4218/3400/3568 4221/3401/3569 4219/3402/3570
f 4221/3401/3569 4218/3400/3568 4220/3403/3571
f 4219/3402/3570 4222/3404/3572 4216/3405/3573
f 4222/3404/3572 4219/3402/3570 4221/3401/3569
f 4222/3404/3572 4217/3406/3574 4216/3405/3573
f 4223/3407/3575 4225/3408/3576 4224/3409/3577
f 4217/3406/3574 4222/3404/3572 4227/3410/3578
f 4215/3411/3579 4217/3406/3574 4227/3410/3578
f 4228/3412/3580 4215/3411/3579 4227/3410/3578
f 4224/3409/3577 4231/3413/3581 4226/3414/3582
f 4231/3413/3581 4230/3415/3583 4226/3414/3582
f 4231/3413/3581 4224/3409/3577 4225/3408/3576
f 4229/3416/3584 4230/3415/3583 4232/3417/3585
f 4230/3415/3583 4231/3413/3581 4232/3417/3585
f 4233/3418/3102 4229/3416/3584 4232/3417/3585
f 4234/3419/3586 4236/3420/3587 4237/3421/3588
f 4238/3422/3589 4234/3419/3586 4237/3421/3588
f 4239/3423/3590 4236/3420/3587 4235/3424/3573
f 4236/3420/3587 4239/3423/3590 4237/3421/3588
f 4240/3425/3591 4239/3423/3590 4235/3424/3573
f 4241/3426/3592 4242/3427/3593 4240/3425/3591
f 4239/3423/3590 4240/3425/3591 4242/3427/3593
f 4242/3427/3593 4241/3426/3592 4243/3428/3594
f 4244/3429/3595 4246/3430/3596 4245/3431/3597
f 4247/3432/3598 4249/3433/3599 4248/3429/3600
f 4250/3434/3601 4251/3435/3602 4252/3436/3603
f 4251/3435/3602 4250/3434/3601 4253/3437/3604
f 4254/3434/3605 4252/3436/3606 4255/3438/3607
f 4256/3439/3608 4254/3434/3605 4255/3438/3607
f 4249/3433/3599 4247/3432/3598 4257/3440/3609
f 4246/3430/3596 4244/3429/3595 4249/3433/3610
f 4258/3441/3611 4249/3433/3599 4257/3440/3609
f 4258/3441/3611 4259/3442/3612 4249/3433/3599
f 4260/3442/3612 4246/3430/3596 4249/3433/3610
f 4260/3442/3612 4261/3443/3613 4246/3430/3596
f 4262/3444/2272 4263/3431/3028 4246/3430/3596
f 4264/3443/3613 4262/3444/2272 4246/3430/3596
f 4263/3431/3028 4262/3444/2272 4265/3445/3614
f 4262/3444/2272 4264/3443/3613 4266/3446/3615
f 4270/3447/3616 4268/3422/3617 4267/3448/3618
f 4270/3447/3616 4271/3419/2921 4268/3422/3617
f 4243/3428/3594 4274/3449/3619 4269/3450/3620
f 4274/3449/3619 4243/3428/3594 4241/3426/3592
f 4276/3451/3621 4273/3418/3102 4272/3452/3622
f 4276/3451/3621 4277/3416/2947 4273/3418/3102
f 4279/3453/3623 4278/3454/3624 4275/3455/3625
f 4278/3454/3624 4279/3453/3623 4223/3407/3575
f 4225/3408/3576 4223/3407/3575 4279/3453/3623
f 4280/3456/3626 4281/3457/3627 4282/3458/3628
f 4281/3457/3627 4280/3456/3626 4283/3459/3629
f 4284/3457/3630 4285/3460/3631 4282/3458/3632
f 4285/3460/3631 4284/3457/3630 4286/3461/3231
f 4288/3462/3633 4289/3458/3634 4287/3460/3635
f 4289/3458/3634 4288/3462/3633 4290/3463/3636
f 4291/3464/3637 4292/3458/3638 4290/3463/3639
f 4292/3458/3638 4291/3464/3637 4293/3456/3640
f 4199/3388/2295 4294/3446/3641 4295/3465/3642
f 4294/3446/3641 4199/3388/2295 4262/3444/2272
f 4199/3388/2295 4296/3445/3643 4262/3444/2272
f 4296/3445/3643 4199/3388/2295 4297/3387/3644
f 4298/3465/3642 4299/3386/3645 4199/3388/3646
f 4299/3386/3645 4298/3465/3642 4201/3391/3647
f 4300/3466/3648 4301/3467/3649 4302/3468/3650
f 4301/3467/3649 4300/3466/3648 4303/3469/3250
f 4304/3470/3651 4302/3468/3652 4305/3467/3653
f 4306/3471/3654 4304/3470/3651 4305/3467/3653
f 4307/3472/3655 4308/3473/2584 4309/3474/3656
f 4308/3473/2584 4310/3475/3657 4309/3474/3656
f 4311/3476/3658 4312/3474/3659 4310/3475/3660
f 4312/3474/3659 4311/3476/3658 4313/3477/3661
f 4315/3468/3662 4316/3477/3661 4314/3466/3663
f 4316/3477/3661 4315/3468/3662 4317/3474/3664
f 4318/3472/3665 4317/3474/3666 4319/3468/3667
f 4320/3470/3668 4318/3472/3665 4319/3468/3667
f 4196/3478/3669 4321/3479/3670 4195/3480/3671
f 4322/3481/3672 4323/3482/3673 4324/3478/2934
f 4323/3482/3673 4322/3481/3672 4325/3483/3674
f 4323/3482/3673 4325/3483/3674 4326/3484/3675
f 4326/3484/3675 4327/3485/3676 4323/3482/3673
f 4321/3479/3670 4196/3478/3669 4323/3482/3677
f 4321/3479/3670 4323/3482/3677 4328/3485/3676
f 4328/3485/3676 4329/3486/3678 4321/3479/3670
f 4330/3487/3679 4331/3480/3680 4321/3479/2295
f 4332/3486/3681 4330/3487/3679 4321/3479/2295
f 4331/3480/3680 4330/3487/3679 4333/3488/3682
f 4330/3487/3679 4332/3486/3681 4334/3489/3683
f 4336/3488/3684 4337/3490/3685 4335/3491/3482
f 4337/3490/3685 4336/3488/3684 4330/3487/3686
f 4338/3489/3687 4337/3490/3685 4330/3487/3686
f 4337/3490/3685 4338/3489/3687 4339/3492/3688
f 4340/3493/3689 4341/3494/3690 4342/3495/3691
f 4341/3494/3690 4343/3496/3692 4342/3495/3691
f 4344/3497/3693 4345/3495/3691 4343/3496/3694
f 4345/3495/3691 4344/3497/3693 4346/3498/3695
f 4347/3499/3696 4348/3500/3697 4349/3501/3698
f 4350/3502/3699 4351/3503/3700 4352/3504/3701
f 4351/3503/3700 4350/3502/3699 4353/3505/3702
f 4352/3504/3703 4354/3503/3704 4355/3506/3145
f 4356/3507/3705 4355/3506/3145 4354/3503/3704
f 4357/3508/3706 4358/3509/3707 4359/3510/3708
f 4358/3509/3707 4357/3508/3706 4360/3511/3709
f 4361/3512/3710 4357/3508/3706 4359/3510/3708
f 4361/3512/3710 4362/3500/3711 4357/3508/3706
f 4363/3496/3712 4364/3512/3713 4359/3510/3714
f 4364/3512/3713 4363/3496/3712 4365/3494/3715
f 4366/3496/3716 4359/3510/3717 4367/3509/3180
f 4367/3509/3180 4368/3497/3171 4366/3496/3716
f 4369/3500/3718 4370/3499/3719 4357/3508/3720
f 4371/3499/3721 4372/3511/3722 4357/3508/3723
f 4372/3511/3722 4371/3499/3721 4373/3513/3089
f 4374/3514/3724 4375/3513/3089 4370/3499/3725
f 4375/3513/3089 4374/3514/3724 4376/3515/3086
f 4377/3501/3698 4378/3514/3726 4370/3499/3727
f 4378/3514/3726 4377/3501/3698 4379/3516/3728
f 4380/3517/3729 4381/3515/3090 4382/3514/3730
f 4381/3515/3090 4380/3517/3729 4383/3518/3085
f 4384/3516/3728 4385/3517/3731 4382/3514/3732
f 4385/3517/3731 4384/3516/3728 4386/3519/3733
f 4387/3506/3734 4388/3437/3735 4389/3504/3736
f 4390/3434/3737 4389/3504/3736 4388/3437/3735
f 4391/3439/3738 4392/3504/3739 4390/3434/3740
f 4392/3504/3739 4391/3439/3738 4393/3502/3741
f 4394/3519/3733 4395/3520/3742 4396/3517/3743
f 4395/3520/3742 4394/3519/3733 4397/3521/3744
f 4398/3520/3745 4399/3518/3746 4396/3517/3747
f 4399/3518/3746 4398/3520/3745 4400/3522/3087
f 4401/3523/3748 4402/3522/3087 4403/3520/3749
f 4402/3522/3087 4401/3523/3748 4404/3524/3750
f 4405/3521/3751 4406/3523/3752 4403/3520/3753
f 4406/3523/3752 4405/3521/3751 4407/3525/3754
f 4408/3525/3755 4409/3526/3756 4410/3523/3757
f 4409/3526/3756 4408/3525/3755 4411/3527/3758
f 4412/3526/3759 4413/3524/3760 4410/3523/3761
f 4413/3524/3760 4412/3526/3759 4414/3528/3762
f 4415/3529/3763 4416/3528/3764 4417/3526/3765
f 4416/3528/3764 4415/3529/3763 4418/3530/3766
f 4419/3527/3767 4420/3529/3768 4417/3526/3769
f 4420/3529/3768 4419/3527/3767 4421/3531/3770
f 4422/3532/3771 4423/3531/3772 4424/3533/3773
f 4423/3531/3772 4422/3532/3771 4425/3529/3774
f 4426/3532/3775 4427/3530/3776 4425/3529/3777
f 4427/3530/3776 4426/3532/3775 4428/3534/3098
f 4429/3535/3778 4430/3534/3098 4431/3532/3779
f 4430/3534/3098 4429/3535/3778 4432/3536/3780
f 4434/3533/3781 4433/3535/3782 4431/3532/3783
f 4433/3535/3782 4434/3533/3781 4435/3537/3506
f 4436/3538/3784 4438/3539/3785 4437/3540/3786
f 4438/3539/3785 4436/3538/3784 4439/3541/3787
f 4439/3541/3787 4440/3542/3788 4438/3539/3785
f 4439/3541/3787 4441/3543/2564 4440/3542/3788
f 4442/3544/3789 4440/3542/3788 4441/3543/2564
f 4440/3542/3788 4442/3544/3789 4443/3545/3790
f 4444/3546/3791 4443/3545/3790 4442/3544/3789
f 4443/3545/3790 4444/3546/3791 4445/3547/3792
f 4448/3548/3793 4446/3549/3794 4447/3550/3795
f 4448/3548/3793 4447/3550/3795 4449/3551/3292
f 4446/3549/3794 4448/3548/3793 4450/3552/3796
f 4451/3553/3797 4448/3548/3798 4452/3551/2312
f 4453/3554/3799 4454/3555/3800 4455/3556/3801
f 4456/3557/3802 4457/3558/3803 4458/3559/3804
f 4456/3557/3802 4459/3560/3805 4460/3561/3806
f 4458/3559/3804 4461/3562/3807 4456/3557/3802
f 4459/3560/3805 4456/3557/3802 4462/3563/3808
f 4456/3557/3802 4461/3562/3807 4462/3563/3808
f 4461/3562/3807 4463/3564/3809 4462/3563/3808
f 4462/3563/3808 4463/3564/3809 4464/3565/3810
f 4463/3564/3809 4465/3566/3811 4464/3565/3810
f 4466/3567/3812 4464/3565/3810 4465/3566/3811
f 4467/3568/3813 4464/3565/3810 4466/3567/3812
f 4468/3569/3814 4469/3570/3815 4470/3571/3816
f 4471/3572/3817 4468/3569/3814 4470/3571/3816
f 4472/3573/3818 4473/3574/3819 4474/3575/3820
f 4473/3574/3821 4475/3576/3822 4476/3575/3823
f 4477/3577/3824 4478/3578/3825 4479/3579/3826
f 4478/3578/3825 4477/3577/3824 4480/3580/3827
f 4481/3581/3828 4479/3579/3826 4478/3578/3825
f 4481/3581/3828 4482/3582/3829 4479/3579/3826
f 4483/3583/3830 4484/3582/3831 4481/3581/3832
f 4485/3584/3833 4484/3582/3831 4483/3583/3830
f 4486/3585/2307 4487/3586/3647 4488/3587/3642
f 4487/3586/3647 4486/3585/2307 4489/3588/3834
f 4490/3589/3835 4489/3588/3834 4486/3585/2307
f 4489/3588/3834 4490/3589/3835 4491/3590/2765
f 4492/3585/3836 4493/3591/3837 4490/3589/3838
f 4493/3591/3837 4492/3585/3836 4494/3592/3839
f 4495/3593/3840 4496/3571/3841 4497/3594/3842
f 4496/3571/3841 4495/3593/3840 4498/3572/3843
f 4500/3588/3834 4499/3595/3844 4501/3586/3845
f 4499/3595/3844 4500/3588/3834 4502/3596/3846
f 4503/3590/2765 4502/3596/3846 4500/3588/3834
f 4502/3596/3846 4504/3597/3847 4499/3595/3844
f 4502/3596/3846 4503/3590/2765 4505/3598/3848
f 4505/3598/3848 4506/3599/3849 4502/3596/3846
f 4504/3597/3847 4502/3596/3846 4506/3599/3849
f 4506/3599/3849 4505/3598/3848 4507/3600/3850
f 4506/3599/3849 4508/3601/3851 4504/3597/3847
f 4508/3601/3851 4506/3599/3849 4509/3602/3852
f 4507/3600/3850 4509/3602/3852 4506/3599/3849
f 4509/3602/3852 4507/3600/3850 4510/3603/3853
f 4513/3604/2307 4512/3605/3854 4511/3606/3855
f 4513/3604/2307 4514/3607/3856 4512/3605/3854
f 4518/3608/2307 4516/3609/3857 4515/3610/3858
f 4514/3607/3856 4518/3608/2307 4515/3610/3858
f 4519/3611/3859 4518/3608/2307 4514/3607/3856
f 4514/3607/3856 4513/3604/2307 4519/3611/3859
f 4513/3604/2307 4520/3612/3860 4519/3611/3859
f 4520/3612/3860 4518/3608/2307 4519/3611/3859
f 4513/3604/2307 4521/3613/3861 4520/3612/3860
f 4518/3608/2307 4520/3612/3860 4522/3614/3862
f 4522/3614/3862 4523/3615/3863 4518/3608/2307
f 4518/3608/2307 4523/3615/3863 4524/3616/3864
f 4516/3609/3857 4518/3608/2307 4524/3616/3864
f 4524/3616/3864 4517/3617/3865 4516/3609/3857
f 4523/3615/3863 4525/3618/3866 4524/3616/3864
f 4517/3617/3865 4524/3616/3864 4525/3618/3866
f 4525/3618/3866 4523/3615/3863 4526/3619/3867
f 4526/3619/3867 4527/3620/3868 4525/3618/3866
f 4525/3618/3866 4527/3620/3868 4517/3617/3865
f 4527/3620/3868 4526/3619/3867 4528/3621/3869
f 4527/3620/3868 4528/3621/3869 4529/3622/3870
f 4517/3617/3865 4527/3620/3868 4530/3623/3359
f 4527/3620/3868 4529/3622/3870 4531/3624/3871
f 4529/3622/3870 4532/3625/2766 4531/3624/3871
f 4531/3624/3871 4532/3625/2766 4534/3626/3872
f 4531/3624/3871 4534/3626/3872 4533/3627/3873
f 4533/3627/3873 4534/3626/3872 4536/3628/3874
f 4536/3628/3874 4534/3626/3872 4535/3629/3875
f 4536/3628/3874 4535/3629/3875 4537/3630/3876
f 4539/3594/3877 4540/3631/3878 4541/3593/3879
f 4540/3631/3878 4539/3594/3877 4542/3632/3880
f 4543/3633/3881 4544/3570/3882 4545/3634/3883
f 4546/3569/3884 4545/3634/3883 4544/3570/3882
f 4538/3635/3885 4548/3636/3886 4547/3637/3887
f 4551/3638/3888 4550/3639/3889 4549/3640/3890
f 4550/3639/3889 4551/3638/3888 4552/3641/3888
f 4553/3642/3891 4554/3633/3892 4555/3634/3883
f 4556/3643/3893 4554/3633/3892 4553/3642/3891
f 4557/3644/3894 4558/3643/3895 4559/3642/3896
f 4560/3645/3897 4558/3643/3895 4557/3644/3894
f 4561/3646/3898 4562/3647/3899 4563/3648/2709
f 4563/3648/2709 4562/3647/3899 4564/3649/3900
f 4565/3649/3901 4566/3645/3902 4567/3644/3903
f 4568/3647/3904 4569/3645/3902 4570/3649/3901
f 4571/3650/3905 4572/3584/3906 4573/3651/3907
f 4573/3651/3907 4572/3584/3906 4574/3583/3908
f 4575/3580/3909 4576/3652/3910 4577/3653/3911
f 4576/3652/3910 4575/3580/3909 4578/3577/3912
f 4580/3654/3913 4581/3655/3914 4582/3656/3915
f 4582/3656/3915 4581/3655/3914 4583/3657/3916
f 4584/3658/3917 4585/3652/3918 4586/3659/3919
f 4585/3652/3918 4584/3658/3917 4587/3653/3920
f 4588/3640/3921 4589/3660/3922 4590/3638/3923
f 4589/3660/3922 4588/3640/3921 4591/3661/3924
f 4592/3655/3925 4593/3662/2464 4594/3657/3916
f 4595/3663/3926 4594/3657/3916 4593/3662/2464
f 4596/3664/3927 4594/3657/3916 4595/3663/3926
f 4597/3665/3928 4598/3666/2492 4599/3667/3929
f 4598/3666/2492 4597/3665/3928 4600/3668/3930
f 4601/3571/3931 4602/3570/3932 4603/3659/3933
f 4602/3570/3932 4604/3658/3934 4603/3659/3933
f 4605/3669/3935 4606/3670/3936 4607/3671/3937
f 4610/3672/3938 4608/3670/3401 4609/3673/3939
f 4611/3666/2531 4612/3674/3940 4613/3667/3941
f 4614/3675/3728 4615/3676/3942 4616/3646/3943
f 4616/3646/3943 4615/3676/3942 4617/3647/3944
f 4618/3646/3945 4619/3677/3733 4614/3675/3728
f 4619/3677/3733 4618/3646/3945 4620/3678/3946
f 4621/3648/3947 4620/3678/3946 4618/3646/3945
f 4620/3678/3946 4622/3679/3744 4619/3677/3733
f 4620/3678/3946 4621/3648/3947 4623/3680/3948
f 4622/3679/3744 4620/3678/3946 4624/3681/2307
f 4623/3680/3948 4624/3681/2307 4620/3678/3946
f 4624/3681/2307 4625/3682/3949 4622/3679/3744
f 4624/3681/2307 4623/3680/3948 4626/3683/3950
f 4625/3682/3949 4624/3681/2307 4627/3684/2307
f 4626/3683/3950 4627/3684/2307 4624/3681/2307
f 4627/3684/2307 4628/3685/3951 4625/3682/3949
f 4627/3684/2307 4626/3683/3950 4629/3686/3952
f 4628/3685/3951 4627/3684/2307 4630/3687/2307
f 4629/3686/3952 4630/3687/2307 4627/3684/2307
f 4630/3687/2307 4631/3688/3953 4628/3685/3951
f 4630/3687/2307 4629/3686/3952 4632/3689/2624
f 4631/3688/3953 4630/3687/2307 4633/3690/2307
f 4632/3689/2624 4633/3690/2307 4630/3687/2307
f 4633/3690/2307 4634/3691/3954 4631/3688/3953
f 4633/3690/2307 4632/3689/2624 4635/3692/2621
f 4634/3691/3954 4633/3690/2307 4636/3693/3955
f 4635/3692/2621 4636/3693/3955 4633/3690/2307
f 4636/3693/3955 4637/3694/3506 4634/3691/3954
f 4636/3693/3955 4635/3692/2621 4638/3695/3956
f 4637/3694/3506 4636/3693/3955 4639/3696/3623
f 4638/3695/3956 4639/3696/3623 4636/3693/3955
f 4639/3696/3623 4640/3697/3504 4637/3694/3506
f 4639/3696/3623 4638/3695/3956 4641/3698/3957
f 4640/3697/3504 4639/3696/3623 4642/3699/3958
f 4641/3698/3957 4642/3699/3958 4639/3696/3623
f 4642/3699/3958 4643/3700/3959 4640/3697/3504
f 4642/3699/3958 4641/3698/3957 4644/3701/3960
f 4643/3700/3959 4642/3699/3958 4645/3702/3961
f 4644/3701/3960 4645/3702/3961 4642/3699/3958
f 4645/3702/3961 4646/3703/3962 4643/3700/3959
f 4645/3702/3961 4644/3701/3960 4647/3704/2341
f 4646/3703/3962 4645/3702/3961 4648/3705/3963
f 4647/3704/2341 4648/3705/3963 4645/3702/3961
f 4648/3705/3963 4649/3706/3964 4646/3703/3962
f 4648/3705/3963 4647/3704/2341 4650/3707/3965
f 4649/3706/3964 4648/3705/3963 4651/3708/3966
f 4650/3707/3965 4651/3708/3966 4648/3705/3963
f 4651/3708/3966 4652/3709/3967 4649/3706/3964
f 4651/3708/3966 4650/3707/3965 4653/3710/3968
f 4652/3709/3967 4651/3708/3966 4654/3556/3969
f 4653/3710/3968 4655/3711/3970 4651/3708/3966
f 4654/3556/3969 4651/3708/3966 4655/3711/3970
f 4656/3712/3971 4657/3672/3938 4658/3713/3972
f 4658/3713/3972 4657/3672/3938 4659/3673/3939
f 4660/3667/3973 4661/3714/3974 4662/3715/3975
f 4663/3716/3976 4662/3715/3975 4661/3714/3974
f 4664/3714/3977 4660/3667/3978 4665/3674/3940
f 4666/3674/3979 4667/3717/2504 4668/3714/3980
f 4669/3712/3981 4668/3714/3980 4667/3717/2504
f 4670/3714/3982 4671/3712/3971 4672/3716/3983
f 4673/3713/3984 4672/3716/3983 4671/3712/3971
f 4674/3718/3715 4675/3570/3985 4676/3633/3986
f 4675/3570/3985 4674/3718/3715 4677/3658/3987
f 4678/3719/3988 4679/3720/3989 4680/3672/3990
f 4681/3671/3991 4680/3672/3990 4679/3720/3989
f 4682/3670/3401 4680/3672/3990 4681/3671/3991
f 4683/3717/3992 4684/3719/3993 4685/3712/3994
f 4686/3672/3995 4685/3712/3994 4684/3719/3993
f 4687/3721/3996 4689/3722/2307 4688/3723/3612
f 4689/3722/2307 4687/3721/3996 4690/3724/3997
f 4690/3724/3997 4691/3725/2791 4689/3722/2307
f 4691/3725/2791 4690/3724/3997 4692/3726/3998
f 4693/3723/3999 4695/3727/4000 4694/3728/4001
f 4695/3727/4000 4693/3723/3999 4696/3722/4002
f 4696/3722/4002 4697/3729/4003 4695/3727/4000
f 4697/3729/4003 4696/3722/4002 4698/3725/2791
f 4701/3727/4004 4700/3730/3641 4699/3728/3613
f 4700/3730/3641 4701/3727/4004 4702/3592/4004
f 4703/3729/4005 4704/3592/4006 4701/3727/4007
f 4704/3592/4006 4703/3729/4005 4705/3591/4008
f 4706/3594/4009 4707/3571/4010 4708/3731/4011
f 4707/3571/4010 4709/3659/4012 4708/3731/4011
f 4711/3732/3432 4710/3733/4013 4712/3734/4014
f 4711/3732/3432 4712/3734/4014 4713/3665/4015
f 4714/3665/4016 4712/3734/4017 4715/3735/2533
f 4714/3665/4016 4715/3735/2533 4716/3668/4018
f 4718/3732/3427 4719/3667/4019 4717/3715/4020
f 4719/3667/4019 4718/3732/3427 4720/3665/4021
f 4721/3658/4022 4722/3736/4023 4723/3653/4024
f 4724/3736/4025 4725/3658/4026 4726/3718/3715
f 4727/3737/4027 4728/3656/4028 4729/3657/4029
f 4730/3738/4030 4731/3653/4024 4732/3736/4031
f 4733/3653/4032 4734/3738/4033 4735/3580/4034
f 4736/3739/4035 4737/3633/4036 4738/3643/4037
f 4737/3633/4036 4736/3739/4035 4739/3718/3715
f 4740/3645/4037 4741/3739/3713 4738/3643/4037
f 4742/3740/3718 4741/3739/3713 4740/3645/4037
f 4743/3741/4038 4744/3656/4039 4745/3742/4040
f 4746/3743/4041 4744/3656/4039 4743/3741/4038
f 4746/3743/4041 4747/3654/4042 4744/3656/4039
f 4748/3744/4043 4747/3654/4042 4746/3743/4041
f 4746/3743/4041 4749/3603/4044 4748/3744/4043
f 4749/3603/4044 4746/3743/4041 4750/3602/4045
f 4743/3741/4038 4750/3602/4045 4746/3743/4041
f 4750/3602/4045 4743/3741/4038 4579/3601/3380
f 4751/3583/4046 4752/3581/4047 4753/3745/4048
f 4753/3745/4048 4752/3581/4047 4754/3746/4049
f 4755/3632/4050 4756/3594/4009 4757/3747/3738
f 4756/3594/4009 4758/3731/4051 4757/3747/3738
f 4759/3676/4052 4760/3740/4053 4761/3647/3944
f 4762/3647/3944 4763/3740/4054 4764/3645/4037
f 4548/3636/3886 4766/3748/2818 4765/3749/2818
f 4766/3748/2818 4548/3636/3886 4767/3750/4055
f 4538/3635/3885 4767/3750/4055 4548/3636/3886
f 4768/3751/4056 4769/3563/4057 4770/3565/4058
f 4771/3657/4059 4772/3664/3927 4773/3737/4027
f 4777/3752/4060 4774/3753/4061 4775/3754/4062
f 4777/3752/4060 4775/3754/4062 4776/3755/4063
f 4774/3753/4061 4777/3752/4060 4778/3756/4064
f 4777/3752/4060 4776/3755/4063 4779/3757/4065
f 4513/3604/2307 4776/3755/4063 4521/3613/3861
f 4776/3755/4063 4513/3604/2307 4779/3757/4065
f 4781/3758/4066 4778/3756/4064 4777/3752/4060
f 4778/3756/4064 4781/3758/4066 4780/3759/4067
f 4511/3606/3855 4777/3752/4060 4779/3757/4065
f 4777/3752/4060 4511/3606/3855 4781/3758/4066
f 4511/3606/3855 4779/3757/4065 4513/3604/2307
f 4783/3641/4068 4782/3760/4069 4784/3761/4070
f 4782/3760/4069 4783/3641/4068 4785/3638/4071
f 4786/3638/4071 4787/3762/4072 4782/3760/4073
f 4787/3762/4072 4786/3638/4071 4788/3660/4074
f 4790/3656/4075 4791/3737/4027 4789/3742/4076
f 4794/3663/4077 4793/3763/4078 4792/3764/4079
f 4792/3764/4079 4795/3664/4080 4794/3663/4077
f 4797/3592/4081 4796/3587/4082 4798/3730/3615
f 4796/3587/4082 4797/3592/4081 4799/3585/4083
f 4800/3765/4084 4801/3766/4085 4802/3767/3491
f 4803/3768/4086 4804/3769/4087 4800/3765/4084
f 4801/3766/4085 4800/3765/4084 4804/3769/4087
f 4804/3769/4087 4803/3768/4086 4805/3770/2429
f 4804/3769/4087 4806/3771/3976 4801/3766/4085
f 4805/3770/2429 4807/3772/4088 4804/3769/4087
f 4806/3771/3976 4804/3769/4087 4807/3772/4088
f 4807/3772/4088 4805/3770/2429 4457/3558/3803
f 4807/3772/4088 4460/3561/3806 4806/3771/3976
f 4457/3558/3803 4456/3557/3802 4807/3772/4088
f 4460/3561/3806 4807/3772/4088 4456/3557/3802
f 4808/3738/4089 4809/3578/4090 4810/3580/4091
f 4809/3578/4090 4808/3738/4089 4811/3773/4092
f 4811/3773/4092 4812/3581/4047 4809/3578/4090
f 4812/3581/4047 4811/3773/4092 4813/3746/4093
f 4816/3565/4058 4814/3568/4094 4815/3751/4095
f 4818/3774/3654 4819/3583/4096 4817/3745/4097
f 4820/3651/4098 4819/3583/4096 4818/3774/3654
f 4823/3775/4099 4822/3776/4100 4824/3777/2307
f 4824/3777/2307 4825/3778/4101 4823/3775/4099
f 4825/3778/4101 4824/3777/2307 4826/3779/4102
f 4826/3779/4102 4827/3780/4103 4825/3778/4101
f 4828/3776/4104 4821/3781/4105 4829/3782/4106
f 4829/3782/4106 4830/3777/2307 4828/3776/4104
f 4830/3777/2307 4829/3782/4106 4831/3783/4107
f 4831/3783/4107 4832/3779/2852 4830/3777/2307
f 4835/3778/4108 4834/3784/3687 4833/3775/4109
f 4834/3784/3687 4835/3778/4108 4836/3785/4110
f 4837/3780/2746 4838/3785/4111 4835/3778/4112
f 4838/3785/4111 4837/3780/2746 4839/3786/2866
f 4840/3786/4113 4841/3787/4114 4838/3785/4111
f 4841/3787/4114 4840/3786/4113 4842/3788/4115
f 4845/3785/4021 4844/3789/4116 4843/3784/4117
f 4844/3789/4116 4845/3785/4021 4846/3787/4118
f 4849/3787/4119 4848/3790/3484 4847/3789/3688
f 4848/3790/3484 4849/3787/4119 4850/3791/4000
f 4842/3788/2715 4850/3791/4000 4849/3787/4119
f 4850/3791/4000 4802/3767/3491 4848/3790/3484
f 4850/3791/4000 4842/3788/2715 4851/3792/2432
f 4851/3792/2432 4800/3765/4084 4850/3791/4000
f 4802/3767/3491 4850/3791/4000 4800/3765/4084
f 4800/3765/4084 4851/3792/2432 4803/3768/4086
f 4853/3563/4120 4854/3751/4121 4852/3560/4122
f 4855/3793/4123 4856/3568/4124 4857/3567/4125
f 4857/3567/4125 4858/3794/4126 4855/3793/4123
f 4859/3555/3277 4860/3795/4127 4861/3556/4128
f 4862/3709/4129 4861/3556/4128 4860/3795/4127
f 4863/3796/4130 4864/3797/4131 4865/3798/4132
f 4864/3797/4131 4863/3796/4130 4866/3552/4133
f 4868/3799/4134 4863/3796/4135 4867/3800/4136
f 4863/3796/4135 4868/3799/4134 4869/3801/4137
f 4872/3802/4138 4870/2768/4139 4871/3803/4140
f 4870/2768/4139 4872/3802/4138 4873/2770/4141
f 4873/2770/4141 4872/3802/4138 4874/2771/4142
f 4875/3804/4143 4874/2771/4142 4872/3802/4138
f 4872/3802/4138 4876/3805/2506 4875/3804/4143
f 4871/3803/4140 4876/3805/2506 4872/3802/4138
f 4877/3806/4144 4875/3804/4143 4876/3805/2506
f 4876/3805/2506 4878/3807/4145 4877/3806/4144
f 4876/3805/2506 4871/3803/4140 4879/3808/4146
f 4878/3807/4145 4876/3805/2506 4881/3809/4147
f 4881/3809/4147 4880/3810/4148 4878/3807/4145
f 4879/3808/4146 4882/3811/4149 4876/3805/2506
f 4881/3809/4147 4876/3805/2506 4882/3811/4149
f 4880/3810/4148 4881/3809/4147 4884/3812/4150
f 4884/3812/4150 4883/3813/4151 4880/3810/4148
f 4882/3811/4149 4885/3814/4152 4881/3809/4147
f 4884/3812/4150 4881/3809/4147 4885/3814/4152
f 4885/3814/4152 4886/3815/4153 4884/3812/4150
f 4887/3816/4154 4884/3812/4150 4886/3815/4153
f 4883/3813/4151 4884/3812/4150 4887/3816/4154
f 4887/3816/4154 4888/3817/4155 4883/3813/4151
f 4886/3815/4153 4889/3818/4156 4887/3816/4154
f 4888/3817/4155 4887/3816/4154 4891/3819/4157
f 4891/3819/4157 4887/3816/4154 4889/3818/4156
f 4891/3819/4157 4890/3820/4158 4888/3817/4155
f 4890/3820/4158 4891/3819/4157 4892/3821/4159
f 4889/3818/4156 4893/3822/4160 4891/3819/4157
f 4892/3821/4159 4891/3819/4157 4893/3822/4160
f 4892/3821/4159 4894/3823/4161 4890/3820/4158
f 4893/3822/4160 4894/3823/4161 4892/3821/4159
f 4895/3824/4162 4890/3820/4158 4894/3823/4161
f 4894/3823/4161 4893/3822/4160 4896/3825/4163
f 4898/3826/4164 4899/3827/4165 4897/3828/4166
f 4901/3829/4167 4898/3826/4164 4900/3830/4168
f 4899/3827/4165 4898/3826/4164 4902/3831/4169
f 4898/3826/4164 4901/3829/4167 4902/3831/4169
f 4902/3831/4169 4903/3832/4170 4899/3827/4165
f 4904/3833/4171 4902/3831/4169 4901/3829/4167
f 4903/3832/4170 4902/3831/4169 4905/3834/2255
f 4902/3831/4169 4904/3833/4171 4905/3834/2255
f 4905/3834/2255 4906/3835/4172 4903/3832/4170
f 4907/3836/4173 4905/3834/2255 4904/3833/4171
f 4906/3835/4172 4905/3834/2255 4908/3837/4174
f 4905/3834/2255 4907/3836/4173 4908/3837/4174
f 4908/3837/4174 4909/3838/4175 4906/3835/4172
f 4910/3839/4176 4908/3837/4174 4907/3836/4173
f 4908/3837/4174 4910/3839/4176 4912/3840/4177
f 4909/3838/4175 4908/3837/4174 4912/3840/4177
f 4911/3841/4178 4912/3840/4177 4910/3839/4176
f 4912/3840/4177 4913/3842/4179 4909/3838/4175
f 4912/3840/4177 4911/3841/4178 4914/3843/4180
f 4913/3842/4179 4912/3840/4177 4914/3843/4180
f 4911/3841/4178 4915/3844/4181 4914/3843/4180
f 4915/3844/4181 4913/3842/4179 4914/3843/4180
f 4915/3844/4181 4911/3841/4178 4916/3845/4182
f 4916/3845/4182 4917/3846/4183 4915/3844/4181
f 4913/3842/4179 4915/3844/4181 4918/3847/4184
f 4917/3846/4183 4918/3847/4184 4915/3844/4181
f 4918/3847/4184 4917/3846/4183 4919/3848/4185
f 4917/3846/4183 4916/3845/4182 4920/3849/4186
f 4922/3850/4187 4923/3851/4188 4921/3852/4189
f 4923/3851/4188 4922/3850/4187 4924/3853/4088
f 4924/3853/4088 4925/3854/4190 4923/3851/4188
f 4925/3854/4190 4924/3853/4088 4926/3855/4191
f 4926/3855/4191 4927/3856/4192 4925/3854/4190
f 4927/3856/4192 4926/3855/4191 4928/3857/4193
f 4928/3857/4193 4929/3858/4194 4927/3856/4192
f 4929/3858/4194 4928/3857/4193 4930/3859/4195
f 4930/3859/4195 4931/3860/4196 4929/3858/4194
f 4933/3799/4197 4934/3861/4198 4935/3862/4199
f 4934/3861/4198 4933/3799/4197 4936/3800/4200
f 4936/3800/4200 4932/3863/4201 4934/3861/4198
f 4932/3863/4201 4936/3800/4200 4937/3864/4202
f 4934/3861/4198 4938/3865/4203 4935/3862/4199
f 4938/3865/4203 4934/3861/4198 4940/3866/4204
f 4940/3866/4204 4939/3867/4205 4938/3865/4203
f 4932/3863/4201 4940/3866/4204 4934/3861/4198
f 4939/3867/4205 4940/3866/4204 4930/3859/4195
f 4930/3859/4195 4941/3868/4206 4939/3867/4205
f 4931/3860/4196 4930/3859/4195 4940/3866/4204
f 4940/3866/4204 4932/3863/4201 4931/3860/4196
f 4941/3868/4206 4930/3859/4195 4928/3857/4193
f 4928/3857/4193 4942/3869/4207 4941/3868/4206
f 4942/3869/4207 4928/3857/4193 4926/3855/4191
f 4926/3855/4191 4943/3870/4208 4942/3869/4207
f 4924/3853/4088 4944/3871/4209 4943/3870/4208
f 4943/3870/4208 4926/3855/4191 4924/3853/4088
f 4944/3871/4209 4924/3853/4088 4922/3850/4187
f 4945/3216/4142 4946/3070/4210 4947/3071/3005
f 4946/3070/4210 4945/3216/4142 4948/3872/4211
f 4948/3872/4211 4949/3873/4212 4946/3070/4210
f 4946/3070/4210 4949/3873/4212 4950/3068/4213
f 4949/3873/4212 4951/3874/4214 4950/3068/4213
f 4952/3066/4215 4950/3068/4213 4951/3874/4214
f 4951/3874/4214 4953/3875/4216 4952/3066/4215
f 4954/3064/4217 4952/3066/4215 4953/3875/4216
f 4953/3875/4216 4955/3876/4218 4954/3064/4217
f 4956/3062/4219 4954/3064/4217 4955/3876/4218
f 4955/3876/4218 4957/3877/4220 4956/3062/4219
f 4958/3060/4221 4956/3062/4219 4957/3877/4220
f 4957/3877/4220 4959/3878/4222 4958/3060/4221
f 4960/3059/4223 4958/3060/4221 4959/3878/4222
